--SOCIO
INSERT INTO SOCIO (ID_SOCIO,NOMBRE,AP_PATERNO,AP_MATERNO,EMAIL,EDAD,SEXO,TELEFONO,FECHA_INGRESO,PERSONA_CONTACTO,PUNTOS) VALUES (1,'Uriah','Delaney','Lester','turpis.Nulla.aliquet@senectuset.ca',41,'MASCULINO','0950987944','04-09-16','Hasad',393);
INSERT INTO SOCIO (ID_SOCIO,NOMBRE,AP_PATERNO,AP_MATERNO,EMAIL,EDAD,SEXO,TELEFONO,FECHA_INGRESO,PERSONA_CONTACTO,PUNTOS) VALUES (2,'Burton','Stuart','Mcdaniel','elit@mollisDuis.org',33,'FEMENINO','7140134915','18-10-12','Mohammad',435);
INSERT INTO SOCIO (ID_SOCIO,NOMBRE,AP_PATERNO,AP_MATERNO,EMAIL,EDAD,SEXO,TELEFONO,FECHA_INGRESO,PERSONA_CONTACTO,PUNTOS) VALUES (3,'Maxwell','Knox','Townsend','aliquet@semmagna.net',32,'MASCULINO','4765593756','14-11-11','Jermaine',765);
INSERT INTO SOCIO (ID_SOCIO,NOMBRE,AP_PATERNO,AP_MATERNO,EMAIL,EDAD,SEXO,TELEFONO,FECHA_INGRESO,PERSONA_CONTACTO,PUNTOS) VALUES (4,'Stephanie','Simmons','Mcmahon','pede@blanditcongue.co.uk',52,'FEMENINO','3352138115','25-09-17','Garrett',879);
INSERT INTO SOCIO (ID_SOCIO,NOMBRE,AP_PATERNO,AP_MATERNO,EMAIL,EDAD,SEXO,TELEFONO,FECHA_INGRESO,PERSONA_CONTACTO,PUNTOS) VALUES (5,'Ignacia','Davidson','Bean','ipsum.Curabitur@nisiaodio.org',82,'MASCULINO','2567751301','23-10-10','Quinn',867);
INSERT INTO SOCIO (ID_SOCIO,NOMBRE,AP_PATERNO,AP_MATERNO,EMAIL,EDAD,SEXO,TELEFONO,FECHA_INGRESO,PERSONA_CONTACTO,PUNTOS) VALUES (6,'Tana','Patton','Williams','nascetur.ridiculus.mus@posuerecubilia.net',15,'FEMENINO','1768540839','23-07-12','Tucker',349);
INSERT INTO SOCIO (ID_SOCIO,NOMBRE,AP_PATERNO,AP_MATERNO,EMAIL,EDAD,SEXO,TELEFONO,FECHA_INGRESO,PERSONA_CONTACTO,PUNTOS) VALUES (7,'August','Davis','Lester','Vestibulum.ut@congueturpisIn.org',71,'MASCULINO','6874966185','23-01-16','Josiah',531);
INSERT INTO SOCIO (ID_SOCIO,NOMBRE,AP_PATERNO,AP_MATERNO,EMAIL,EDAD,SEXO,TELEFONO,FECHA_INGRESO,PERSONA_CONTACTO,PUNTOS) VALUES (8,'Derek','Shaw','Coffey','at@vulputatevelit.edu',31,'FEMENINO','2448376897','19-05-13','Alexandra',469);
INSERT INTO SOCIO (ID_SOCIO,NOMBRE,AP_PATERNO,AP_MATERNO,EMAIL,EDAD,SEXO,TELEFONO,FECHA_INGRESO,PERSONA_CONTACTO,PUNTOS) VALUES (9,'Inga','Carrillo','Noel','vitae.aliquet@Nuncmaurissapien.org',30,'MASCULINO','9943290728','25-03-16','Yeo',153);
INSERT INTO SOCIO (ID_SOCIO,NOMBRE,AP_PATERNO,AP_MATERNO,EMAIL,EDAD,SEXO,TELEFONO,FECHA_INGRESO,PERSONA_CONTACTO,PUNTOS) VALUES (10,'Keegan','Lynn','Frost','sem.ut@tempusmauriserat.ca',70,'FEMENINO','0852340598','10-11-10','Brent',479);
INSERT INTO SOCIO (ID_SOCIO,NOMBRE,AP_PATERNO,AP_MATERNO,EMAIL,EDAD,SEXO,TELEFONO,FECHA_INGRESO,PERSONA_CONTACTO,PUNTOS) VALUES (11,'Caesar','Fleming','Mack','non.feugiat@vestibulumMaurismagna.edu',20,'MASCULINO','5294415360','13-09-14','Xyla',409);
INSERT INTO SOCIO (ID_SOCIO,NOMBRE,AP_PATERNO,AP_MATERNO,EMAIL,EDAD,SEXO,TELEFONO,FECHA_INGRESO,PERSONA_CONTACTO,PUNTOS) VALUES (12,'Meghan','Frazier','Frank','velit.Sed@dolor.edu',69,'FEMENINO','8939325981','22-08-13','Giacomo',570);
INSERT INTO SOCIO (ID_SOCIO,NOMBRE,AP_PATERNO,AP_MATERNO,EMAIL,EDAD,SEXO,TELEFONO,FECHA_INGRESO,PERSONA_CONTACTO,PUNTOS) VALUES (13,'Kane','Woods','Page','sem.egestas@neceuismod.net',22,'MASCULINO','5000082203','10-07-15','Arthur',297);
INSERT INTO SOCIO (ID_SOCIO,NOMBRE,AP_PATERNO,AP_MATERNO,EMAIL,EDAD,SEXO,TELEFONO,FECHA_INGRESO,PERSONA_CONTACTO,PUNTOS) VALUES (14,'Cheryl','Cohen','Bright','sociis.natoque.penatibus@dictumeu.net',95,'FEMENINO','8456088996','21-01-12','Holmes',267);
INSERT INTO SOCIO (ID_SOCIO,NOMBRE,AP_PATERNO,AP_MATERNO,EMAIL,EDAD,SEXO,TELEFONO,FECHA_INGRESO,PERSONA_CONTACTO,PUNTOS) VALUES (15,'Marshall','Marsh','Hodge','consectetuer.adipiscing.elit@Cumsociis.co.uk',53,'MASCULINO','5981375648','30-07-10','Macaulay',368);
INSERT INTO SOCIO (ID_SOCIO,NOMBRE,AP_PATERNO,AP_MATERNO,EMAIL,EDAD,SEXO,TELEFONO,FECHA_INGRESO,PERSONA_CONTACTO,PUNTOS) VALUES (16,'Tatum','Hart','Campbell','mus.Donec@Donecvitaeerat.com',22,'FEMENINO','3669379606','01-02-12','Charissa',65);
INSERT INTO SOCIO (ID_SOCIO,NOMBRE,AP_PATERNO,AP_MATERNO,EMAIL,EDAD,SEXO,TELEFONO,FECHA_INGRESO,PERSONA_CONTACTO,PUNTOS) VALUES (17,'May','Stephenson','Horne','elit@pharetranibh.net',42,'MASCULINO','9498986566','05-11-10','Martena',681);
INSERT INTO SOCIO (ID_SOCIO,NOMBRE,AP_PATERNO,AP_MATERNO,EMAIL,EDAD,SEXO,TELEFONO,FECHA_INGRESO,PERSONA_CONTACTO,PUNTOS) VALUES (18,'Jamalia','Riddle','Barr','Proin.eget@id.org',57,'FEMENINO','8242498261','01-06-14','Jermaine',807);
INSERT INTO SOCIO (ID_SOCIO,NOMBRE,AP_PATERNO,AP_MATERNO,EMAIL,EDAD,SEXO,TELEFONO,FECHA_INGRESO,PERSONA_CONTACTO,PUNTOS) VALUES (19,'Mufutau','Emerson','Walton','Quisque@ultricies.co.uk',36,'MASCULINO','9452500940','15-02-10','Kasimir',511);
INSERT INTO SOCIO (ID_SOCIO,NOMBRE,AP_PATERNO,AP_MATERNO,EMAIL,EDAD,SEXO,TELEFONO,FECHA_INGRESO,PERSONA_CONTACTO,PUNTOS) VALUES (20,'Oren','Anthony','Hardin','Aliquam.tincidunt@pellentesquetellussem.ca',52,'FEMENINO','7007742454','10-01-13','Paul',219);
INSERT INTO SOCIO (ID_SOCIO,NOMBRE,AP_PATERNO,AP_MATERNO,EMAIL,EDAD,SEXO,TELEFONO,FECHA_INGRESO,PERSONA_CONTACTO,PUNTOS) VALUES (21,'Hamish','Frost','Atkinson','Curae@malesuada.net',41,'MASCULINO','3556358062','05-10-13','James',328);
INSERT INTO SOCIO (ID_SOCIO,NOMBRE,AP_PATERNO,AP_MATERNO,EMAIL,EDAD,SEXO,TELEFONO,FECHA_INGRESO,PERSONA_CONTACTO,PUNTOS) VALUES (22,'Deborah','Mcneil','Michael','ipsum.non@CurabiturmassaVestibulum.ca',24,'FEMENINO','7076301841','21-02-16','Nell',74);
INSERT INTO SOCIO (ID_SOCIO,NOMBRE,AP_PATERNO,AP_MATERNO,EMAIL,EDAD,SEXO,TELEFONO,FECHA_INGRESO,PERSONA_CONTACTO,PUNTOS) VALUES (23,'Calista','Dillard','Bean','lorem@velpedeblandit.net',54,'MASCULINO','7071415754','09-03-11','Ruth',864);
INSERT INTO SOCIO (ID_SOCIO,NOMBRE,AP_PATERNO,AP_MATERNO,EMAIL,EDAD,SEXO,TELEFONO,FECHA_INGRESO,PERSONA_CONTACTO,PUNTOS) VALUES (24,'Ruth','Hart','Malone','dolor.Quisque.tincidunt@a.edu',74,'FEMENINO','0392447474','06-09-15','Knox',675);
INSERT INTO SOCIO (ID_SOCIO,NOMBRE,AP_PATERNO,AP_MATERNO,EMAIL,EDAD,SEXO,TELEFONO,FECHA_INGRESO,PERSONA_CONTACTO,PUNTOS) VALUES (25,'Gray','White','Chase','dui.Cras@aliquetlobortisnisi.ca',71,'MASCULINO','4711943078','20-02-10','Renee',493);
INSERT INTO SOCIO (ID_SOCIO,NOMBRE,AP_PATERNO,AP_MATERNO,EMAIL,EDAD,SEXO,TELEFONO,FECHA_INGRESO,PERSONA_CONTACTO,PUNTOS) VALUES (26,'Jeanette','Holman','Foster','ac.risus@vestibulummassarutrum.com',75,'FEMENINO','6142137645','20-10-15','Leslie',950);
INSERT INTO SOCIO (ID_SOCIO,NOMBRE,AP_PATERNO,AP_MATERNO,EMAIL,EDAD,SEXO,TELEFONO,FECHA_INGRESO,PERSONA_CONTACTO,PUNTOS) VALUES (27,'Mari','Lynch','Cleveland','viverra.Donec.tempus@Nullam.ca',47,'MASCULINO','2424362220','11-03-14','Kellie',234);
INSERT INTO SOCIO (ID_SOCIO,NOMBRE,AP_PATERNO,AP_MATERNO,EMAIL,EDAD,SEXO,TELEFONO,FECHA_INGRESO,PERSONA_CONTACTO,PUNTOS) VALUES (28,'Ishmael','Dixon','Bowman','pede.Cras.vulputate@nonenimcommodo.edu',79,'FEMENINO','9901314442','30-09-17','Abraham',795);
INSERT INTO SOCIO (ID_SOCIO,NOMBRE,AP_PATERNO,AP_MATERNO,EMAIL,EDAD,SEXO,TELEFONO,FECHA_INGRESO,PERSONA_CONTACTO,PUNTOS) VALUES (29,'Evan','Golden','Fulton','ornare@Uttinciduntvehicula.com',63,'MASCULINO','3195028426','01-10-11','Lesley',768);
INSERT INTO SOCIO (ID_SOCIO,NOMBRE,AP_PATERNO,AP_MATERNO,EMAIL,EDAD,SEXO,TELEFONO,FECHA_INGRESO,PERSONA_CONTACTO,PUNTOS) VALUES (30,'Melissa','Black','Carlson','porta@enimgravidasit.net',52,'FEMENINO','8584862923','01-05-12','Rajah',734);
INSERT INTO SOCIO (ID_SOCIO,NOMBRE,AP_PATERNO,AP_MATERNO,EMAIL,EDAD,SEXO,TELEFONO,FECHA_INGRESO,PERSONA_CONTACTO,PUNTOS) VALUES (31,'Reuben','Holmes','Kirkland','parturient@Nunclectuspede.net',25,'MASCULINO','7666683622','04-07-13','Cheryl',322);
INSERT INTO SOCIO (ID_SOCIO,NOMBRE,AP_PATERNO,AP_MATERNO,EMAIL,EDAD,SEXO,TELEFONO,FECHA_INGRESO,PERSONA_CONTACTO,PUNTOS) VALUES (32,'Shea','Baldwin','Castaneda','metus.In@pellentesque.ca',85,'FEMENINO','9306658854','18-03-11','Christian',679);
INSERT INTO SOCIO (ID_SOCIO,NOMBRE,AP_PATERNO,AP_MATERNO,EMAIL,EDAD,SEXO,TELEFONO,FECHA_INGRESO,PERSONA_CONTACTO,PUNTOS) VALUES (33,'Marah','Dyer','Mathews','vulputate.posuere@est.co.uk',42,'MASCULINO','0673761171','15-03-11','Tarik',247);
INSERT INTO SOCIO (ID_SOCIO,NOMBRE,AP_PATERNO,AP_MATERNO,EMAIL,EDAD,SEXO,TELEFONO,FECHA_INGRESO,PERSONA_CONTACTO,PUNTOS) VALUES (34,'Mariam','Owen','Franco','neque.sed.dictum@inmolestie.org',31,'FEMENINO','7506290358','28-01-13','Coby',592);
INSERT INTO SOCIO (ID_SOCIO,NOMBRE,AP_PATERNO,AP_MATERNO,EMAIL,EDAD,SEXO,TELEFONO,FECHA_INGRESO,PERSONA_CONTACTO,PUNTOS) VALUES (35,'Isaiah','Calderon','Ball','gravida@Suspendisse.net',47,'MASCULINO','2474182733','02-08-17','Jacob',922);
INSERT INTO SOCIO (ID_SOCIO,NOMBRE,AP_PATERNO,AP_MATERNO,EMAIL,EDAD,SEXO,TELEFONO,FECHA_INGRESO,PERSONA_CONTACTO,PUNTOS) VALUES (36,'Evangeline','Burke','Clayton','Aliquam@nulla.co.uk',21,'FEMENINO','0497392778','15-05-10','Alfonso',881);
INSERT INTO SOCIO (ID_SOCIO,NOMBRE,AP_PATERNO,AP_MATERNO,EMAIL,EDAD,SEXO,TELEFONO,FECHA_INGRESO,PERSONA_CONTACTO,PUNTOS) VALUES (37,'Cullen','Vaughan','Wilcox','aliquet@ametconsectetueradipiscing.net',37,'MASCULINO','2667844611','13-10-10','Andrew',738);
INSERT INTO SOCIO (ID_SOCIO,NOMBRE,AP_PATERNO,AP_MATERNO,EMAIL,EDAD,SEXO,TELEFONO,FECHA_INGRESO,PERSONA_CONTACTO,PUNTOS) VALUES (38,'Laura','Lang','Robertson','tincidunt.adipiscing.Mauris@Sednec.com',81,'FEMENINO','6272409197','03-04-12','Marny',104);
INSERT INTO SOCIO (ID_SOCIO,NOMBRE,AP_PATERNO,AP_MATERNO,EMAIL,EDAD,SEXO,TELEFONO,FECHA_INGRESO,PERSONA_CONTACTO,PUNTOS) VALUES (39,'Jerry','Rivas','Mcpherson','lectus.ante.dictum@felisegetvarius.net',59,'MASCULINO','7386274569','21-05-10','Nigel',833);
INSERT INTO SOCIO (ID_SOCIO,NOMBRE,AP_PATERNO,AP_MATERNO,EMAIL,EDAD,SEXO,TELEFONO,FECHA_INGRESO,PERSONA_CONTACTO,PUNTOS) VALUES (40,'Hasad','Hunter','Howe','rutrum.urna.nec@etultricesposuere.org',59,'FEMENINO','0374185179','14-09-17','Brady',51);
INSERT INTO SOCIO (ID_SOCIO,NOMBRE,AP_PATERNO,AP_MATERNO,EMAIL,EDAD,SEXO,TELEFONO,FECHA_INGRESO,PERSONA_CONTACTO,PUNTOS) VALUES (41,'Fiona','Morin','Medina','interdum.Nunc.sollicitudin@velit.org',35,'MASCULINO','1567788903','16-08-16','Wyatt',789);
INSERT INTO SOCIO (ID_SOCIO,NOMBRE,AP_PATERNO,AP_MATERNO,EMAIL,EDAD,SEXO,TELEFONO,FECHA_INGRESO,PERSONA_CONTACTO,PUNTOS) VALUES (42,'Marvin','Holcomb','Mcknight','pede.Nunc.sed@mi.org',50,'FEMENINO','0650859139','26-04-15','Fletcher',22);
INSERT INTO SOCIO (ID_SOCIO,NOMBRE,AP_PATERNO,AP_MATERNO,EMAIL,EDAD,SEXO,TELEFONO,FECHA_INGRESO,PERSONA_CONTACTO,PUNTOS) VALUES (43,'Brock','Lancaster','Curry','placerat.velit@QuisquevariusNam.com',76,'MASCULINO','6966828473','01-10-16','Kameko',209);
INSERT INTO SOCIO (ID_SOCIO,NOMBRE,AP_PATERNO,AP_MATERNO,EMAIL,EDAD,SEXO,TELEFONO,FECHA_INGRESO,PERSONA_CONTACTO,PUNTOS) VALUES (44,'Lane','Avila','Humphrey','mi@imperdietnec.net',98,'FEMENINO','0082343130','29-03-14','Connor',203);
INSERT INTO SOCIO (ID_SOCIO,NOMBRE,AP_PATERNO,AP_MATERNO,EMAIL,EDAD,SEXO,TELEFONO,FECHA_INGRESO,PERSONA_CONTACTO,PUNTOS) VALUES (45,'Ariel','Buchanan','Pope','nibh.Aliquam@scelerisqueduiSuspendisse.edu',65,'MASCULINO','6493657085','01-01-16','Kim',983);
INSERT INTO SOCIO (ID_SOCIO,NOMBRE,AP_PATERNO,AP_MATERNO,EMAIL,EDAD,SEXO,TELEFONO,FECHA_INGRESO,PERSONA_CONTACTO,PUNTOS) VALUES (46,'Regina','Sanford','Swanson','nibh.Donec.est@luctussit.com',94,'FEMENINO','6527316689','16-09-16','Ayanna',100);
INSERT INTO SOCIO (ID_SOCIO,NOMBRE,AP_PATERNO,AP_MATERNO,EMAIL,EDAD,SEXO,TELEFONO,FECHA_INGRESO,PERSONA_CONTACTO,PUNTOS) VALUES (47,'Ciaran','Perkins','Strong','habitant@Donecfeugiat.co.uk',85,'MASCULINO','5245488085','05-04-14','Zeus',925);
INSERT INTO SOCIO (ID_SOCIO,NOMBRE,AP_PATERNO,AP_MATERNO,EMAIL,EDAD,SEXO,TELEFONO,FECHA_INGRESO,PERSONA_CONTACTO,PUNTOS) VALUES (48,'Eden','Pearson','Griffin','lacus.vestibulum@dolor.co.uk',62,'FEMENINO','0344460741','22-08-17','Davis',956);
INSERT INTO SOCIO (ID_SOCIO,NOMBRE,AP_PATERNO,AP_MATERNO,EMAIL,EDAD,SEXO,TELEFONO,FECHA_INGRESO,PERSONA_CONTACTO,PUNTOS) VALUES (49,'Noelle','Macdonald','Reilly','vitae@consectetueradipiscing.org',22,'MASCULINO','6042091582','15-03-10','Ebony',378);
INSERT INTO SOCIO (ID_SOCIO,NOMBRE,AP_PATERNO,AP_MATERNO,EMAIL,EDAD,SEXO,TELEFONO,FECHA_INGRESO,PERSONA_CONTACTO,PUNTOS) VALUES (50,'Jennifer','Floyd','Mullen','varius.ultrices.mauris@Ut.co.uk',70,'FEMENINO','6830760798','11-01-12','Ebony',302);
INSERT INTO SOCIO (ID_SOCIO,NOMBRE,AP_PATERNO,AP_MATERNO,EMAIL,EDAD,SEXO,TELEFONO,FECHA_INGRESO,PERSONA_CONTACTO,PUNTOS) VALUES (51,'Dominique','Harvey','Valentine','ornare.lectus@NulladignissimMaecenas.co.uk',17,'MASCULINO','7673028231','18-05-16','Carlos',871);
INSERT INTO SOCIO (ID_SOCIO,NOMBRE,AP_PATERNO,AP_MATERNO,EMAIL,EDAD,SEXO,TELEFONO,FECHA_INGRESO,PERSONA_CONTACTO,PUNTOS) VALUES (52,'Aurora','Diaz','Hess','in.faucibus@ultricesVivamusrhoncus.ca',39,'FEMENINO','4343811680','02-03-11','Sylvester',38);
INSERT INTO SOCIO (ID_SOCIO,NOMBRE,AP_PATERNO,AP_MATERNO,EMAIL,EDAD,SEXO,TELEFONO,FECHA_INGRESO,PERSONA_CONTACTO,PUNTOS) VALUES (53,'Kimberley','Wheeler','Phelps','iaculis.nec@et.net',15,'MASCULINO','7049465558','11-08-12','Matthew',144);
INSERT INTO SOCIO (ID_SOCIO,NOMBRE,AP_PATERNO,AP_MATERNO,EMAIL,EDAD,SEXO,TELEFONO,FECHA_INGRESO,PERSONA_CONTACTO,PUNTOS) VALUES (54,'Merrill','Crawford','Tran','tellus@duinecurna.co.uk',46,'FEMENINO','9481412735','26-11-10','Calvin',122);
INSERT INTO SOCIO (ID_SOCIO,NOMBRE,AP_PATERNO,AP_MATERNO,EMAIL,EDAD,SEXO,TELEFONO,FECHA_INGRESO,PERSONA_CONTACTO,PUNTOS) VALUES (55,'Rebekah','Alvarez','Serrano','nisi@atfringilla.edu',45,'MASCULINO','4496860425','02-02-16','Kuame',151);
INSERT INTO SOCIO (ID_SOCIO,NOMBRE,AP_PATERNO,AP_MATERNO,EMAIL,EDAD,SEXO,TELEFONO,FECHA_INGRESO,PERSONA_CONTACTO,PUNTOS) VALUES (56,'Rhea','Osborne','Calhoun','Duis@duinectempus.ca',58,'FEMENINO','5413295852','01-06-17','Anika',118);
INSERT INTO SOCIO (ID_SOCIO,NOMBRE,AP_PATERNO,AP_MATERNO,EMAIL,EDAD,SEXO,TELEFONO,FECHA_INGRESO,PERSONA_CONTACTO,PUNTOS) VALUES (57,'Claudia','Mcintosh','Gross','ornare@Integervulputaterisus.net',64,'MASCULINO','8777369305','05-09-15','Jesse',421);
INSERT INTO SOCIO (ID_SOCIO,NOMBRE,AP_PATERNO,AP_MATERNO,EMAIL,EDAD,SEXO,TELEFONO,FECHA_INGRESO,PERSONA_CONTACTO,PUNTOS) VALUES (58,'Odessa','Stewart','David','convallis.erat.eget@Infaucibus.org',82,'FEMENINO','6557254025','05-03-15','Quincy',8);
INSERT INTO SOCIO (ID_SOCIO,NOMBRE,AP_PATERNO,AP_MATERNO,EMAIL,EDAD,SEXO,TELEFONO,FECHA_INGRESO,PERSONA_CONTACTO,PUNTOS) VALUES (59,'Thor','Snow','Patrick','auctor.odio@arcuacorci.co.uk',81,'MASCULINO','3538067224','27-01-11','Harrison',345);
INSERT INTO SOCIO (ID_SOCIO,NOMBRE,AP_PATERNO,AP_MATERNO,EMAIL,EDAD,SEXO,TELEFONO,FECHA_INGRESO,PERSONA_CONTACTO,PUNTOS) VALUES (60,'Yvonne','Buchanan','Madden','egestas.blandit@Nullatemporaugue.org',68,'FEMENINO','8000446394','05-09-17','Holmes',57);
INSERT INTO SOCIO (ID_SOCIO,NOMBRE,AP_PATERNO,AP_MATERNO,EMAIL,EDAD,SEXO,TELEFONO,FECHA_INGRESO,PERSONA_CONTACTO,PUNTOS) VALUES (61,'Kenyon','Calhoun','Sears','lectus.convallis.est@pharetra.com',64,'MASCULINO','3262683542','28-09-17','Gareth',82);
INSERT INTO SOCIO (ID_SOCIO,NOMBRE,AP_PATERNO,AP_MATERNO,EMAIL,EDAD,SEXO,TELEFONO,FECHA_INGRESO,PERSONA_CONTACTO,PUNTOS) VALUES (62,'Mona','Malone','Whitley','nec.tellus.Nunc@laoreetposuere.co.uk',46,'FEMENINO','4721295312','01-01-12','Ingrid',39);
INSERT INTO SOCIO (ID_SOCIO,NOMBRE,AP_PATERNO,AP_MATERNO,EMAIL,EDAD,SEXO,TELEFONO,FECHA_INGRESO,PERSONA_CONTACTO,PUNTOS) VALUES (63,'Dorothy','Keith','Avila','mollis@aultriciesadipiscing.co.uk',94,'MASCULINO','5412871611','13-12-14','Len',413);
INSERT INTO SOCIO (ID_SOCIO,NOMBRE,AP_PATERNO,AP_MATERNO,EMAIL,EDAD,SEXO,TELEFONO,FECHA_INGRESO,PERSONA_CONTACTO,PUNTOS) VALUES (64,'Xyla','Johnson','Benjamin','Quisque.purus@NullaaliquetProin.org',86,'FEMENINO','5508849997','18-07-13','Thaddeus',54);
INSERT INTO SOCIO (ID_SOCIO,NOMBRE,AP_PATERNO,AP_MATERNO,EMAIL,EDAD,SEXO,TELEFONO,FECHA_INGRESO,PERSONA_CONTACTO,PUNTOS) VALUES (65,'Nell','Strong','Combs','Fusce.dolor.quam@disparturientmontes.com',88,'MASCULINO','7878916901','24-08-10','Mikayla',124);
INSERT INTO SOCIO (ID_SOCIO,NOMBRE,AP_PATERNO,AP_MATERNO,EMAIL,EDAD,SEXO,TELEFONO,FECHA_INGRESO,PERSONA_CONTACTO,PUNTOS) VALUES (66,'Amaya','Sherman','Perry','mi.Aliquam@diam.edu',40,'FEMENINO','7053793309','29-01-15','Amos',24);
INSERT INTO SOCIO (ID_SOCIO,NOMBRE,AP_PATERNO,AP_MATERNO,EMAIL,EDAD,SEXO,TELEFONO,FECHA_INGRESO,PERSONA_CONTACTO,PUNTOS) VALUES (67,'Haley','Curry','Grant','non.magna.Nam@consequat.org',35,'MASCULINO','3522943269','16-07-11','Tamara',305);
INSERT INTO SOCIO (ID_SOCIO,NOMBRE,AP_PATERNO,AP_MATERNO,EMAIL,EDAD,SEXO,TELEFONO,FECHA_INGRESO,PERSONA_CONTACTO,PUNTOS) VALUES (68,'Ori','Guerra','Davis','sit.amet.dapibus@nasceturridiculus.org',75,'FEMENINO','6804498130','17-07-14','Laith',620);
INSERT INTO SOCIO (ID_SOCIO,NOMBRE,AP_PATERNO,AP_MATERNO,EMAIL,EDAD,SEXO,TELEFONO,FECHA_INGRESO,PERSONA_CONTACTO,PUNTOS) VALUES (69,'Igor','Dillard','Hinton','sem.elit@auctorveliteget.net',74,'MASCULINO','5630953828','24-03-17','Harding',788);
INSERT INTO SOCIO (ID_SOCIO,NOMBRE,AP_PATERNO,AP_MATERNO,EMAIL,EDAD,SEXO,TELEFONO,FECHA_INGRESO,PERSONA_CONTACTO,PUNTOS) VALUES (70,'Stewart','Pacheco','Rose','tellus.imperdiet.non@malesuadamalesuada.org',72,'FEMENINO','5525881110','28-01-16','Ahmed',878);
INSERT INTO SOCIO (ID_SOCIO,NOMBRE,AP_PATERNO,AP_MATERNO,EMAIL,EDAD,SEXO,TELEFONO,FECHA_INGRESO,PERSONA_CONTACTO,PUNTOS) VALUES (71,'Piper','Reeves','Donaldson','a.ultricies.adipiscing@vitaemauris.ca',38,'MASCULINO','7118732080','13-03-14','Michelle',120);
INSERT INTO SOCIO (ID_SOCIO,NOMBRE,AP_PATERNO,AP_MATERNO,EMAIL,EDAD,SEXO,TELEFONO,FECHA_INGRESO,PERSONA_CONTACTO,PUNTOS) VALUES (72,'Dylan','Pittman','Schultz','a.aliquet.vel@ornare.ca',25,'FEMENINO','5498740359','03-12-10','Martha',684);
INSERT INTO SOCIO (ID_SOCIO,NOMBRE,AP_PATERNO,AP_MATERNO,EMAIL,EDAD,SEXO,TELEFONO,FECHA_INGRESO,PERSONA_CONTACTO,PUNTOS) VALUES (73,'Allen','Larsen','Tyler','In.nec.orci@cubiliaCurae.org',43,'MASCULINO','1588996075','01-10-16','Regan',137);
INSERT INTO SOCIO (ID_SOCIO,NOMBRE,AP_PATERNO,AP_MATERNO,EMAIL,EDAD,SEXO,TELEFONO,FECHA_INGRESO,PERSONA_CONTACTO,PUNTOS) VALUES (74,'Hector','Knox','Case','et.malesuada.fames@nisi.org',35,'FEMENINO','5125352154','10-04-12','Galvin',305);
INSERT INTO SOCIO (ID_SOCIO,NOMBRE,AP_PATERNO,AP_MATERNO,EMAIL,EDAD,SEXO,TELEFONO,FECHA_INGRESO,PERSONA_CONTACTO,PUNTOS) VALUES (75,'Jaime','Wolfe','Yang','Curabitur.ut@malesuadafamesac.co.uk',45,'MASCULINO','3881243063','31-07-14','Pamela',12);
INSERT INTO SOCIO (ID_SOCIO,NOMBRE,AP_PATERNO,AP_MATERNO,EMAIL,EDAD,SEXO,TELEFONO,FECHA_INGRESO,PERSONA_CONTACTO,PUNTOS) VALUES (76,'Ignacia','Nichols','Wooten','metus.In.lorem@elit.edu',35,'FEMENINO','9022446473','18-01-14','Oprah',976);
INSERT INTO SOCIO (ID_SOCIO,NOMBRE,AP_PATERNO,AP_MATERNO,EMAIL,EDAD,SEXO,TELEFONO,FECHA_INGRESO,PERSONA_CONTACTO,PUNTOS) VALUES (77,'Zenia','Mckee','West','Aliquam.auctor.velit@Fuscediam.co.uk',18,'MASCULINO','6601987845','20-10-17','Mercedes',523);
INSERT INTO SOCIO (ID_SOCIO,NOMBRE,AP_PATERNO,AP_MATERNO,EMAIL,EDAD,SEXO,TELEFONO,FECHA_INGRESO,PERSONA_CONTACTO,PUNTOS) VALUES (78,'Meghan','Alexander','Weaver','nec.ligula@auctor.ca',52,'FEMENINO','7086855509','21-02-14','Charde',788);
INSERT INTO SOCIO (ID_SOCIO,NOMBRE,AP_PATERNO,AP_MATERNO,EMAIL,EDAD,SEXO,TELEFONO,FECHA_INGRESO,PERSONA_CONTACTO,PUNTOS) VALUES (79,'Ria','Bowman','Levy','congue.elit@Sedpharetra.co.uk',54,'MASCULINO','3924460932','06-05-11','Patricia',646);
INSERT INTO SOCIO (ID_SOCIO,NOMBRE,AP_PATERNO,AP_MATERNO,EMAIL,EDAD,SEXO,TELEFONO,FECHA_INGRESO,PERSONA_CONTACTO,PUNTOS) VALUES (80,'Colette','Crawford','Curry','tristique.pellentesque.tellus@Donec.edu',20,'FEMENINO','4362006934','02-04-17','Kato',839);
INSERT INTO SOCIO (ID_SOCIO,NOMBRE,AP_PATERNO,AP_MATERNO,EMAIL,EDAD,SEXO,TELEFONO,FECHA_INGRESO,PERSONA_CONTACTO,PUNTOS) VALUES (81,'Cassidy','Wells','Cotton','lectus@at.org',27,'MASCULINO','6999075726','21-03-14','Heather',476);
INSERT INTO SOCIO (ID_SOCIO,NOMBRE,AP_PATERNO,AP_MATERNO,EMAIL,EDAD,SEXO,TELEFONO,FECHA_INGRESO,PERSONA_CONTACTO,PUNTOS) VALUES (82,'Jena','Kline','Franco','Cras@sedhendrerita.edu',28,'FEMENINO','3886685742','21-10-14','Omar',490);
INSERT INTO SOCIO (ID_SOCIO,NOMBRE,AP_PATERNO,AP_MATERNO,EMAIL,EDAD,SEXO,TELEFONO,FECHA_INGRESO,PERSONA_CONTACTO,PUNTOS) VALUES (83,'Tyler','Rollins','Crosby','Nunc@consequat.org',43,'MASCULINO','1236564163','26-09-15','Beverly',722);
INSERT INTO SOCIO (ID_SOCIO,NOMBRE,AP_PATERNO,AP_MATERNO,EMAIL,EDAD,SEXO,TELEFONO,FECHA_INGRESO,PERSONA_CONTACTO,PUNTOS) VALUES (84,'Alexis','Bray','Herman','ipsum.porta@mifringillami.co.uk',48,'FEMENINO','8912508998','09-08-16','Kaseem',546);
INSERT INTO SOCIO (ID_SOCIO,NOMBRE,AP_PATERNO,AP_MATERNO,EMAIL,EDAD,SEXO,TELEFONO,FECHA_INGRESO,PERSONA_CONTACTO,PUNTOS) VALUES (85,'Hashim','Rivas','Chapman','fames.ac.turpis@ligulaAenean.co.uk',25,'MASCULINO','8236851034','02-12-16','Leroy',41);
INSERT INTO SOCIO (ID_SOCIO,NOMBRE,AP_PATERNO,AP_MATERNO,EMAIL,EDAD,SEXO,TELEFONO,FECHA_INGRESO,PERSONA_CONTACTO,PUNTOS) VALUES (86,'Kamal','Simpson','Gregory','Nunc.sed.orci@utipsum.co.uk',48,'FEMENINO','7533093430','23-08-14','Azalia',716);
INSERT INTO SOCIO (ID_SOCIO,NOMBRE,AP_PATERNO,AP_MATERNO,EMAIL,EDAD,SEXO,TELEFONO,FECHA_INGRESO,PERSONA_CONTACTO,PUNTOS) VALUES (87,'Julian','Bridges','Estes','eget.odio@purusMaecenas.edu',54,'MASCULINO','0360798220','27-02-17','Salvador',425);
INSERT INTO SOCIO (ID_SOCIO,NOMBRE,AP_PATERNO,AP_MATERNO,EMAIL,EDAD,SEXO,TELEFONO,FECHA_INGRESO,PERSONA_CONTACTO,PUNTOS) VALUES (88,'Dexter','Goodwin','Grimes','velit.Cras.lorem@gravidaPraesent.edu',88,'FEMENINO','3346621347','13-04-11','Minerva',61);
INSERT INTO SOCIO (ID_SOCIO,NOMBRE,AP_PATERNO,AP_MATERNO,EMAIL,EDAD,SEXO,TELEFONO,FECHA_INGRESO,PERSONA_CONTACTO,PUNTOS) VALUES (89,'Anastasia','Randall','Willis','laoreet.ipsum@sitametmassa.com',33,'MASCULINO','7101312851','08-05-13','Arden',300);
INSERT INTO SOCIO (ID_SOCIO,NOMBRE,AP_PATERNO,AP_MATERNO,EMAIL,EDAD,SEXO,TELEFONO,FECHA_INGRESO,PERSONA_CONTACTO,PUNTOS) VALUES (90,'Debra','Sullivan','Hansen','lorem@Integer.edu',41,'FEMENINO','2275452574','25-05-11','Addison',566);
INSERT INTO SOCIO (ID_SOCIO,NOMBRE,AP_PATERNO,AP_MATERNO,EMAIL,EDAD,SEXO,TELEFONO,FECHA_INGRESO,PERSONA_CONTACTO,PUNTOS) VALUES (91,'Abdul','Lucas','Bernard','commodo@sagittis.com',29,'MASCULINO','1510170673','18-01-10','Summer',909);
INSERT INTO SOCIO (ID_SOCIO,NOMBRE,AP_PATERNO,AP_MATERNO,EMAIL,EDAD,SEXO,TELEFONO,FECHA_INGRESO,PERSONA_CONTACTO,PUNTOS) VALUES (92,'Timon','Gillespie','Mckay','sed.pede.Cum@consectetueradipiscingelit.co.uk',24,'FEMENINO','0959834357','21-12-12','Rajah',522);
INSERT INTO SOCIO (ID_SOCIO,NOMBRE,AP_PATERNO,AP_MATERNO,EMAIL,EDAD,SEXO,TELEFONO,FECHA_INGRESO,PERSONA_CONTACTO,PUNTOS) VALUES (93,'Patrick','Cortez','Solomon','Nam@quisarcuvel.net',97,'MASCULINO','5413984083','22-03-12','Fiona',376);
INSERT INTO SOCIO (ID_SOCIO,NOMBRE,AP_PATERNO,AP_MATERNO,EMAIL,EDAD,SEXO,TELEFONO,FECHA_INGRESO,PERSONA_CONTACTO,PUNTOS) VALUES (94,'Zoe','Madden','Osborn','Nunc@liberonecligula.co.uk',98,'FEMENINO','5735476806','16-02-17','Zephania',987);
INSERT INTO SOCIO (ID_SOCIO,NOMBRE,AP_PATERNO,AP_MATERNO,EMAIL,EDAD,SEXO,TELEFONO,FECHA_INGRESO,PERSONA_CONTACTO,PUNTOS) VALUES (95,'Rafael','Downs','Mercer','ut@necurnasuscipit.net',24,'MASCULINO','8158271574','05-07-13','Lucas',69);
INSERT INTO SOCIO (ID_SOCIO,NOMBRE,AP_PATERNO,AP_MATERNO,EMAIL,EDAD,SEXO,TELEFONO,FECHA_INGRESO,PERSONA_CONTACTO,PUNTOS) VALUES (96,'Ali','Perkins','Riley','lobortis.Class.aptent@augueporttitor.edu',20,'FEMENINO','7877770169','01-11-11','Chastity',879);
INSERT INTO SOCIO (ID_SOCIO,NOMBRE,AP_PATERNO,AP_MATERNO,EMAIL,EDAD,SEXO,TELEFONO,FECHA_INGRESO,PERSONA_CONTACTO,PUNTOS) VALUES (97,'Dacey','Ruiz','Garza','vulputate.risus.a@diamat.org',17,'MASCULINO','6393226270','11-07-15','Jason',969);
INSERT INTO SOCIO (ID_SOCIO,NOMBRE,AP_PATERNO,AP_MATERNO,EMAIL,EDAD,SEXO,TELEFONO,FECHA_INGRESO,PERSONA_CONTACTO,PUNTOS) VALUES (98,'Hayfa','Gallegos','Velasquez','nec.urna@sed.com',93,'FEMENINO','7824866813','29-05-17','Dylan',593);
INSERT INTO SOCIO (ID_SOCIO,NOMBRE,AP_PATERNO,AP_MATERNO,EMAIL,EDAD,SEXO,TELEFONO,FECHA_INGRESO,PERSONA_CONTACTO,PUNTOS) VALUES (99,'Suki','Sherman','Marshall','tellus.Phasellus.elit@Nam.net',97,'MASCULINO','3781781942','18-07-17','Lareina',722);
INSERT INTO SOCIO (ID_SOCIO,NOMBRE,AP_PATERNO,AP_MATERNO,EMAIL,EDAD,SEXO,TELEFONO,FECHA_INGRESO,PERSONA_CONTACTO,PUNTOS) VALUES (100,'Montana','Whitehead','Weaver','ac@semper.net',82,'FEMENINO','2295695249','31-03-12','Griffith',457);

-- PERSONA_CONTACTO
INSERT INTO PERSONA_CONTACTO (NOMBRE,AP_PATERNO,AP_MATERNO,CONTACTO) VALUES ('Mia','Puckett','Pena','7490512175');
INSERT INTO PERSONA_CONTACTO (NOMBRE,AP_PATERNO,AP_MATERNO,CONTACTO) VALUES ('Lawrence','Soto','Sheppard','1403038924');
INSERT INTO PERSONA_CONTACTO (NOMBRE,AP_PATERNO,AP_MATERNO,CONTACTO) VALUES ('Gary','Hoffman','Ross','7746745181');
INSERT INTO PERSONA_CONTACTO (NOMBRE,AP_PATERNO,AP_MATERNO,CONTACTO) VALUES ('Jack','Barton','Daniel','3394131013');
INSERT INTO PERSONA_CONTACTO (NOMBRE,AP_PATERNO,AP_MATERNO,CONTACTO) VALUES ('Yoshio','English','Sanford','5478053030');
INSERT INTO PERSONA_CONTACTO (NOMBRE,AP_PATERNO,AP_MATERNO,CONTACTO) VALUES ('Rhonda','Chang','Stewart','8713610100');
INSERT INTO PERSONA_CONTACTO (NOMBRE,AP_PATERNO,AP_MATERNO,CONTACTO) VALUES ('Howard','York','Allen','1829089597');
INSERT INTO PERSONA_CONTACTO (NOMBRE,AP_PATERNO,AP_MATERNO,CONTACTO) VALUES ('Delilah','Moss','Castaneda','1948949664');
INSERT INTO PERSONA_CONTACTO (NOMBRE,AP_PATERNO,AP_MATERNO,CONTACTO) VALUES ('Sawyer','Gould','Silva','4589543610');
INSERT INTO PERSONA_CONTACTO (NOMBRE,AP_PATERNO,AP_MATERNO,CONTACTO) VALUES ('Ann','Levine','Chambers','3232622829');
INSERT INTO PERSONA_CONTACTO (NOMBRE,AP_PATERNO,AP_MATERNO,CONTACTO) VALUES ('Sydney','Cohen','Combs','8661776627');
INSERT INTO PERSONA_CONTACTO (NOMBRE,AP_PATERNO,AP_MATERNO,CONTACTO) VALUES ('Damon','Crane','Klein','1547048642');
INSERT INTO PERSONA_CONTACTO (NOMBRE,AP_PATERNO,AP_MATERNO,CONTACTO) VALUES ('Keelie','Sweet','Burch','7000722218');
INSERT INTO PERSONA_CONTACTO (NOMBRE,AP_PATERNO,AP_MATERNO,CONTACTO) VALUES ('Victor','Conner','Roach','1239106128');
INSERT INTO PERSONA_CONTACTO (NOMBRE,AP_PATERNO,AP_MATERNO,CONTACTO) VALUES ('Victor','Kerr','Ware','0472301542');
INSERT INTO PERSONA_CONTACTO (NOMBRE,AP_PATERNO,AP_MATERNO,CONTACTO) VALUES ('Laura','Terry','Horne','7911229289');
INSERT INTO PERSONA_CONTACTO (NOMBRE,AP_PATERNO,AP_MATERNO,CONTACTO) VALUES ('Haley','Klein','Sweeney','7636321074');
INSERT INTO PERSONA_CONTACTO (NOMBRE,AP_PATERNO,AP_MATERNO,CONTACTO) VALUES ('Judith','Martin','Carrillo','8639297401');
INSERT INTO PERSONA_CONTACTO (NOMBRE,AP_PATERNO,AP_MATERNO,CONTACTO) VALUES ('Damian','Roberts','Barnett','7864168345');
INSERT INTO PERSONA_CONTACTO (NOMBRE,AP_PATERNO,AP_MATERNO,CONTACTO) VALUES ('Heidi','Battle','Hyde','4114596779');
INSERT INTO PERSONA_CONTACTO (NOMBRE,AP_PATERNO,AP_MATERNO,CONTACTO) VALUES ('Grant','Everett','Hutchinson','6155837758');
INSERT INTO PERSONA_CONTACTO (NOMBRE,AP_PATERNO,AP_MATERNO,CONTACTO) VALUES ('Xaviera','Benjamin','Woodward','2338525806');
INSERT INTO PERSONA_CONTACTO (NOMBRE,AP_PATERNO,AP_MATERNO,CONTACTO) VALUES ('Harriet','Reese','Prince','7679357908');
INSERT INTO PERSONA_CONTACTO (NOMBRE,AP_PATERNO,AP_MATERNO,CONTACTO) VALUES ('Astra','Suarez','Nicholson','3233511031');
INSERT INTO PERSONA_CONTACTO (NOMBRE,AP_PATERNO,AP_MATERNO,CONTACTO) VALUES ('Melodie','Booker','Willis','1984828004');
INSERT INTO PERSONA_CONTACTO (NOMBRE,AP_PATERNO,AP_MATERNO,CONTACTO) VALUES ('Irene','Howard','Thornton','4407610085');
INSERT INTO PERSONA_CONTACTO (NOMBRE,AP_PATERNO,AP_MATERNO,CONTACTO) VALUES ('Carter','Gray','Cantu','9613467951');
INSERT INTO PERSONA_CONTACTO (NOMBRE,AP_PATERNO,AP_MATERNO,CONTACTO) VALUES ('Maggy','Edwards','Luna','9575723962');
INSERT INTO PERSONA_CONTACTO (NOMBRE,AP_PATERNO,AP_MATERNO,CONTACTO) VALUES ('Madeline','Garcia','York','5314131377');
INSERT INTO PERSONA_CONTACTO (NOMBRE,AP_PATERNO,AP_MATERNO,CONTACTO) VALUES ('Kieran','Bradshaw','Schwartz','8981919969');
INSERT INTO PERSONA_CONTACTO (NOMBRE,AP_PATERNO,AP_MATERNO,CONTACTO) VALUES ('Nasim','Peters','Charles','3016235130');
INSERT INTO PERSONA_CONTACTO (NOMBRE,AP_PATERNO,AP_MATERNO,CONTACTO) VALUES ('Aquila','Pierce','Oneil','2926943218');
INSERT INTO PERSONA_CONTACTO (NOMBRE,AP_PATERNO,AP_MATERNO,CONTACTO) VALUES ('Gail','Mueller','Dotson','7048549769');
INSERT INTO PERSONA_CONTACTO (NOMBRE,AP_PATERNO,AP_MATERNO,CONTACTO) VALUES ('Keaton','Larson','Stone','2421235049');
INSERT INTO PERSONA_CONTACTO (NOMBRE,AP_PATERNO,AP_MATERNO,CONTACTO) VALUES ('Linus','Price','Lane','3601298647');
INSERT INTO PERSONA_CONTACTO (NOMBRE,AP_PATERNO,AP_MATERNO,CONTACTO) VALUES ('Samuel','Howe','Barrera','5578456675');
INSERT INTO PERSONA_CONTACTO (NOMBRE,AP_PATERNO,AP_MATERNO,CONTACTO) VALUES ('Inez','Frost','Joyce','5879994094');
INSERT INTO PERSONA_CONTACTO (NOMBRE,AP_PATERNO,AP_MATERNO,CONTACTO) VALUES ('Akeem','English','Garza','5764736679');
INSERT INTO PERSONA_CONTACTO (NOMBRE,AP_PATERNO,AP_MATERNO,CONTACTO) VALUES ('Marcia','Carter','Howard','8600541009');
INSERT INTO PERSONA_CONTACTO (NOMBRE,AP_PATERNO,AP_MATERNO,CONTACTO) VALUES ('Slade','Boyd','Cervantes','5632407244');
INSERT INTO PERSONA_CONTACTO (NOMBRE,AP_PATERNO,AP_MATERNO,CONTACTO) VALUES ('Jorden','Mooney','Hines','4238516545');
INSERT INTO PERSONA_CONTACTO (NOMBRE,AP_PATERNO,AP_MATERNO,CONTACTO) VALUES ('Nyssa','Cunningham','Cardenas','6743430311');
INSERT INTO PERSONA_CONTACTO (NOMBRE,AP_PATERNO,AP_MATERNO,CONTACTO) VALUES ('Latifah','Hodges','Molina','7347941899');
INSERT INTO PERSONA_CONTACTO (NOMBRE,AP_PATERNO,AP_MATERNO,CONTACTO) VALUES ('Kaye','Goff','Richard','5581227389');
INSERT INTO PERSONA_CONTACTO (NOMBRE,AP_PATERNO,AP_MATERNO,CONTACTO) VALUES ('Macaulay','Murray','Serrano','3469817255');
INSERT INTO PERSONA_CONTACTO (NOMBRE,AP_PATERNO,AP_MATERNO,CONTACTO) VALUES ('Noah','Oneill','Dillard','9711759761');
INSERT INTO PERSONA_CONTACTO (NOMBRE,AP_PATERNO,AP_MATERNO,CONTACTO) VALUES ('Brynn','Hale','Pugh','4404277877');
INSERT INTO PERSONA_CONTACTO (NOMBRE,AP_PATERNO,AP_MATERNO,CONTACTO) VALUES ('Dillon','Holland','Mcgowan','0248516662');
INSERT INTO PERSONA_CONTACTO (NOMBRE,AP_PATERNO,AP_MATERNO,CONTACTO) VALUES ('Stuart','Vinson','Blevins','0599147183');
INSERT INTO PERSONA_CONTACTO (NOMBRE,AP_PATERNO,AP_MATERNO,CONTACTO) VALUES ('Amity','Alston','Chandler','1461887911');
INSERT INTO PERSONA_CONTACTO (NOMBRE,AP_PATERNO,AP_MATERNO,CONTACTO) VALUES ('Hadassah','Moses','Benjamin','4437290352');
INSERT INTO PERSONA_CONTACTO (NOMBRE,AP_PATERNO,AP_MATERNO,CONTACTO) VALUES ('Molly','Brennan','Montoya','8166737020');
INSERT INTO PERSONA_CONTACTO (NOMBRE,AP_PATERNO,AP_MATERNO,CONTACTO) VALUES ('Jocelyn','Randall','Whitaker','7851543977');
INSERT INTO PERSONA_CONTACTO (NOMBRE,AP_PATERNO,AP_MATERNO,CONTACTO) VALUES ('Ocean','Morris','Wagner','3310662875');
INSERT INTO PERSONA_CONTACTO (NOMBRE,AP_PATERNO,AP_MATERNO,CONTACTO) VALUES ('Ivory','Gordon','Ayala','0891073694');
INSERT INTO PERSONA_CONTACTO (NOMBRE,AP_PATERNO,AP_MATERNO,CONTACTO) VALUES ('Austin','Frye','Franklin','7361034609');
INSERT INTO PERSONA_CONTACTO (NOMBRE,AP_PATERNO,AP_MATERNO,CONTACTO) VALUES ('Brooke','Luna','Rowland','7082408754');
INSERT INTO PERSONA_CONTACTO (NOMBRE,AP_PATERNO,AP_MATERNO,CONTACTO) VALUES ('Paki','Hurst','Bolton','9911792444');
INSERT INTO PERSONA_CONTACTO (NOMBRE,AP_PATERNO,AP_MATERNO,CONTACTO) VALUES ('Xavier','Christian','Harmon','2278485899');
INSERT INTO PERSONA_CONTACTO (NOMBRE,AP_PATERNO,AP_MATERNO,CONTACTO) VALUES ('Emerson','Arnold','Witt','2061453299');
INSERT INTO PERSONA_CONTACTO (NOMBRE,AP_PATERNO,AP_MATERNO,CONTACTO) VALUES ('Alyssa','Jarvis','Mejia','6384232778');
INSERT INTO PERSONA_CONTACTO (NOMBRE,AP_PATERNO,AP_MATERNO,CONTACTO) VALUES ('Xenos','Gonzales','Horne','1276890373');
INSERT INTO PERSONA_CONTACTO (NOMBRE,AP_PATERNO,AP_MATERNO,CONTACTO) VALUES ('Cecilia','Gallegos','Mcneil','3389741674');
INSERT INTO PERSONA_CONTACTO (NOMBRE,AP_PATERNO,AP_MATERNO,CONTACTO) VALUES ('Brett','Robbins','Abbott','1354278141');
INSERT INTO PERSONA_CONTACTO (NOMBRE,AP_PATERNO,AP_MATERNO,CONTACTO) VALUES ('Marny','James','Savage','2999239319');
INSERT INTO PERSONA_CONTACTO (NOMBRE,AP_PATERNO,AP_MATERNO,CONTACTO) VALUES ('Rafael','Bartlett','Weaver','1855924621');
INSERT INTO PERSONA_CONTACTO (NOMBRE,AP_PATERNO,AP_MATERNO,CONTACTO) VALUES ('Sloane','Greer','Stout','6165060599');
INSERT INTO PERSONA_CONTACTO (NOMBRE,AP_PATERNO,AP_MATERNO,CONTACTO) VALUES ('Erasmus','Herman','Sandoval','3999996130');
INSERT INTO PERSONA_CONTACTO (NOMBRE,AP_PATERNO,AP_MATERNO,CONTACTO) VALUES ('Louis','Moon','Santiago','5752299591');
INSERT INTO PERSONA_CONTACTO (NOMBRE,AP_PATERNO,AP_MATERNO,CONTACTO) VALUES ('Velma','Sweeney','Skinner','3126180368');
INSERT INTO PERSONA_CONTACTO (NOMBRE,AP_PATERNO,AP_MATERNO,CONTACTO) VALUES ('Daquan','Romero','Watts','4392786348');
INSERT INTO PERSONA_CONTACTO (NOMBRE,AP_PATERNO,AP_MATERNO,CONTACTO) VALUES ('Acton','Harper','Peck','0789613333');
INSERT INTO PERSONA_CONTACTO (NOMBRE,AP_PATERNO,AP_MATERNO,CONTACTO) VALUES ('Luke','Conrad','Allison','9130435244');
INSERT INTO PERSONA_CONTACTO (NOMBRE,AP_PATERNO,AP_MATERNO,CONTACTO) VALUES ('Daryl','Chandler','Gates','4048461225');
INSERT INTO PERSONA_CONTACTO (NOMBRE,AP_PATERNO,AP_MATERNO,CONTACTO) VALUES ('Lisandra','Jarvis','Joyner','3699392442');
INSERT INTO PERSONA_CONTACTO (NOMBRE,AP_PATERNO,AP_MATERNO,CONTACTO) VALUES ('Liberty','Kerr','Maddox','4585265185');
INSERT INTO PERSONA_CONTACTO (NOMBRE,AP_PATERNO,AP_MATERNO,CONTACTO) VALUES ('Libby','Hubbard','Hull','9738853914');
INSERT INTO PERSONA_CONTACTO (NOMBRE,AP_PATERNO,AP_MATERNO,CONTACTO) VALUES ('Cassady','Phillips','Hensley','0702526940');
INSERT INTO PERSONA_CONTACTO (NOMBRE,AP_PATERNO,AP_MATERNO,CONTACTO) VALUES ('Uriah','Holloway','Clements','0135701102');
INSERT INTO PERSONA_CONTACTO (NOMBRE,AP_PATERNO,AP_MATERNO,CONTACTO) VALUES ('Hoyt','Green','Ramos','7910007577');
INSERT INTO PERSONA_CONTACTO (NOMBRE,AP_PATERNO,AP_MATERNO,CONTACTO) VALUES ('Keegan','Barrera','Meyers','7125301040');
INSERT INTO PERSONA_CONTACTO (NOMBRE,AP_PATERNO,AP_MATERNO,CONTACTO) VALUES ('Noah','Ortega','Petty','5501026454');
INSERT INTO PERSONA_CONTACTO (NOMBRE,AP_PATERNO,AP_MATERNO,CONTACTO) VALUES ('Hamilton','Eaton','Goodman','8188115873');
INSERT INTO PERSONA_CONTACTO (NOMBRE,AP_PATERNO,AP_MATERNO,CONTACTO) VALUES ('Keiko','Murphy','Whitfield','8249882536');
INSERT INTO PERSONA_CONTACTO (NOMBRE,AP_PATERNO,AP_MATERNO,CONTACTO) VALUES ('Gwendolyn','Beard','Barrett','0036336676');
INSERT INTO PERSONA_CONTACTO (NOMBRE,AP_PATERNO,AP_MATERNO,CONTACTO) VALUES ('Allistair','Watson','Forbes','2442379879');
INSERT INTO PERSONA_CONTACTO (NOMBRE,AP_PATERNO,AP_MATERNO,CONTACTO) VALUES ('Ira','Copeland','Cochran','4084783184');
INSERT INTO PERSONA_CONTACTO (NOMBRE,AP_PATERNO,AP_MATERNO,CONTACTO) VALUES ('Judah','Middleton','Stein','4229295022');
INSERT INTO PERSONA_CONTACTO (NOMBRE,AP_PATERNO,AP_MATERNO,CONTACTO) VALUES ('Nolan','Leon','Charles','5887229905');
INSERT INTO PERSONA_CONTACTO (NOMBRE,AP_PATERNO,AP_MATERNO,CONTACTO) VALUES ('Melinda','Lamb','David','8340484373');
INSERT INTO PERSONA_CONTACTO (NOMBRE,AP_PATERNO,AP_MATERNO,CONTACTO) VALUES ('Jenette','Barry','Johns','3936737512');
INSERT INTO PERSONA_CONTACTO (NOMBRE,AP_PATERNO,AP_MATERNO,CONTACTO) VALUES ('Kay','Guy','Sloan','6276011498');
INSERT INTO PERSONA_CONTACTO (NOMBRE,AP_PATERNO,AP_MATERNO,CONTACTO) VALUES ('Geoffrey','Francis','Kidd','9692619194');
INSERT INTO PERSONA_CONTACTO (NOMBRE,AP_PATERNO,AP_MATERNO,CONTACTO) VALUES ('Kennan','Spears','Petersen','4639743748');
INSERT INTO PERSONA_CONTACTO (NOMBRE,AP_PATERNO,AP_MATERNO,CONTACTO) VALUES ('Carla','Donaldson','Combs','5474459872');
INSERT INTO PERSONA_CONTACTO (NOMBRE,AP_PATERNO,AP_MATERNO,CONTACTO) VALUES ('Amity','Wagner','Obrien','1936852535');
INSERT INTO PERSONA_CONTACTO (NOMBRE,AP_PATERNO,AP_MATERNO,CONTACTO) VALUES ('Hayley','Franco','Watson','7198676894');
INSERT INTO PERSONA_CONTACTO (NOMBRE,AP_PATERNO,AP_MATERNO,CONTACTO) VALUES ('Talon','Lawson','Cotton','2191637789');
INSERT INTO PERSONA_CONTACTO (NOMBRE,AP_PATERNO,AP_MATERNO,CONTACTO) VALUES ('Rana','Diaz','Randolph','9267880611');
INSERT INTO PERSONA_CONTACTO (NOMBRE,AP_PATERNO,AP_MATERNO,CONTACTO) VALUES ('Ashton','Joyner','Hood','3290141879');

-- CLIENTE
INSERT INTO CLIENTE (ID_CLIENTE,NOMBRE,AP_PATERNO,AP_MATERNO,EMAIL,EDAD,SEXO,TELEFONO,FECHA_INGRESO) VALUES (1,'Orla','Miles','Tyler','mollis@semmagnanec.com',94,'MASCULINO','6807006213','03-07-10');
INSERT INTO CLIENTE (ID_CLIENTE,NOMBRE,AP_PATERNO,AP_MATERNO,EMAIL,EDAD,SEXO,TELEFONO,FECHA_INGRESO) VALUES (2,'Kylee','Evans','Garrison','Fusce@dapibus.com',34,'FEMENINO','4900902149','28-09-12');
INSERT INTO CLIENTE (ID_CLIENTE,NOMBRE,AP_PATERNO,AP_MATERNO,EMAIL,EDAD,SEXO,TELEFONO,FECHA_INGRESO) VALUES (3,'Cheryl','Carpenter','Hoffman','et.magnis.dis@Nulla.org',67,'MASCULINO','6751488933','05-11-14');
INSERT INTO CLIENTE (ID_CLIENTE,NOMBRE,AP_PATERNO,AP_MATERNO,EMAIL,EDAD,SEXO,TELEFONO,FECHA_INGRESO) VALUES (4,'Brandon','Patel','Klein','semper@cursus.edu',68,'FEMENINO','8099629823','30-01-11');
INSERT INTO CLIENTE (ID_CLIENTE,NOMBRE,AP_PATERNO,AP_MATERNO,EMAIL,EDAD,SEXO,TELEFONO,FECHA_INGRESO) VALUES (5,'Quyn','Barber','Jacobson','Cras.lorem@estarcu.com',80,'MASCULINO','0164882018','28-04-15');
INSERT INTO CLIENTE (ID_CLIENTE,NOMBRE,AP_PATERNO,AP_MATERNO,EMAIL,EDAD,SEXO,TELEFONO,FECHA_INGRESO) VALUES (6,'Veda','Watkins','Berger','enim@arcuVivamussit.co.uk',20,'FEMENINO','7894249775','22-03-14');
INSERT INTO CLIENTE (ID_CLIENTE,NOMBRE,AP_PATERNO,AP_MATERNO,EMAIL,EDAD,SEXO,TELEFONO,FECHA_INGRESO) VALUES (7,'Peter','Kirk','Solomon','eu.nibh.vulputate@quis.com',34,'MASCULINO','6022839813','13-08-17');
INSERT INTO CLIENTE (ID_CLIENTE,NOMBRE,AP_PATERNO,AP_MATERNO,EMAIL,EDAD,SEXO,TELEFONO,FECHA_INGRESO) VALUES (8,'Constance','Gonzalez','Burgess','risus@atsemmolestie.com',33,'FEMENINO','0881435456','28-09-17');
INSERT INTO CLIENTE (ID_CLIENTE,NOMBRE,AP_PATERNO,AP_MATERNO,EMAIL,EDAD,SEXO,TELEFONO,FECHA_INGRESO) VALUES (9,'Quincy','Howell','Rich','malesuada@sagittissemperNam.ca',32,'MASCULINO','7683173827','03-02-12');
INSERT INTO CLIENTE (ID_CLIENTE,NOMBRE,AP_PATERNO,AP_MATERNO,EMAIL,EDAD,SEXO,TELEFONO,FECHA_INGRESO) VALUES (10,'Eden','James','White','porttitor@Uttinciduntvehicula.ca',92,'FEMENINO','0355339894','06-06-13');
INSERT INTO CLIENTE (ID_CLIENTE,NOMBRE,AP_PATERNO,AP_MATERNO,EMAIL,EDAD,SEXO,TELEFONO,FECHA_INGRESO) VALUES (11,'Griffith','Hubbard','Bonner','rhoncus@vestibulum.net',51,'MASCULINO','8369922093','22-08-14');
INSERT INTO CLIENTE (ID_CLIENTE,NOMBRE,AP_PATERNO,AP_MATERNO,EMAIL,EDAD,SEXO,TELEFONO,FECHA_INGRESO) VALUES (12,'Ralph','Walls','Cobb','ornare.lectus@sapien.org',29,'FEMENINO','0245065458','10-10-16');
INSERT INTO CLIENTE (ID_CLIENTE,NOMBRE,AP_PATERNO,AP_MATERNO,EMAIL,EDAD,SEXO,TELEFONO,FECHA_INGRESO) VALUES (13,'Ina','Jensen','Sheppard','nulla.Integer.vulputate@loremluctusut.net',94,'MASCULINO','1014133090','13-01-15');
INSERT INTO CLIENTE (ID_CLIENTE,NOMBRE,AP_PATERNO,AP_MATERNO,EMAIL,EDAD,SEXO,TELEFONO,FECHA_INGRESO) VALUES (14,'Anthony','Wilder','Allen','sapien@eu.edu',73,'FEMENINO','5328087654','30-06-12');
INSERT INTO CLIENTE (ID_CLIENTE,NOMBRE,AP_PATERNO,AP_MATERNO,EMAIL,EDAD,SEXO,TELEFONO,FECHA_INGRESO) VALUES (15,'Victor','Padilla','Wilder','Nulla@urnaNunc.com',50,'MASCULINO','6037169468','25-09-12');
INSERT INTO CLIENTE (ID_CLIENTE,NOMBRE,AP_PATERNO,AP_MATERNO,EMAIL,EDAD,SEXO,TELEFONO,FECHA_INGRESO) VALUES (16,'Morgan','Kim','Pickett','imperdiet@Nunc.net',96,'FEMENINO','3153051182','10-11-17');
INSERT INTO CLIENTE (ID_CLIENTE,NOMBRE,AP_PATERNO,AP_MATERNO,EMAIL,EDAD,SEXO,TELEFONO,FECHA_INGRESO) VALUES (17,'Ariel','Gibson','Smith','ut.erat@eleifendnon.org',61,'MASCULINO','6918006838','06-10-15');
INSERT INTO CLIENTE (ID_CLIENTE,NOMBRE,AP_PATERNO,AP_MATERNO,EMAIL,EDAD,SEXO,TELEFONO,FECHA_INGRESO) VALUES (18,'Walter','Nolan','Wynn','tincidunt.tempus.risus@rutrumlorem.edu',36,'FEMENINO','8822705672','06-06-11');
INSERT INTO CLIENTE (ID_CLIENTE,NOMBRE,AP_PATERNO,AP_MATERNO,EMAIL,EDAD,SEXO,TELEFONO,FECHA_INGRESO) VALUES (19,'Marny','Arnold','Haney','auctor.Mauris.vel@AeneanmassaInteger.co.uk',65,'MASCULINO','2533502253','13-08-14');
INSERT INTO CLIENTE (ID_CLIENTE,NOMBRE,AP_PATERNO,AP_MATERNO,EMAIL,EDAD,SEXO,TELEFONO,FECHA_INGRESO) VALUES (20,'Melodie','Lang','Mcfadden','tortor.nibh@luctuslobortisClass.edu',32,'FEMENINO','9844531162','30-07-15');
INSERT INTO CLIENTE (ID_CLIENTE,NOMBRE,AP_PATERNO,AP_MATERNO,EMAIL,EDAD,SEXO,TELEFONO,FECHA_INGRESO) VALUES (21,'Cheyenne','Levine','Barber','sit.amet.ante@malesuada.net',99,'MASCULINO','9283761389','02-08-16');
INSERT INTO CLIENTE (ID_CLIENTE,NOMBRE,AP_PATERNO,AP_MATERNO,EMAIL,EDAD,SEXO,TELEFONO,FECHA_INGRESO) VALUES (22,'Sharon','Cash','Pearson','diam.Proin.dolor@ametluctus.org',30,'FEMENINO','6870229568','25-11-10');
INSERT INTO CLIENTE (ID_CLIENTE,NOMBRE,AP_PATERNO,AP_MATERNO,EMAIL,EDAD,SEXO,TELEFONO,FECHA_INGRESO) VALUES (23,'Vanna','Cortez','Justice','odio.Phasellus.at@risusQuisquelibero.co.uk',72,'MASCULINO','6394246787','18-08-13');
INSERT INTO CLIENTE (ID_CLIENTE,NOMBRE,AP_PATERNO,AP_MATERNO,EMAIL,EDAD,SEXO,TELEFONO,FECHA_INGRESO) VALUES (24,'Evangeline','Owen','Alston','lacus.varius.et@tempusscelerisquelorem.org',99,'FEMENINO','0388090349','12-11-15');
INSERT INTO CLIENTE (ID_CLIENTE,NOMBRE,AP_PATERNO,AP_MATERNO,EMAIL,EDAD,SEXO,TELEFONO,FECHA_INGRESO) VALUES (25,'Josiah','Kidd','Sullivan','placerat.augue@penatibuset.edu',44,'MASCULINO','3968530352','11-03-14');
INSERT INTO CLIENTE (ID_CLIENTE,NOMBRE,AP_PATERNO,AP_MATERNO,EMAIL,EDAD,SEXO,TELEFONO,FECHA_INGRESO) VALUES (26,'Nathan','Pugh','Wallace','aliquam@ipsumcursus.co.uk',23,'FEMENINO','2425180130','06-10-17');
INSERT INTO CLIENTE (ID_CLIENTE,NOMBRE,AP_PATERNO,AP_MATERNO,EMAIL,EDAD,SEXO,TELEFONO,FECHA_INGRESO) VALUES (27,'Evangeline','Sweet','Mullins','malesuada.Integer.id@Nullam.com',67,'MASCULINO','7868012892','31-10-10');
INSERT INTO CLIENTE (ID_CLIENTE,NOMBRE,AP_PATERNO,AP_MATERNO,EMAIL,EDAD,SEXO,TELEFONO,FECHA_INGRESO) VALUES (28,'Maggie','Watts','Austin','erat.semper.rutrum@aliquam.co.uk',34,'FEMENINO','5559506057','29-11-14');
INSERT INTO CLIENTE (ID_CLIENTE,NOMBRE,AP_PATERNO,AP_MATERNO,EMAIL,EDAD,SEXO,TELEFONO,FECHA_INGRESO) VALUES (29,'Erasmus','Hendrix','Ingram','eros.Nam.consequat@non.ca',41,'MASCULINO','0433384096','10-12-11');
INSERT INTO CLIENTE (ID_CLIENTE,NOMBRE,AP_PATERNO,AP_MATERNO,EMAIL,EDAD,SEXO,TELEFONO,FECHA_INGRESO) VALUES (30,'Cade','Perkins','Ewing','quis.diam.Pellentesque@mus.ca',62,'FEMENINO','2714760840','02-12-10');
INSERT INTO CLIENTE (ID_CLIENTE,NOMBRE,AP_PATERNO,AP_MATERNO,EMAIL,EDAD,SEXO,TELEFONO,FECHA_INGRESO) VALUES (31,'Justin','Casey','Pickett','laoreet.posuere.enim@a.edu',37,'MASCULINO','7623989717','04-04-15');
INSERT INTO CLIENTE (ID_CLIENTE,NOMBRE,AP_PATERNO,AP_MATERNO,EMAIL,EDAD,SEXO,TELEFONO,FECHA_INGRESO) VALUES (32,'Sonya','Washington','Macdonald','sagittis@nasceturridiculus.net',87,'FEMENINO','7401659799','02-06-11');
INSERT INTO CLIENTE (ID_CLIENTE,NOMBRE,AP_PATERNO,AP_MATERNO,EMAIL,EDAD,SEXO,TELEFONO,FECHA_INGRESO) VALUES (33,'Chandler','Riley','Deleon','parturient@mauriselit.net',66,'MASCULINO','7470496271','29-09-14');
INSERT INTO CLIENTE (ID_CLIENTE,NOMBRE,AP_PATERNO,AP_MATERNO,EMAIL,EDAD,SEXO,TELEFONO,FECHA_INGRESO) VALUES (34,'Gwendolyn','Donovan','Ellison','adipiscing.non@Etiam.edu',51,'FEMENINO','2033255212','14-04-14');
INSERT INTO CLIENTE (ID_CLIENTE,NOMBRE,AP_PATERNO,AP_MATERNO,EMAIL,EDAD,SEXO,TELEFONO,FECHA_INGRESO) VALUES (35,'Shea','Mathews','Morrow','ligula@Duisrisus.org',97,'MASCULINO','0075754427','28-09-15');
INSERT INTO CLIENTE (ID_CLIENTE,NOMBRE,AP_PATERNO,AP_MATERNO,EMAIL,EDAD,SEXO,TELEFONO,FECHA_INGRESO) VALUES (36,'Abigail','Herrera','Pratt','primis@magnis.org',31,'FEMENINO','1021585639','18-05-15');
INSERT INTO CLIENTE (ID_CLIENTE,NOMBRE,AP_PATERNO,AP_MATERNO,EMAIL,EDAD,SEXO,TELEFONO,FECHA_INGRESO) VALUES (37,'Kirestin','Meadows','Melendez','Nullam.vitae.diam@facilisisSuspendisse.org',76,'MASCULINO','5266761837','01-09-16');
INSERT INTO CLIENTE (ID_CLIENTE,NOMBRE,AP_PATERNO,AP_MATERNO,EMAIL,EDAD,SEXO,TELEFONO,FECHA_INGRESO) VALUES (38,'Gwendolyn','Clay','Ryan','aliquet@Mauris.org',56,'FEMENINO','0297266915','24-05-12');
INSERT INTO CLIENTE (ID_CLIENTE,NOMBRE,AP_PATERNO,AP_MATERNO,EMAIL,EDAD,SEXO,TELEFONO,FECHA_INGRESO) VALUES (39,'Emmanuel','Bradley','Nicholson','consectetuer.adipiscing.elit@nisi.edu',27,'MASCULINO','9315409730','28-07-11');
INSERT INTO CLIENTE (ID_CLIENTE,NOMBRE,AP_PATERNO,AP_MATERNO,EMAIL,EDAD,SEXO,TELEFONO,FECHA_INGRESO) VALUES (40,'Tamekah','Weaver','Campbell','Nulla.tincidunt.neque@Donecporttitortellus.edu',42,'FEMENINO','5474964149','25-06-14');
INSERT INTO CLIENTE (ID_CLIENTE,NOMBRE,AP_PATERNO,AP_MATERNO,EMAIL,EDAD,SEXO,TELEFONO,FECHA_INGRESO) VALUES (41,'Cheyenne','Barron','Warren','enim.Etiam@augueut.co.uk',34,'MASCULINO','9292903714','14-03-12');
INSERT INTO CLIENTE (ID_CLIENTE,NOMBRE,AP_PATERNO,AP_MATERNO,EMAIL,EDAD,SEXO,TELEFONO,FECHA_INGRESO) VALUES (42,'Colleen','Simmons','Levy','interdum.enim@Nulladignissim.com',52,'FEMENINO','3313343971','25-04-17');
INSERT INTO CLIENTE (ID_CLIENTE,NOMBRE,AP_PATERNO,AP_MATERNO,EMAIL,EDAD,SEXO,TELEFONO,FECHA_INGRESO) VALUES (43,'Lydia','Cooper','Burks','tincidunt@eratinconsectetuer.co.uk',48,'MASCULINO','1743315329','08-10-16');
INSERT INTO CLIENTE (ID_CLIENTE,NOMBRE,AP_PATERNO,AP_MATERNO,EMAIL,EDAD,SEXO,TELEFONO,FECHA_INGRESO) VALUES (44,'Lionel','Mccarty','Lang','neque.sed.sem@mollisInteger.com',56,'FEMENINO','3896814237','27-12-16');
INSERT INTO CLIENTE (ID_CLIENTE,NOMBRE,AP_PATERNO,AP_MATERNO,EMAIL,EDAD,SEXO,TELEFONO,FECHA_INGRESO) VALUES (45,'Larissa','Schroeder','Hoffman','semper.pretium.neque@Proin.ca',46,'MASCULINO','3268264288','11-02-14');
INSERT INTO CLIENTE (ID_CLIENTE,NOMBRE,AP_PATERNO,AP_MATERNO,EMAIL,EDAD,SEXO,TELEFONO,FECHA_INGRESO) VALUES (46,'Theodore','Day','Burks','a@risus.edu',99,'FEMENINO','1262683852','23-04-16');
INSERT INTO CLIENTE (ID_CLIENTE,NOMBRE,AP_PATERNO,AP_MATERNO,EMAIL,EDAD,SEXO,TELEFONO,FECHA_INGRESO) VALUES (47,'Ann','Shepard','Wilder','molestie.orci.tincidunt@nullaCras.edu',34,'MASCULINO','9530835882','29-08-14');
INSERT INTO CLIENTE (ID_CLIENTE,NOMBRE,AP_PATERNO,AP_MATERNO,EMAIL,EDAD,SEXO,TELEFONO,FECHA_INGRESO) VALUES (48,'Perry','Boyer','Bond','laoreet.ipsum@ornare.co.uk',89,'FEMENINO','1226586141','27-11-16');
INSERT INTO CLIENTE (ID_CLIENTE,NOMBRE,AP_PATERNO,AP_MATERNO,EMAIL,EDAD,SEXO,TELEFONO,FECHA_INGRESO) VALUES (49,'Clarke','Workman','Fitzpatrick','nulla.magna.malesuada@vulputateullamcorper.com',30,'MASCULINO','5470418086','16-03-11');
INSERT INTO CLIENTE (ID_CLIENTE,NOMBRE,AP_PATERNO,AP_MATERNO,EMAIL,EDAD,SEXO,TELEFONO,FECHA_INGRESO) VALUES (50,'Ruby','Kramer','Gould','elit@euultrices.net',37,'FEMENINO','8698496140','24-05-17');
INSERT INTO CLIENTE (ID_CLIENTE,NOMBRE,AP_PATERNO,AP_MATERNO,EMAIL,EDAD,SEXO,TELEFONO,FECHA_INGRESO) VALUES (51,'Meredith','Floyd','Pena','dis.parturient@adipiscing.org',67,'MASCULINO','2629296398','08-12-11');
INSERT INTO CLIENTE (ID_CLIENTE,NOMBRE,AP_PATERNO,AP_MATERNO,EMAIL,EDAD,SEXO,TELEFONO,FECHA_INGRESO) VALUES (52,'Prescott','Watkins','Poole','Phasellus.elit@ac.edu',15,'FEMENINO','2547409885','15-06-17');
INSERT INTO CLIENTE (ID_CLIENTE,NOMBRE,AP_PATERNO,AP_MATERNO,EMAIL,EDAD,SEXO,TELEFONO,FECHA_INGRESO) VALUES (53,'Luke','Day','Hardy','lorem.auctor.quis@pretiumneque.co.uk',67,'MASCULINO','2972671117','08-01-14');
INSERT INTO CLIENTE (ID_CLIENTE,NOMBRE,AP_PATERNO,AP_MATERNO,EMAIL,EDAD,SEXO,TELEFONO,FECHA_INGRESO) VALUES (54,'Indigo','Lambert','Spears','est@varius.co.uk',94,'FEMENINO','4657572586','30-05-15');
INSERT INTO CLIENTE (ID_CLIENTE,NOMBRE,AP_PATERNO,AP_MATERNO,EMAIL,EDAD,SEXO,TELEFONO,FECHA_INGRESO) VALUES (55,'Dakota','Dickson','Whitfield','tempus@nibh.com',99,'MASCULINO','5713514651','23-07-11');
INSERT INTO CLIENTE (ID_CLIENTE,NOMBRE,AP_PATERNO,AP_MATERNO,EMAIL,EDAD,SEXO,TELEFONO,FECHA_INGRESO) VALUES (56,'Kessie','Daugherty','Allen','ac.mattis.ornare@Aeneansedpede.edu',22,'FEMENINO','0849244685','03-06-12');
INSERT INTO CLIENTE (ID_CLIENTE,NOMBRE,AP_PATERNO,AP_MATERNO,EMAIL,EDAD,SEXO,TELEFONO,FECHA_INGRESO) VALUES (57,'Malachi','Hester','Thomas','Nunc@diam.net',92,'MASCULINO','6196627026','25-12-10');
INSERT INTO CLIENTE (ID_CLIENTE,NOMBRE,AP_PATERNO,AP_MATERNO,EMAIL,EDAD,SEXO,TELEFONO,FECHA_INGRESO) VALUES (58,'Samuel','Willis','Strong','turpis.non.enim@inconsectetuer.edu',81,'FEMENINO','6599159897','05-03-10');
INSERT INTO CLIENTE (ID_CLIENTE,NOMBRE,AP_PATERNO,AP_MATERNO,EMAIL,EDAD,SEXO,TELEFONO,FECHA_INGRESO) VALUES (59,'Jaden','Park','Mathis','nisi.magna.sed@enim.org',22,'MASCULINO','5812157466','07-03-10');
INSERT INTO CLIENTE (ID_CLIENTE,NOMBRE,AP_PATERNO,AP_MATERNO,EMAIL,EDAD,SEXO,TELEFONO,FECHA_INGRESO) VALUES (60,'Eagan','Lane','Woods','sem@euenim.net',29,'FEMENINO','7011328115','11-01-17');
INSERT INTO CLIENTE (ID_CLIENTE,NOMBRE,AP_PATERNO,AP_MATERNO,EMAIL,EDAD,SEXO,TELEFONO,FECHA_INGRESO) VALUES (61,'Garrett','Burnett','Goodwin','felis.Donec.tempor@ut.org',20,'MASCULINO','7169494515','31-12-10');
INSERT INTO CLIENTE (ID_CLIENTE,NOMBRE,AP_PATERNO,AP_MATERNO,EMAIL,EDAD,SEXO,TELEFONO,FECHA_INGRESO) VALUES (62,'Rae','Marsh','Kane','dictum.eu@amet.org',22,'FEMENINO','2264634033','17-12-14');
INSERT INTO CLIENTE (ID_CLIENTE,NOMBRE,AP_PATERNO,AP_MATERNO,EMAIL,EDAD,SEXO,TELEFONO,FECHA_INGRESO) VALUES (63,'Abigail','Pitts','Sweeney','ac.mattis@nibh.org',73,'MASCULINO','3117446296','15-09-14');
INSERT INTO CLIENTE (ID_CLIENTE,NOMBRE,AP_PATERNO,AP_MATERNO,EMAIL,EDAD,SEXO,TELEFONO,FECHA_INGRESO) VALUES (64,'Tyler','Sosa','Mckinney','justo.Proin@vitaemaurissit.org',22,'FEMENINO','9968341187','04-09-12');
INSERT INTO CLIENTE (ID_CLIENTE,NOMBRE,AP_PATERNO,AP_MATERNO,EMAIL,EDAD,SEXO,TELEFONO,FECHA_INGRESO) VALUES (65,'Aubrey','Merritt','Willis','Etiam.vestibulum.massa@vulputatelacusCras.co.uk',90,'MASCULINO','6373450475','16-09-11');
INSERT INTO CLIENTE (ID_CLIENTE,NOMBRE,AP_PATERNO,AP_MATERNO,EMAIL,EDAD,SEXO,TELEFONO,FECHA_INGRESO) VALUES (66,'Hilary','Jimenez','Sampson','eu@metusurna.org',74,'FEMENINO','8430008612','04-03-17');
INSERT INTO CLIENTE (ID_CLIENTE,NOMBRE,AP_PATERNO,AP_MATERNO,EMAIL,EDAD,SEXO,TELEFONO,FECHA_INGRESO) VALUES (67,'Teagan','Gallagher','Pate','fringilla.mi@dolorsitamet.ca',16,'MASCULINO','6147267282','03-03-15');
INSERT INTO CLIENTE (ID_CLIENTE,NOMBRE,AP_PATERNO,AP_MATERNO,EMAIL,EDAD,SEXO,TELEFONO,FECHA_INGRESO) VALUES (68,'Mufutau','Ballard','Case','vulputate@Sedcongue.edu',43,'FEMENINO','1361686937','26-03-16');
INSERT INTO CLIENTE (ID_CLIENTE,NOMBRE,AP_PATERNO,AP_MATERNO,EMAIL,EDAD,SEXO,TELEFONO,FECHA_INGRESO) VALUES (69,'Beau','Alexander','Mcintosh','mi.lacinia.mattis@ametfaucibus.co.uk',39,'MASCULINO','7644552428','20-03-15');
INSERT INTO CLIENTE (ID_CLIENTE,NOMBRE,AP_PATERNO,AP_MATERNO,EMAIL,EDAD,SEXO,TELEFONO,FECHA_INGRESO) VALUES (70,'Dustin','Nielsen','Tanner','lobortis.nisi@Donec.net',87,'FEMENINO','1178145189','31-08-11');
INSERT INTO CLIENTE (ID_CLIENTE,NOMBRE,AP_PATERNO,AP_MATERNO,EMAIL,EDAD,SEXO,TELEFONO,FECHA_INGRESO) VALUES (71,'Tate','Pate','Lamb','nisl.sem@eu.edu',65,'MASCULINO','8774239788','06-07-10');
INSERT INTO CLIENTE (ID_CLIENTE,NOMBRE,AP_PATERNO,AP_MATERNO,EMAIL,EDAD,SEXO,TELEFONO,FECHA_INGRESO) VALUES (72,'Casey','Dejesus','Blankenship','iaculis.lacus.pede@purusgravidasagittis.co.uk',20,'FEMENINO','6409795478','19-05-17');
INSERT INTO CLIENTE (ID_CLIENTE,NOMBRE,AP_PATERNO,AP_MATERNO,EMAIL,EDAD,SEXO,TELEFONO,FECHA_INGRESO) VALUES (73,'Hedley','Johnston','Cash','augue@antelectus.com',93,'MASCULINO','6559576444','01-08-16');
INSERT INTO CLIENTE (ID_CLIENTE,NOMBRE,AP_PATERNO,AP_MATERNO,EMAIL,EDAD,SEXO,TELEFONO,FECHA_INGRESO) VALUES (74,'Karen','Vang','Hendrix','convallis.ligula.Donec@urnaVivamusmolestie.org',77,'FEMENINO','1383558825','06-09-17');
INSERT INTO CLIENTE (ID_CLIENTE,NOMBRE,AP_PATERNO,AP_MATERNO,EMAIL,EDAD,SEXO,TELEFONO,FECHA_INGRESO) VALUES (75,'Rama','Knapp','Fowler','a.dui@dui.co.uk',26,'MASCULINO','5572910504','26-07-17');
INSERT INTO CLIENTE (ID_CLIENTE,NOMBRE,AP_PATERNO,AP_MATERNO,EMAIL,EDAD,SEXO,TELEFONO,FECHA_INGRESO) VALUES (76,'Azalia','Hines','Bolton','Etiam.imperdiet.dictum@Namconsequat.ca',72,'FEMENINO','8069226586','19-08-15');
INSERT INTO CLIENTE (ID_CLIENTE,NOMBRE,AP_PATERNO,AP_MATERNO,EMAIL,EDAD,SEXO,TELEFONO,FECHA_INGRESO) VALUES (77,'Nomlanga','Frost','Turner','Pellentesque@conubianostra.ca',99,'MASCULINO','9509591848','11-12-11');
INSERT INTO CLIENTE (ID_CLIENTE,NOMBRE,AP_PATERNO,AP_MATERNO,EMAIL,EDAD,SEXO,TELEFONO,FECHA_INGRESO) VALUES (78,'Nola','Morrison','Newton','risus.Nunc.ac@Cras.ca',56,'FEMENINO','1205224654','28-08-12');
INSERT INTO CLIENTE (ID_CLIENTE,NOMBRE,AP_PATERNO,AP_MATERNO,EMAIL,EDAD,SEXO,TELEFONO,FECHA_INGRESO) VALUES (79,'Orla','Luna','Combs','mauris@facilisis.com',40,'MASCULINO','2618506967','01-11-13');
INSERT INTO CLIENTE (ID_CLIENTE,NOMBRE,AP_PATERNO,AP_MATERNO,EMAIL,EDAD,SEXO,TELEFONO,FECHA_INGRESO) VALUES (80,'Blaine','Mccray','Washington','felis@consequatdolorvitae.net',79,'FEMENINO','1807742481','06-05-17');
INSERT INTO CLIENTE (ID_CLIENTE,NOMBRE,AP_PATERNO,AP_MATERNO,EMAIL,EDAD,SEXO,TELEFONO,FECHA_INGRESO) VALUES (81,'Hamilton','Mckee','Hurley','eget.lacus.Mauris@Utsagittislobortis.com',21,'MASCULINO','1993193294','08-04-11');
INSERT INTO CLIENTE (ID_CLIENTE,NOMBRE,AP_PATERNO,AP_MATERNO,EMAIL,EDAD,SEXO,TELEFONO,FECHA_INGRESO) VALUES (82,'Imani','Bartlett','Benson','a.enim@per.org',99,'FEMENINO','2443409347','27-11-14');
INSERT INTO CLIENTE (ID_CLIENTE,NOMBRE,AP_PATERNO,AP_MATERNO,EMAIL,EDAD,SEXO,TELEFONO,FECHA_INGRESO) VALUES (83,'Jasmine','Bradshaw','Hubbard','ipsum.dolor@ultriciessemmagna.com',81,'MASCULINO','8683683877','01-06-16');
INSERT INTO CLIENTE (ID_CLIENTE,NOMBRE,AP_PATERNO,AP_MATERNO,EMAIL,EDAD,SEXO,TELEFONO,FECHA_INGRESO) VALUES (84,'Eric','Hahn','Cantu','blandit.mattis.Cras@malesuada.ca',45,'FEMENINO','3210379408','09-07-12');
INSERT INTO CLIENTE (ID_CLIENTE,NOMBRE,AP_PATERNO,AP_MATERNO,EMAIL,EDAD,SEXO,TELEFONO,FECHA_INGRESO) VALUES (85,'Magee','Carrillo','Arnold','sed.consequat@dui.edu',55,'MASCULINO','4850713102','10-04-17');
INSERT INTO CLIENTE (ID_CLIENTE,NOMBRE,AP_PATERNO,AP_MATERNO,EMAIL,EDAD,SEXO,TELEFONO,FECHA_INGRESO) VALUES (86,'Kaitlin','Vazquez','Rivers','in@ipsumprimisin.net',30,'FEMENINO','7435450157','19-01-16');
INSERT INTO CLIENTE (ID_CLIENTE,NOMBRE,AP_PATERNO,AP_MATERNO,EMAIL,EDAD,SEXO,TELEFONO,FECHA_INGRESO) VALUES (87,'Noelle','Allison','Chandler','ornare@ipsumsodales.org',88,'MASCULINO','3286011127','19-06-13');
INSERT INTO CLIENTE (ID_CLIENTE,NOMBRE,AP_PATERNO,AP_MATERNO,EMAIL,EDAD,SEXO,TELEFONO,FECHA_INGRESO) VALUES (88,'Eric','House','Mcguire','tortor@tacitisociosqu.ca',30,'FEMENINO','4640933196','28-08-13');
INSERT INTO CLIENTE (ID_CLIENTE,NOMBRE,AP_PATERNO,AP_MATERNO,EMAIL,EDAD,SEXO,TELEFONO,FECHA_INGRESO) VALUES (89,'September','Tyson','Brennan','vel.faucibus.id@diamSeddiam.edu',43,'MASCULINO','3280274355','19-03-16');
INSERT INTO CLIENTE (ID_CLIENTE,NOMBRE,AP_PATERNO,AP_MATERNO,EMAIL,EDAD,SEXO,TELEFONO,FECHA_INGRESO) VALUES (90,'Zephania','Juarez','Fitzgerald','ac@molestiesodalesMauris.co.uk',67,'FEMENINO','6242632133','07-09-14');
INSERT INTO CLIENTE (ID_CLIENTE,NOMBRE,AP_PATERNO,AP_MATERNO,EMAIL,EDAD,SEXO,TELEFONO,FECHA_INGRESO) VALUES (91,'Norman','Pickett','Potter','volutpat.Nulla.facilisis@Quisque.edu',28,'MASCULINO','9233093367','15-09-10');
INSERT INTO CLIENTE (ID_CLIENTE,NOMBRE,AP_PATERNO,AP_MATERNO,EMAIL,EDAD,SEXO,TELEFONO,FECHA_INGRESO) VALUES (92,'Roary','May','Mayo','Nunc@metusAliquamerat.org',17,'FEMENINO','8822081369','31-10-12');
INSERT INTO CLIENTE (ID_CLIENTE,NOMBRE,AP_PATERNO,AP_MATERNO,EMAIL,EDAD,SEXO,TELEFONO,FECHA_INGRESO) VALUES (93,'Hedwig','Whitehead','Grimes','Nunc@consequat.net',67,'MASCULINO','7714296199','28-08-17');
INSERT INTO CLIENTE (ID_CLIENTE,NOMBRE,AP_PATERNO,AP_MATERNO,EMAIL,EDAD,SEXO,TELEFONO,FECHA_INGRESO) VALUES (94,'Lev','Thornton','Pearson','lectus.Nullam.suscipit@cursus.co.uk',34,'FEMENINO','7871297669','27-10-10');
INSERT INTO CLIENTE (ID_CLIENTE,NOMBRE,AP_PATERNO,AP_MATERNO,EMAIL,EDAD,SEXO,TELEFONO,FECHA_INGRESO) VALUES (95,'Francesca','Howell','Harrison','arcu.Sed.eu@luctuslobortis.ca',37,'MASCULINO','8127960131','21-05-14');
INSERT INTO CLIENTE (ID_CLIENTE,NOMBRE,AP_PATERNO,AP_MATERNO,EMAIL,EDAD,SEXO,TELEFONO,FECHA_INGRESO) VALUES (96,'Veronica','Everett','Ayers','Suspendisse.sagittis@nibhPhasellus.org',52,'FEMENINO','1753318897','17-11-11');
INSERT INTO CLIENTE (ID_CLIENTE,NOMBRE,AP_PATERNO,AP_MATERNO,EMAIL,EDAD,SEXO,TELEFONO,FECHA_INGRESO) VALUES (97,'Bianca','Carrillo','Whitaker','tellus@Suspendissenon.com',89,'MASCULINO','3187216858','05-11-16');
INSERT INTO CLIENTE (ID_CLIENTE,NOMBRE,AP_PATERNO,AP_MATERNO,EMAIL,EDAD,SEXO,TELEFONO,FECHA_INGRESO) VALUES (98,'Quinlan','Nunez','Juarez','lorem.semper@arcuetpede.ca',34,'FEMENINO','8736438819','16-03-13');
INSERT INTO CLIENTE (ID_CLIENTE,NOMBRE,AP_PATERNO,AP_MATERNO,EMAIL,EDAD,SEXO,TELEFONO,FECHA_INGRESO) VALUES (99,'Amena','Kirkland','Emerson','fringilla.Donec.feugiat@hymenaeosMaurisut.ca',73,'MASCULINO','8861027120','18-03-13');
INSERT INTO CLIENTE (ID_CLIENTE,NOMBRE,AP_PATERNO,AP_MATERNO,EMAIL,EDAD,SEXO,TELEFONO,FECHA_INGRESO) VALUES (100,'Camilla','Hickman','Mercer','lectus@in.edu',60,'FEMENINO','3073922101','30-03-14');

-- DIRECCION
INSERT INTO DIRECCION (ID_DIRECCION,CALLE,NUMERO,COLONIA,CP,DELEGACION) VALUES (1,'2786 Donec Street',103,'AN',56088,'Jan');
INSERT INTO DIRECCION (ID_DIRECCION,CALLE,NUMERO,COLONIA,CP,DELEGACION) VALUES (2,'815-4072 Lorem Rd.',25,'SK',66332,'Kielce');
INSERT INTO DIRECCION (ID_DIRECCION,CALLE,NUMERO,COLONIA,CP,DELEGACION) VALUES (3,'P.O. Box 610, 837 Volutpat Ave',302,'KD',40702,'Zaria');
INSERT INTO DIRECCION (ID_DIRECCION,CALLE,NUMERO,COLONIA,CP,DELEGACION) VALUES (4,'Ap #405-1817 Sed, Rd.',152,'Par',59215,'Castanhal');
INSERT INTO DIRECCION (ID_DIRECCION,CALLE,NUMERO,COLONIA,CP,DELEGACION) VALUES (5,'P.O. Box 102, 4358 Mi Rd.',117,'West-Vlaanderen',86915,'Stene');
INSERT INTO DIRECCION (ID_DIRECCION,CALLE,NUMERO,COLONIA,CP,DELEGACION) VALUES (6,'Ap #205-8990 Sed Road',265,'Catalunya',68006,'Sabadell');
INSERT INTO DIRECCION (ID_DIRECCION,CALLE,NUMERO,COLONIA,CP,DELEGACION) VALUES (7,'6113 Odio. Ave',330,'Vienna',16623,'Vienna');
INSERT INTO DIRECCION (ID_DIRECCION,CALLE,NUMERO,COLONIA,CP,DELEGACION) VALUES (8,'707-2724 Nunc St.',254,'Noord Holland',27982,'Enkhuizen');
INSERT INTO DIRECCION (ID_DIRECCION,CALLE,NUMERO,COLONIA,CP,DELEGACION) VALUES (9,'1373 Donec St.',66,'Oyo',90249,'Oyo');
INSERT INTO DIRECCION (ID_DIRECCION,CALLE,NUMERO,COLONIA,CP,DELEGACION) VALUES (10,'P.O. Box 153, 2902 Malesuada Ave',128,'O',48422,'Lidkping');
INSERT INTO DIRECCION (ID_DIRECCION,CALLE,NUMERO,COLONIA,CP,DELEGACION) VALUES (11,'1094 Cum Ave',44,'A',67360,'Alajuela');
INSERT INTO DIRECCION (ID_DIRECCION,CALLE,NUMERO,COLONIA,CP,DELEGACION) VALUES (12,'1849 Sed Rd.',293,'H',46024,'Mercedes');
INSERT INTO DIRECCION (ID_DIRECCION,CALLE,NUMERO,COLONIA,CP,DELEGACION) VALUES (13,'675-2619 Posuere Ave',255,'HA',21781,'Le Grand-Quevilly');
INSERT INTO DIRECCION (ID_DIRECCION,CALLE,NUMERO,COLONIA,CP,DELEGACION) VALUES (14,'Ap #138-5497 Tempus, Road',41,'Illinois',52889,'Aurora');
INSERT INTO DIRECCION (ID_DIRECCION,CALLE,NUMERO,COLONIA,CP,DELEGACION) VALUES (15,'P.O. Box 224, 2553 Sagittis. Rd.',33,'Ontario',61321,'Ottawa-Carleton');
INSERT INTO DIRECCION (ID_DIRECCION,CALLE,NUMERO,COLONIA,CP,DELEGACION) VALUES (16,'Ap #919-5248 Rutrum Av.',311,'Ontario',26771,'Toronto');
INSERT INTO DIRECCION (ID_DIRECCION,CALLE,NUMERO,COLONIA,CP,DELEGACION) VALUES (17,'793-2463 Augue Street',286,'QC',73708,'Dgelis');
INSERT INTO DIRECCION (ID_DIRECCION,CALLE,NUMERO,COLONIA,CP,DELEGACION) VALUES (18,'P.O. Box 427, 3941 Orci, Rd.',107,'Aquitaine',59517,'Bayonne');
INSERT INTO DIRECCION (ID_DIRECCION,CALLE,NUMERO,COLONIA,CP,DELEGACION) VALUES (19,'Ap #630-8808 Fermentum Avenue',393,'Namen',78916,'Saint-Denis-Bovesse');
INSERT INTO DIRECCION (ID_DIRECCION,CALLE,NUMERO,COLONIA,CP,DELEGACION) VALUES (20,'P.O. Box 290, 4536 Augue Rd.',152,'ON',33064,'Whitewater Region Township');
INSERT INTO DIRECCION (ID_DIRECCION,CALLE,NUMERO,COLONIA,CP,DELEGACION) VALUES (21,'Ap #389-5357 Metus Av.',73,'Aquitaine',34964,'Anglet');
INSERT INTO DIRECCION (ID_DIRECCION,CALLE,NUMERO,COLONIA,CP,DELEGACION) VALUES (22,'Ap #211-9518 Quis, Av.',269,'IL',96847,'Levallois-Perret');
INSERT INTO DIRECCION (ID_DIRECCION,CALLE,NUMERO,COLONIA,CP,DELEGACION) VALUES (23,'466-1313 Euismod St.',392,'LU',52144,'Lublin');
INSERT INTO DIRECCION (ID_DIRECCION,CALLE,NUMERO,COLONIA,CP,DELEGACION) VALUES (24,'Ap #646-5766 Auctor, Road',208,'N.',73444,'Brunn am Gebirge');
INSERT INTO DIRECCION (ID_DIRECCION,CALLE,NUMERO,COLONIA,CP,DELEGACION) VALUES (25,'2924 Integer St.',230,'Vienna',89477,'Vienna');
INSERT INTO DIRECCION (ID_DIRECCION,CALLE,NUMERO,COLONIA,CP,DELEGACION) VALUES (26,'6279 Et Rd.',33,'Bourgogne',25119,'Auxerre');
INSERT INTO DIRECCION (ID_DIRECCION,CALLE,NUMERO,COLONIA,CP,DELEGACION) VALUES (27,'P.O. Box 461, 4678 At, St.',38,'Vienna',58709,'Vienna');
INSERT INTO DIRECCION (ID_DIRECCION,CALLE,NUMERO,COLONIA,CP,DELEGACION) VALUES (28,'P.O. Box 526, 3813 Hendrerit Street',67,'San Jos',44343,'Tirrases');
INSERT INTO DIRECCION (ID_DIRECCION,CALLE,NUMERO,COLONIA,CP,DELEGACION) VALUES (29,'Ap #168-2942 Eu Avenue',303,'LA',16202,'Bziers');
INSERT INTO DIRECCION (ID_DIRECCION,CALLE,NUMERO,COLONIA,CP,DELEGACION) VALUES (30,'982-1148 Et, Street',231,'QLD',88817,'Charters Towers');
INSERT INTO DIRECCION (ID_DIRECCION,CALLE,NUMERO,COLONIA,CP,DELEGACION) VALUES (31,'P.O. Box 947, 6728 Nec Av.',364,'Ontario',11077,'Grey County');
INSERT INTO DIRECCION (ID_DIRECCION,CALLE,NUMERO,COLONIA,CP,DELEGACION) VALUES (32,'814-1978 Proin Avenue',60,'Madrid',61492,'Alcorcn');
INSERT INTO DIRECCION (ID_DIRECCION,CALLE,NUMERO,COLONIA,CP,DELEGACION) VALUES (33,'Ap #972-998 Sociis Ave',162,'Lazio',85698,'Torre Cajetani');
INSERT INTO DIRECCION (ID_DIRECCION,CALLE,NUMERO,COLONIA,CP,DELEGACION) VALUES (34,'140-5801 Et St.',33,'LIG',83916,'Zignago');
INSERT INTO DIRECCION (ID_DIRECCION,CALLE,NUMERO,COLONIA,CP,DELEGACION) VALUES (35,'186-5034 Cras St.',40,'QC',95825,'Neuville');
INSERT INTO DIRECCION (ID_DIRECCION,CALLE,NUMERO,COLONIA,CP,DELEGACION) VALUES (36,'793-1301 Eget, St.',132,'Metropolitana de Santiago',35119,'San Miguel');
INSERT INTO DIRECCION (ID_DIRECCION,CALLE,NUMERO,COLONIA,CP,DELEGACION) VALUES (37,'Ap #294-8265 Pellentesque Ave',28,'Brussels Hoofdstedelijk Gewest',14685,'Brussel');
INSERT INTO DIRECCION (ID_DIRECCION,CALLE,NUMERO,COLONIA,CP,DELEGACION) VALUES (38,'P.O. Box 973, 9330 Egestas, Rd.',259,'Vlaams-Brabant',75448,'Herne');
INSERT INTO DIRECCION (ID_DIRECCION,CALLE,NUMERO,COLONIA,CP,DELEGACION) VALUES (39,'Ap #609-443 Ut Road',150,'AK',72297,'Ikot Ekpene');
INSERT INTO DIRECCION (ID_DIRECCION,CALLE,NUMERO,COLONIA,CP,DELEGACION) VALUES (40,'838-7266 Lacinia Road',252,'DE',69108,'Sapele');
INSERT INTO DIRECCION (ID_DIRECCION,CALLE,NUMERO,COLONIA,CP,DELEGACION) VALUES (41,'954 Ultrices Street',352,'LA',51286,'New Orleans');
INSERT INTO DIRECCION (ID_DIRECCION,CALLE,NUMERO,COLONIA,CP,DELEGACION) VALUES (42,'5948 Libero. Road',217,'AB',96776,'Mrsta');
INSERT INTO DIRECCION (ID_DIRECCION,CALLE,NUMERO,COLONIA,CP,DELEGACION) VALUES (43,'6002 Curae; Road',217,'Argyllshire',24790,'Tobermory');
INSERT INTO DIRECCION (ID_DIRECCION,CALLE,NUMERO,COLONIA,CP,DELEGACION) VALUES (44,'759-9537 Praesent Av.',38,'SI',69377,'Alexandra');
INSERT INTO DIRECCION (ID_DIRECCION,CALLE,NUMERO,COLONIA,CP,DELEGACION) VALUES (45,'P.O. Box 415, 3762 Non Street',292,'Andaluca',94911,'Crdoba');
INSERT INTO DIRECCION (ID_DIRECCION,CALLE,NUMERO,COLONIA,CP,DELEGACION) VALUES (46,'706-9087 Dignissim Avenue',288,'CO',64819,'Bastia');
INSERT INTO DIRECCION (ID_DIRECCION,CALLE,NUMERO,COLONIA,CP,DELEGACION) VALUES (47,'Ap #597-9990 Eget Rd.',105,'Castilla y Len',11970,'Len');
INSERT INTO DIRECCION (ID_DIRECCION,CALLE,NUMERO,COLONIA,CP,DELEGACION) VALUES (48,'Ap #992-3281 Volutpat. Rd.',209,'Punjab',45852,'Gujranwala');
INSERT INTO DIRECCION (ID_DIRECCION,CALLE,NUMERO,COLONIA,CP,DELEGACION) VALUES (49,'P.O. Box 693, 454 Arcu Road',69,'WA',31217,'Subiaco');
INSERT INTO DIRECCION (ID_DIRECCION,CALLE,NUMERO,COLONIA,CP,DELEGACION) VALUES (50,'Ap #479-4805 Semper Street',19,'Kansas',56604,'Overland Park');
INSERT INTO DIRECCION (ID_DIRECCION,CALLE,NUMERO,COLONIA,CP,DELEGACION) VALUES (51,'774-345 Erat Ave',164,'U',39759,'Belfast');
INSERT INTO DIRECCION (ID_DIRECCION,CALLE,NUMERO,COLONIA,CP,DELEGACION) VALUES (52,'P.O. Box 815, 6186 Posuere Rd.',284,'X',24911,'Gvle');
INSERT INTO DIRECCION (ID_DIRECCION,CALLE,NUMERO,COLONIA,CP,DELEGACION) VALUES (53,'P.O. Box 877, 9193 Ut Av.',391,'Benue',78376,'Makurdi');
INSERT INTO DIRECCION (ID_DIRECCION,CALLE,NUMERO,COLONIA,CP,DELEGACION) VALUES (54,'877-7678 Litora Avenue',286,'ME',41294,'Augusta');
INSERT INTO DIRECCION (ID_DIRECCION,CALLE,NUMERO,COLONIA,CP,DELEGACION) VALUES (55,'6194 Fusce Ave',265,'Ankara',69176,'ereflikohisar');
INSERT INTO DIRECCION (ID_DIRECCION,CALLE,NUMERO,COLONIA,CP,DELEGACION) VALUES (56,'3227 Felis Ave',340,'Noord Brabant',37148,'Bergen op Zoom');
INSERT INTO DIRECCION (ID_DIRECCION,CALLE,NUMERO,COLONIA,CP,DELEGACION) VALUES (57,'312-6091 Nullam Rd.',28,'VIC',43826,'Traralgon');
INSERT INTO DIRECCION (ID_DIRECCION,CALLE,NUMERO,COLONIA,CP,DELEGACION) VALUES (58,'718-1660 Donec Street',327,'CO',15411,'Aurora');
INSERT INTO DIRECCION (ID_DIRECCION,CALLE,NUMERO,COLONIA,CP,DELEGACION) VALUES (59,'P.O. Box 966, 4720 Neque. Ave',219,'North Island',74001,'Wanganui');
INSERT INTO DIRECCION (ID_DIRECCION,CALLE,NUMERO,COLONIA,CP,DELEGACION) VALUES (60,'P.O. Box 418, 5361 Ut Road',14,'Waals-Brabant',20175,'Walhain');
INSERT INTO DIRECCION (ID_DIRECCION,CALLE,NUMERO,COLONIA,CP,DELEGACION) VALUES (61,'P.O. Box 211, 4577 Tristique St.',261,'AB',43732,'Warburg');
INSERT INTO DIRECCION (ID_DIRECCION,CALLE,NUMERO,COLONIA,CP,DELEGACION) VALUES (62,'1464 Penatibus St.',65,'N.',17806,'Medemblik');
INSERT INTO DIRECCION (ID_DIRECCION,CALLE,NUMERO,COLONIA,CP,DELEGACION) VALUES (63,'Ap #871-5400 Nunc Av.',47,'Z.',35492,'Delft');
INSERT INTO DIRECCION (ID_DIRECCION,CALLE,NUMERO,COLONIA,CP,DELEGACION) VALUES (64,'P.O. Box 530, 7484 Quis, Rd.',39,'O',49812,'Vnersborg');
INSERT INTO DIRECCION (ID_DIRECCION,CALLE,NUMERO,COLONIA,CP,DELEGACION) VALUES (65,'Ap #942-1721 Donec Avenue',45,'NI',67119,'Lower Hutt');
INSERT INTO DIRECCION (ID_DIRECCION,CALLE,NUMERO,COLONIA,CP,DELEGACION) VALUES (66,'Ap #942-3371 Nam Avenue',130,'Bauchi',45698,'Bauchi');
INSERT INTO DIRECCION (ID_DIRECCION,CALLE,NUMERO,COLONIA,CP,DELEGACION) VALUES (67,'211-5708 Suspendisse Av.',93,'F',44677,'Vrnamo');
INSERT INTO DIRECCION (ID_DIRECCION,CALLE,NUMERO,COLONIA,CP,DELEGACION) VALUES (68,'Ap #339-1002 Leo. Road',282,'VIC',98885,'Hamilton');
INSERT INTO DIRECCION (ID_DIRECCION,CALLE,NUMERO,COLONIA,CP,DELEGACION) VALUES (69,'P.O. Box 638, 1262 Habitant St.',271,'AB',32562,'Vallentuna');
INSERT INTO DIRECCION (ID_DIRECCION,CALLE,NUMERO,COLONIA,CP,DELEGACION) VALUES (70,'Ap #790-4942 Justo Av.',134,'ON',85870,'Kitchener');
INSERT INTO DIRECCION (ID_DIRECCION,CALLE,NUMERO,COLONIA,CP,DELEGACION) VALUES (71,'639-1826 Non, Av.',236,'Zuid Holland',11810,'Gouda');
INSERT INTO DIRECCION (ID_DIRECCION,CALLE,NUMERO,COLONIA,CP,DELEGACION) VALUES (72,'Ap #165-7550 Ac Rd.',248,'New South Wales',63534,'Wagga Wagga');
INSERT INTO DIRECCION (ID_DIRECCION,CALLE,NUMERO,COLONIA,CP,DELEGACION) VALUES (73,'P.O. Box 561, 4940 Velit. St.',176,'Vienna',45653,'Vienna');
INSERT INTO DIRECCION (ID_DIRECCION,CALLE,NUMERO,COLONIA,CP,DELEGACION) VALUES (74,'P.O. Box 598, 9564 Auctor Avenue',328,'Alajuela',15683,'Alajuela');
INSERT INTO DIRECCION (ID_DIRECCION,CALLE,NUMERO,COLONIA,CP,DELEGACION) VALUES (75,'P.O. Box 804, 4809 Id, St.',228,'zmir',95606,'demi');
INSERT INTO DIRECCION (ID_DIRECCION,CALLE,NUMERO,COLONIA,CP,DELEGACION) VALUES (76,'P.O. Box 836, 3634 Euismod Ave',176,'Antwerpen',24751,'Westmalle');
INSERT INTO DIRECCION (ID_DIRECCION,CALLE,NUMERO,COLONIA,CP,DELEGACION) VALUES (77,'2642 Sed St.',329,'VIC',79151,'Bairnsdale');
INSERT INTO DIRECCION (ID_DIRECCION,CALLE,NUMERO,COLONIA,CP,DELEGACION) VALUES (78,'Ap #508-3938 Diam. St.',239,'Madhya Pradesh',35751,'Mandasor');
INSERT INTO DIRECCION (ID_DIRECCION,CALLE,NUMERO,COLONIA,CP,DELEGACION) VALUES (79,'3183 Vitae Avenue',197,'Aydn',77464,'Nazilli');
INSERT INTO DIRECCION (ID_DIRECCION,CALLE,NUMERO,COLONIA,CP,DELEGACION) VALUES (80,'3615 Quisque Road',147,'BO',38654,'Maiduguri');
INSERT INTO DIRECCION (ID_DIRECCION,CALLE,NUMERO,COLONIA,CP,DELEGACION) VALUES (81,'Ap #619-7514 Arcu Avenue',235,'IL',33440,'Saint-Denis');
INSERT INTO DIRECCION (ID_DIRECCION,CALLE,NUMERO,COLONIA,CP,DELEGACION) VALUES (82,'6532 Mi St.',338,'VB',53064,'Brussegem');
INSERT INTO DIRECCION (ID_DIRECCION,CALLE,NUMERO,COLONIA,CP,DELEGACION) VALUES (83,'P.O. Box 452, 2316 Lobortis St.',154,'VB',90872,'Kobbegem');
INSERT INTO DIRECCION (ID_DIRECCION,CALLE,NUMERO,COLONIA,CP,DELEGACION) VALUES (84,'Ap #356-1195 Orci. Road',146,'Quebec',48009,'Pointe-au-Pic');
INSERT INTO DIRECCION (ID_DIRECCION,CALLE,NUMERO,COLONIA,CP,DELEGACION) VALUES (85,'3563 Pede, St.',325,'QLD',44799,'Cairns');
INSERT INTO DIRECCION (ID_DIRECCION,CALLE,NUMERO,COLONIA,CP,DELEGACION) VALUES (86,'184-9700 Tortor Av.',10,'SI',16651,'Invercargill');
INSERT INTO DIRECCION (ID_DIRECCION,CALLE,NUMERO,COLONIA,CP,DELEGACION) VALUES (87,'1091 Bibendum. St.',309,'California',63224,'Los Angeles');
INSERT INTO DIRECCION (ID_DIRECCION,CALLE,NUMERO,COLONIA,CP,DELEGACION) VALUES (88,'Ap #838-2597 Vel, Avenue',121,'Mazowieckie',33949,'Radom');
INSERT INTO DIRECCION (ID_DIRECCION,CALLE,NUMERO,COLONIA,CP,DELEGACION) VALUES (89,'8805 Neque Road',332,'Metropolitana de Santiago',67545,'La Cisterna');
INSERT INTO DIRECCION (ID_DIRECCION,CALLE,NUMERO,COLONIA,CP,DELEGACION) VALUES (90,'305-8213 Pharetra Avenue',102,'Pomorskie',32588,'Gdynia');
INSERT INTO DIRECCION (ID_DIRECCION,CALLE,NUMERO,COLONIA,CP,DELEGACION) VALUES (91,'Ap #750-426 Aliquet. Road',188,'Ist',12028,'Istanbul');
INSERT INTO DIRECCION (ID_DIRECCION,CALLE,NUMERO,COLONIA,CP,DELEGACION) VALUES (92,'4514 Vivamus Street',18,'Louisiana',55014,'Lafayette');
INSERT INTO DIRECCION (ID_DIRECCION,CALLE,NUMERO,COLONIA,CP,DELEGACION) VALUES (93,'810-630 Tortor. Road',99,'Leinster',34971,'Dublin');
INSERT INTO DIRECCION (ID_DIRECCION,CALLE,NUMERO,COLONIA,CP,DELEGACION) VALUES (94,'817-6768 Quisque St.',216,'Mazowieckie',97344,'Warszawa');
INSERT INTO DIRECCION (ID_DIRECCION,CALLE,NUMERO,COLONIA,CP,DELEGACION) VALUES (95,'Ap #300-9803 Quis Street',57,'Washington',58819,'Olympia');
INSERT INTO DIRECCION (ID_DIRECCION,CALLE,NUMERO,COLONIA,CP,DELEGACION) VALUES (96,'P.O. Box 493, 381 Aenean Avenue',201,'MA',58684,'Warszawa');
INSERT INTO DIRECCION (ID_DIRECCION,CALLE,NUMERO,COLONIA,CP,DELEGACION) VALUES (97,'840-6939 Gravida St.',183,'NI',97373,'Thames');
INSERT INTO DIRECCION (ID_DIRECCION,CALLE,NUMERO,COLONIA,CP,DELEGACION) VALUES (98,'827-6417 Aliquam Road',228,'CL',98013,'Tullibody');
INSERT INTO DIRECCION (ID_DIRECCION,CALLE,NUMERO,COLONIA,CP,DELEGACION) VALUES (99,'Ap #679-4783 Sapien Rd.',294,'Pays de la Loire',79427,'Cholet');
INSERT INTO DIRECCION (ID_DIRECCION,CALLE,NUMERO,COLONIA,CP,DELEGACION) VALUES (100,'P.O. Box 490, 4195 Pede. Avenue',158,'OY',21424,'Igboho');

--ENTRENADOR
INSERT INTO ENTRENADOR (ID_EMPLEADO,NOMBRE,AP_PATERNO,AP_MATERNO,EMAIL,EDAD,SEXO,TELEFONO,ID_DIRECCION) VALUES (1,'Lucian','Fleming','Rollins','justo@accumsan.co.uk',33,'MASCULINO','6444675637',1);
INSERT INTO ENTRENADOR (ID_EMPLEADO,NOMBRE,AP_PATERNO,AP_MATERNO,EMAIL,EDAD,SEXO,TELEFONO,ID_DIRECCION) VALUES (2,'Madison','Lyons','Jarvis','vitae.sodales@pedeultrices.net',81,'FEMENINO','6606978173',84);
INSERT INTO ENTRENADOR (ID_EMPLEADO,NOMBRE,AP_PATERNO,AP_MATERNO,EMAIL,EDAD,SEXO,TELEFONO,ID_DIRECCION) VALUES (3,'Sheila','Shaffer','Beach','leo.in.lobortis@tellus.com',55,'MASCULINO','1339301063',9);
INSERT INTO ENTRENADOR (ID_EMPLEADO,NOMBRE,AP_PATERNO,AP_MATERNO,EMAIL,EDAD,SEXO,TELEFONO,ID_DIRECCION) VALUES (4,'Elmo','Conner','Sosa','placerat.Cras@lectus.co.uk',24,'FEMENINO','7575333980',11);
INSERT INTO ENTRENADOR (ID_EMPLEADO,NOMBRE,AP_PATERNO,AP_MATERNO,EMAIL,EDAD,SEXO,TELEFONO,ID_DIRECCION) VALUES (5,'Ursula','Aguilar','Riley','lacus@vitae.ca',50,'MASCULINO','5364348418',19);
INSERT INTO ENTRENADOR (ID_EMPLEADO,NOMBRE,AP_PATERNO,AP_MATERNO,EMAIL,EDAD,SEXO,TELEFONO,ID_DIRECCION) VALUES (6,'Xander','Leonard','Rowe','Cras@vellectusCum.co.uk',20,'FEMENINO','4177023187',85);
INSERT INTO ENTRENADOR (ID_EMPLEADO,NOMBRE,AP_PATERNO,AP_MATERNO,EMAIL,EDAD,SEXO,TELEFONO,ID_DIRECCION) VALUES (7,'Lawrence','Stephenson','Hickman','arcu@orciadipiscing.com',76,'MASCULINO','9916323493',38);
INSERT INTO ENTRENADOR (ID_EMPLEADO,NOMBRE,AP_PATERNO,AP_MATERNO,EMAIL,EDAD,SEXO,TELEFONO,ID_DIRECCION) VALUES (8,'Zoe','Vincent','Wise','est.congue.a@felis.edu',6,'FEMENINO','6306459968',18);
INSERT INTO ENTRENADOR (ID_EMPLEADO,NOMBRE,AP_PATERNO,AP_MATERNO,EMAIL,EDAD,SEXO,TELEFONO,ID_DIRECCION) VALUES (9,'Neve','Palmer','Collins','nunc@eleifend.ca',46,'MASCULINO','4299386403',36);
INSERT INTO ENTRENADOR (ID_EMPLEADO,NOMBRE,AP_PATERNO,AP_MATERNO,EMAIL,EDAD,SEXO,TELEFONO,ID_DIRECCION) VALUES (10,'Charles','Campos','Bradford','sit.amet@Mauris.edu',33,'FEMENINO','4260293766',28);
INSERT INTO ENTRENADOR (ID_EMPLEADO,NOMBRE,AP_PATERNO,AP_MATERNO,EMAIL,EDAD,SEXO,TELEFONO,ID_DIRECCION) VALUES (11,'Shaine','Mayo','Strong','a.sollicitudin@Maurisvestibulum.edu',41,'MASCULINO','3844419428',53);
INSERT INTO ENTRENADOR (ID_EMPLEADO,NOMBRE,AP_PATERNO,AP_MATERNO,EMAIL,EDAD,SEXO,TELEFONO,ID_DIRECCION) VALUES (12,'Illana','Mcintyre','Burks','magna.sed@elementumduiquis.edu',5,'FEMENINO','4879277502',41);
INSERT INTO ENTRENADOR (ID_EMPLEADO,NOMBRE,AP_PATERNO,AP_MATERNO,EMAIL,EDAD,SEXO,TELEFONO,ID_DIRECCION) VALUES (13,'Cole','Hartman','Floyd','at@dolorsitamet.org',2,'MASCULINO','6349283907',54);
INSERT INTO ENTRENADOR (ID_EMPLEADO,NOMBRE,AP_PATERNO,AP_MATERNO,EMAIL,EDAD,SEXO,TELEFONO,ID_DIRECCION) VALUES (14,'Melodie','Acevedo','Hale','Curabitur.dictum.Phasellus@condimentum.com',82,'FEMENINO','5111133381',55);
INSERT INTO ENTRENADOR (ID_EMPLEADO,NOMBRE,AP_PATERNO,AP_MATERNO,EMAIL,EDAD,SEXO,TELEFONO,ID_DIRECCION) VALUES (15,'Vance','Chaney','Humphrey','interdum.Curabitur@hendreritidante.org',21,'MASCULINO','4696233188',94);
INSERT INTO ENTRENADOR (ID_EMPLEADO,NOMBRE,AP_PATERNO,AP_MATERNO,EMAIL,EDAD,SEXO,TELEFONO,ID_DIRECCION) VALUES (16,'Olga','Norris','Smith','molestie.pharetra@ornarelectus.net',48,'FEMENINO','1591993596',54);
INSERT INTO ENTRENADOR (ID_EMPLEADO,NOMBRE,AP_PATERNO,AP_MATERNO,EMAIL,EDAD,SEXO,TELEFONO,ID_DIRECCION) VALUES (17,'Joseph','Snider','Lynch','nec.tellus.Nunc@eget.org',85,'MASCULINO','7377535938',53);
INSERT INTO ENTRENADOR (ID_EMPLEADO,NOMBRE,AP_PATERNO,AP_MATERNO,EMAIL,EDAD,SEXO,TELEFONO,ID_DIRECCION) VALUES (18,'Ashton','Armstrong','Everett','libero.est@In.co.uk',15,'FEMENINO','3296819809',85);
INSERT INTO ENTRENADOR (ID_EMPLEADO,NOMBRE,AP_PATERNO,AP_MATERNO,EMAIL,EDAD,SEXO,TELEFONO,ID_DIRECCION) VALUES (19,'Ethan','Gregory','Kirk','dolor.dolor.tempus@Crasdolordolor.com',23,'MASCULINO','2297792462',6);
INSERT INTO ENTRENADOR (ID_EMPLEADO,NOMBRE,AP_PATERNO,AP_MATERNO,EMAIL,EDAD,SEXO,TELEFONO,ID_DIRECCION) VALUES (20,'Ethan','Booth','Kirby','id@Integervulputate.co.uk',53,'FEMENINO','8903215719',85);
INSERT INTO ENTRENADOR (ID_EMPLEADO,NOMBRE,AP_PATERNO,AP_MATERNO,EMAIL,EDAD,SEXO,TELEFONO,ID_DIRECCION) VALUES (21,'Tanya','Montgomery','Evans','Fusce.fermentum@acfacilisisfacilisis.org',24,'MASCULINO','0551236326',17);
INSERT INTO ENTRENADOR (ID_EMPLEADO,NOMBRE,AP_PATERNO,AP_MATERNO,EMAIL,EDAD,SEXO,TELEFONO,ID_DIRECCION) VALUES (22,'Allistair','Stafford','Dawson','pellentesque.eget@pharetrautpharetra.ca',78,'FEMENINO','4887583846',58);
INSERT INTO ENTRENADOR (ID_EMPLEADO,NOMBRE,AP_PATERNO,AP_MATERNO,EMAIL,EDAD,SEXO,TELEFONO,ID_DIRECCION) VALUES (23,'Sandra','Davis','Barnes','Vivamus@Aliquamtincidunt.co.uk',34,'MASCULINO','0535756314',52);
INSERT INTO ENTRENADOR (ID_EMPLEADO,NOMBRE,AP_PATERNO,AP_MATERNO,EMAIL,EDAD,SEXO,TELEFONO,ID_DIRECCION) VALUES (24,'Russell','Woodard','Ware','lorem.fringilla.ornare@adui.com',41,'FEMENINO','3820628331',46);
INSERT INTO ENTRENADOR (ID_EMPLEADO,NOMBRE,AP_PATERNO,AP_MATERNO,EMAIL,EDAD,SEXO,TELEFONO,ID_DIRECCION) VALUES (25,'Samson','Ryan','Mayer','iaculis.enim@rutrumFuscedolor.com',77,'MASCULINO','4948223014',49);
INSERT INTO ENTRENADOR (ID_EMPLEADO,NOMBRE,AP_PATERNO,AP_MATERNO,EMAIL,EDAD,SEXO,TELEFONO,ID_DIRECCION) VALUES (26,'Gil','Hunter','Rowland','eu@mattis.co.uk',87,'FEMENINO','6632573225',100);
INSERT INTO ENTRENADOR (ID_EMPLEADO,NOMBRE,AP_PATERNO,AP_MATERNO,EMAIL,EDAD,SEXO,TELEFONO,ID_DIRECCION) VALUES (27,'Rogan','Lucas','Randolph','dis.parturient.montes@amet.ca',86,'MASCULINO','5649918948',68);
INSERT INTO ENTRENADOR (ID_EMPLEADO,NOMBRE,AP_PATERNO,AP_MATERNO,EMAIL,EDAD,SEXO,TELEFONO,ID_DIRECCION) VALUES (28,'Brynne','Schmidt','Butler','dictum.placerat.augue@enimNuncut.org',58,'FEMENINO','4024967448',73);
INSERT INTO ENTRENADOR (ID_EMPLEADO,NOMBRE,AP_PATERNO,AP_MATERNO,EMAIL,EDAD,SEXO,TELEFONO,ID_DIRECCION) VALUES (29,'Elton','Buck','Battle','nunc.nulla.vulputate@adipiscing.com',15,'MASCULINO','6769488536',45);
INSERT INTO ENTRENADOR (ID_EMPLEADO,NOMBRE,AP_PATERNO,AP_MATERNO,EMAIL,EDAD,SEXO,TELEFONO,ID_DIRECCION) VALUES (30,'Gage','James','Padilla','Cras@odiovel.org',79,'FEMENINO','5577228491',81);
INSERT INTO ENTRENADOR (ID_EMPLEADO,NOMBRE,AP_PATERNO,AP_MATERNO,EMAIL,EDAD,SEXO,TELEFONO,ID_DIRECCION) VALUES (31,'Perry','Murphy','Wong','tempor.erat@nonenimcommodo.net',81,'MASCULINO','3623509797',7);
INSERT INTO ENTRENADOR (ID_EMPLEADO,NOMBRE,AP_PATERNO,AP_MATERNO,EMAIL,EDAD,SEXO,TELEFONO,ID_DIRECCION) VALUES (32,'Quinlan','Bowman','Zimmerman','Cum.sociis.natoque@lacuspede.com',88,'FEMENINO','8358323244',36);
INSERT INTO ENTRENADOR (ID_EMPLEADO,NOMBRE,AP_PATERNO,AP_MATERNO,EMAIL,EDAD,SEXO,TELEFONO,ID_DIRECCION) VALUES (33,'Duncan','Rivas','Combs','porttitor.tellus@miAliquam.co.uk',77,'MASCULINO','4079895126',30);
INSERT INTO ENTRENADOR (ID_EMPLEADO,NOMBRE,AP_PATERNO,AP_MATERNO,EMAIL,EDAD,SEXO,TELEFONO,ID_DIRECCION) VALUES (34,'Lenore','Drake','Stanton','molestie.dapibus.ligula@fermentumvelmauris.org',99,'FEMENINO','9957657871',17);
INSERT INTO ENTRENADOR (ID_EMPLEADO,NOMBRE,AP_PATERNO,AP_MATERNO,EMAIL,EDAD,SEXO,TELEFONO,ID_DIRECCION) VALUES (35,'Yeo','Larson','Mcclain','pellentesque@duiCras.net',36,'MASCULINO','8018281071',2);
INSERT INTO ENTRENADOR (ID_EMPLEADO,NOMBRE,AP_PATERNO,AP_MATERNO,EMAIL,EDAD,SEXO,TELEFONO,ID_DIRECCION) VALUES (36,'Sade','Turner','Stout','mauris@Vestibulumaccumsan.co.uk',26,'FEMENINO','0689587323',85);
INSERT INTO ENTRENADOR (ID_EMPLEADO,NOMBRE,AP_PATERNO,AP_MATERNO,EMAIL,EDAD,SEXO,TELEFONO,ID_DIRECCION) VALUES (37,'Jayme','Pena','Campbell','tincidunt.congue.turpis@amet.net',63,'MASCULINO','5159610871',28);
INSERT INTO ENTRENADOR (ID_EMPLEADO,NOMBRE,AP_PATERNO,AP_MATERNO,EMAIL,EDAD,SEXO,TELEFONO,ID_DIRECCION) VALUES (38,'Chanda','Hanson','Gallagher','venenatis.lacus.Etiam@nec.com',48,'FEMENINO','0734496911',62);
INSERT INTO ENTRENADOR (ID_EMPLEADO,NOMBRE,AP_PATERNO,AP_MATERNO,EMAIL,EDAD,SEXO,TELEFONO,ID_DIRECCION) VALUES (39,'Hamilton','Rivas','Rios','Etiam@aliquet.co.uk',68,'MASCULINO','3643463102',92);
INSERT INTO ENTRENADOR (ID_EMPLEADO,NOMBRE,AP_PATERNO,AP_MATERNO,EMAIL,EDAD,SEXO,TELEFONO,ID_DIRECCION) VALUES (40,'Brady','Hendrix','Foster','ligula.eu@sapiengravidanon.net',12,'FEMENINO','0112479915',78);
INSERT INTO ENTRENADOR (ID_EMPLEADO,NOMBRE,AP_PATERNO,AP_MATERNO,EMAIL,EDAD,SEXO,TELEFONO,ID_DIRECCION) VALUES (41,'Tucker','Wilcox','Michael','ligula@senectuset.co.uk',63,'MASCULINO','4865566144',99);
INSERT INTO ENTRENADOR (ID_EMPLEADO,NOMBRE,AP_PATERNO,AP_MATERNO,EMAIL,EDAD,SEXO,TELEFONO,ID_DIRECCION) VALUES (42,'Zenaida','Zimmerman','Cooper','Donec.non@nisi.co.uk',96,'FEMENINO','7944651088',96);
INSERT INTO ENTRENADOR (ID_EMPLEADO,NOMBRE,AP_PATERNO,AP_MATERNO,EMAIL,EDAD,SEXO,TELEFONO,ID_DIRECCION) VALUES (43,'Nyssa','Sherman','Griffin','semper@ante.com',93,'MASCULINO','7654981093',55);
INSERT INTO ENTRENADOR (ID_EMPLEADO,NOMBRE,AP_PATERNO,AP_MATERNO,EMAIL,EDAD,SEXO,TELEFONO,ID_DIRECCION) VALUES (44,'Tashya','Holmes','Ball','Fusce@eros.edu',47,'FEMENINO','6769282694',38);
INSERT INTO ENTRENADOR (ID_EMPLEADO,NOMBRE,AP_PATERNO,AP_MATERNO,EMAIL,EDAD,SEXO,TELEFONO,ID_DIRECCION) VALUES (45,'Madaline','Sullivan','Morrow','parturient.montes.nascetur@nibhdolornonummy.ca',28,'MASCULINO','0654962514',65);
INSERT INTO ENTRENADOR (ID_EMPLEADO,NOMBRE,AP_PATERNO,AP_MATERNO,EMAIL,EDAD,SEXO,TELEFONO,ID_DIRECCION) VALUES (46,'Brenda','Chan','Lyons','pede@placerat.org',58,'FEMENINO','4548357637',52);
INSERT INTO ENTRENADOR (ID_EMPLEADO,NOMBRE,AP_PATERNO,AP_MATERNO,EMAIL,EDAD,SEXO,TELEFONO,ID_DIRECCION) VALUES (47,'Cecilia','Graham','Weiss','Morbi@magnaa.net',88,'MASCULINO','8237171949',41);
INSERT INTO ENTRENADOR (ID_EMPLEADO,NOMBRE,AP_PATERNO,AP_MATERNO,EMAIL,EDAD,SEXO,TELEFONO,ID_DIRECCION) VALUES (48,'Isaac','Vinson','Combs','imperdiet@quamCurabiturvel.com',86,'FEMENINO','5564737341',26);
INSERT INTO ENTRENADOR (ID_EMPLEADO,NOMBRE,AP_PATERNO,AP_MATERNO,EMAIL,EDAD,SEXO,TELEFONO,ID_DIRECCION) VALUES (49,'Xantha','Lyons','Dalton','vulputate.posuere.vulputate@tellus.ca',53,'MASCULINO','7388101702',98);
INSERT INTO ENTRENADOR (ID_EMPLEADO,NOMBRE,AP_PATERNO,AP_MATERNO,EMAIL,EDAD,SEXO,TELEFONO,ID_DIRECCION) VALUES (50,'Thane','Glover','Salazar','non.enim@eratVivamus.org',84,'FEMENINO','0506405032',93);
INSERT INTO ENTRENADOR (ID_EMPLEADO,NOMBRE,AP_PATERNO,AP_MATERNO,EMAIL,EDAD,SEXO,TELEFONO,ID_DIRECCION) VALUES (51,'Dean','Gardner','Mitchell','Integer@Integervitaenibh.com',84,'MASCULINO','8067097667',70);
INSERT INTO ENTRENADOR (ID_EMPLEADO,NOMBRE,AP_PATERNO,AP_MATERNO,EMAIL,EDAD,SEXO,TELEFONO,ID_DIRECCION) VALUES (52,'Zenia','Sellers','Macias','quam.quis.diam@ipsumSuspendisse.edu',88,'FEMENINO','9416923150',28);
INSERT INTO ENTRENADOR (ID_EMPLEADO,NOMBRE,AP_PATERNO,AP_MATERNO,EMAIL,EDAD,SEXO,TELEFONO,ID_DIRECCION) VALUES (53,'Sierra','Gregory','Chan','mauris.a.nunc@maurisInteger.co.uk',95,'MASCULINO','7227445317',57);
INSERT INTO ENTRENADOR (ID_EMPLEADO,NOMBRE,AP_PATERNO,AP_MATERNO,EMAIL,EDAD,SEXO,TELEFONO,ID_DIRECCION) VALUES (54,'Ira','Moore','Stuart','tincidunt.neque@fringillaest.org',51,'FEMENINO','4378510696',17);
INSERT INTO ENTRENADOR (ID_EMPLEADO,NOMBRE,AP_PATERNO,AP_MATERNO,EMAIL,EDAD,SEXO,TELEFONO,ID_DIRECCION) VALUES (55,'Justine','Stein','Cameron','turpis@nibh.net',76,'MASCULINO','7554665863',97);
INSERT INTO ENTRENADOR (ID_EMPLEADO,NOMBRE,AP_PATERNO,AP_MATERNO,EMAIL,EDAD,SEXO,TELEFONO,ID_DIRECCION) VALUES (56,'Grant','Puckett','Sexton','dolor.vitae@sempertellusid.net',33,'FEMENINO','0984048586',67);
INSERT INTO ENTRENADOR (ID_EMPLEADO,NOMBRE,AP_PATERNO,AP_MATERNO,EMAIL,EDAD,SEXO,TELEFONO,ID_DIRECCION) VALUES (57,'Kimberly','Banks','Gibbs','et.lacinia@Cras.net',68,'MASCULINO','0944552000',15);
INSERT INTO ENTRENADOR (ID_EMPLEADO,NOMBRE,AP_PATERNO,AP_MATERNO,EMAIL,EDAD,SEXO,TELEFONO,ID_DIRECCION) VALUES (58,'Bruno','Hammond','Beasley','Sed.dictum.Proin@commodoipsumSuspendisse.co.uk',93,'FEMENINO','5738456088',67);
INSERT INTO ENTRENADOR (ID_EMPLEADO,NOMBRE,AP_PATERNO,AP_MATERNO,EMAIL,EDAD,SEXO,TELEFONO,ID_DIRECCION) VALUES (59,'Caleb','Hurst','Bowen','tincidunt.orci.quis@etnetus.ca',66,'MASCULINO','0399206114',33);
INSERT INTO ENTRENADOR (ID_EMPLEADO,NOMBRE,AP_PATERNO,AP_MATERNO,EMAIL,EDAD,SEXO,TELEFONO,ID_DIRECCION) VALUES (60,'Emi','Galloway','Meadows','eget.metus@posuere.com',84,'FEMENINO','5907079935',97);
INSERT INTO ENTRENADOR (ID_EMPLEADO,NOMBRE,AP_PATERNO,AP_MATERNO,EMAIL,EDAD,SEXO,TELEFONO,ID_DIRECCION) VALUES (61,'Finn','Weaver','Murphy','malesuada@nonluctus.ca',46,'MASCULINO','0682214210',64);
INSERT INTO ENTRENADOR (ID_EMPLEADO,NOMBRE,AP_PATERNO,AP_MATERNO,EMAIL,EDAD,SEXO,TELEFONO,ID_DIRECCION) VALUES (62,'Len','Franks','Olsen','velit.Sed@Curabitur.net',8,'FEMENINO','3507942689',98);
INSERT INTO ENTRENADOR (ID_EMPLEADO,NOMBRE,AP_PATERNO,AP_MATERNO,EMAIL,EDAD,SEXO,TELEFONO,ID_DIRECCION) VALUES (63,'Montana','Workman','Aguirre','lacus@diam.com',75,'MASCULINO','8295156396',1);
INSERT INTO ENTRENADOR (ID_EMPLEADO,NOMBRE,AP_PATERNO,AP_MATERNO,EMAIL,EDAD,SEXO,TELEFONO,ID_DIRECCION) VALUES (64,'Aiko','Atkins','Larsen','eros@ante.edu',62,'FEMENINO','7305321604',81);
INSERT INTO ENTRENADOR (ID_EMPLEADO,NOMBRE,AP_PATERNO,AP_MATERNO,EMAIL,EDAD,SEXO,TELEFONO,ID_DIRECCION) VALUES (65,'Brody','Warren','Schroeder','Vivamus.sit@euaugue.ca',52,'MASCULINO','8865942499',14);
INSERT INTO ENTRENADOR (ID_EMPLEADO,NOMBRE,AP_PATERNO,AP_MATERNO,EMAIL,EDAD,SEXO,TELEFONO,ID_DIRECCION) VALUES (66,'Alisa','House','Cohen','velit.in.aliquet@euismodmauris.com',15,'FEMENINO','3282536197',15);
INSERT INTO ENTRENADOR (ID_EMPLEADO,NOMBRE,AP_PATERNO,AP_MATERNO,EMAIL,EDAD,SEXO,TELEFONO,ID_DIRECCION) VALUES (67,'Honorato','Wiley','Salinas','mi@Namconsequat.edu',1,'MASCULINO','1994622133',32);
INSERT INTO ENTRENADOR (ID_EMPLEADO,NOMBRE,AP_PATERNO,AP_MATERNO,EMAIL,EDAD,SEXO,TELEFONO,ID_DIRECCION) VALUES (68,'Lance','Sweeney','Lyons','tincidunt.Donec.vitae@acfeugiatnon.ca',17,'FEMENINO','6473060615',42);
INSERT INTO ENTRENADOR (ID_EMPLEADO,NOMBRE,AP_PATERNO,AP_MATERNO,EMAIL,EDAD,SEXO,TELEFONO,ID_DIRECCION) VALUES (69,'Dalton','Ramsey','Mcdonald','Nulla.dignissim@rutrumnonhendrerit.org',89,'MASCULINO','2341976487',84);
INSERT INTO ENTRENADOR (ID_EMPLEADO,NOMBRE,AP_PATERNO,AP_MATERNO,EMAIL,EDAD,SEXO,TELEFONO,ID_DIRECCION) VALUES (70,'Katell','Weaver','Mathis','fringilla.porttitor.vulputate@convallisestvitae.net',12,'FEMENINO','6408431152',99);
INSERT INTO ENTRENADOR (ID_EMPLEADO,NOMBRE,AP_PATERNO,AP_MATERNO,EMAIL,EDAD,SEXO,TELEFONO,ID_DIRECCION) VALUES (71,'Robin','Marquez','Hewitt','rutrum@vestibulummassa.edu',33,'MASCULINO','1401208995',85);
INSERT INTO ENTRENADOR (ID_EMPLEADO,NOMBRE,AP_PATERNO,AP_MATERNO,EMAIL,EDAD,SEXO,TELEFONO,ID_DIRECCION) VALUES (72,'Garrison','Mercer','Delaney','nec.mauris.blandit@aliquetliberoInteger.net',90,'FEMENINO','2868830033',33);
INSERT INTO ENTRENADOR (ID_EMPLEADO,NOMBRE,AP_PATERNO,AP_MATERNO,EMAIL,EDAD,SEXO,TELEFONO,ID_DIRECCION) VALUES (73,'Kyle','Farrell','Camacho','pretium@maurisid.ca',98,'MASCULINO','5936387689',73);
INSERT INTO ENTRENADOR (ID_EMPLEADO,NOMBRE,AP_PATERNO,AP_MATERNO,EMAIL,EDAD,SEXO,TELEFONO,ID_DIRECCION) VALUES (74,'Lucy','Haley','Gallegos','massa.Suspendisse@imperdietdictummagna.edu',2,'FEMENINO','0359260374',59);
INSERT INTO ENTRENADOR (ID_EMPLEADO,NOMBRE,AP_PATERNO,AP_MATERNO,EMAIL,EDAD,SEXO,TELEFONO,ID_DIRECCION) VALUES (75,'Fuller','Caldwell','Manning','lacus@conubianostra.com',16,'MASCULINO','4560700987',24);
INSERT INTO ENTRENADOR (ID_EMPLEADO,NOMBRE,AP_PATERNO,AP_MATERNO,EMAIL,EDAD,SEXO,TELEFONO,ID_DIRECCION) VALUES (76,'Cairo','Noble','Wooten','ultricies.dignissim@lectuspedeet.net',4,'FEMENINO','3776325446',87);
INSERT INTO ENTRENADOR (ID_EMPLEADO,NOMBRE,AP_PATERNO,AP_MATERNO,EMAIL,EDAD,SEXO,TELEFONO,ID_DIRECCION) VALUES (77,'Brian','Thornton','Everett','dis@lorem.org',1,'MASCULINO','2662534176',8);
INSERT INTO ENTRENADOR (ID_EMPLEADO,NOMBRE,AP_PATERNO,AP_MATERNO,EMAIL,EDAD,SEXO,TELEFONO,ID_DIRECCION) VALUES (78,'Barry','Richardson','Sandoval','orci.Ut.semper@semperdui.co.uk',84,'FEMENINO','8200622934',13);
INSERT INTO ENTRENADOR (ID_EMPLEADO,NOMBRE,AP_PATERNO,AP_MATERNO,EMAIL,EDAD,SEXO,TELEFONO,ID_DIRECCION) VALUES (79,'Harlan','Christensen','Cooke','neque.sed.dictum@Craseget.edu',97,'MASCULINO','2831588165',14);
INSERT INTO ENTRENADOR (ID_EMPLEADO,NOMBRE,AP_PATERNO,AP_MATERNO,EMAIL,EDAD,SEXO,TELEFONO,ID_DIRECCION) VALUES (80,'Abel','Rodgers','Frost','adipiscing.ligula.Aenean@euaugueporttitor.edu',73,'FEMENINO','7007235227',20);
INSERT INTO ENTRENADOR (ID_EMPLEADO,NOMBRE,AP_PATERNO,AP_MATERNO,EMAIL,EDAD,SEXO,TELEFONO,ID_DIRECCION) VALUES (81,'Kaitlin','Hurley','Short','per@cursusnon.edu',7,'MASCULINO','9803238408',92);
INSERT INTO ENTRENADOR (ID_EMPLEADO,NOMBRE,AP_PATERNO,AP_MATERNO,EMAIL,EDAD,SEXO,TELEFONO,ID_DIRECCION) VALUES (82,'Lawrence','Travis','Haley','ornare.Fusce.mollis@Nullaaliquet.ca',98,'FEMENINO','9531584150',35);
INSERT INTO ENTRENADOR (ID_EMPLEADO,NOMBRE,AP_PATERNO,AP_MATERNO,EMAIL,EDAD,SEXO,TELEFONO,ID_DIRECCION) VALUES (83,'Gretchen','Dale','Curtis','Donec.non.justo@egetipsumSuspendisse.edu',44,'MASCULINO','2888854377',64);
INSERT INTO ENTRENADOR (ID_EMPLEADO,NOMBRE,AP_PATERNO,AP_MATERNO,EMAIL,EDAD,SEXO,TELEFONO,ID_DIRECCION) VALUES (84,'Aubrey','Spencer','Holland','nulla.In.tincidunt@vellectus.ca',86,'FEMENINO','9331581893',45);
INSERT INTO ENTRENADOR (ID_EMPLEADO,NOMBRE,AP_PATERNO,AP_MATERNO,EMAIL,EDAD,SEXO,TELEFONO,ID_DIRECCION) VALUES (85,'Brenna','Simpson','Caldwell','a.sollicitudin@Lorem.org',77,'MASCULINO','4109959120',21);
INSERT INTO ENTRENADOR (ID_EMPLEADO,NOMBRE,AP_PATERNO,AP_MATERNO,EMAIL,EDAD,SEXO,TELEFONO,ID_DIRECCION) VALUES (86,'Magee','Sloan','Baker','Nulla.facilisi@Classaptent.co.uk',42,'FEMENINO','1378166122',80);
INSERT INTO ENTRENADOR (ID_EMPLEADO,NOMBRE,AP_PATERNO,AP_MATERNO,EMAIL,EDAD,SEXO,TELEFONO,ID_DIRECCION) VALUES (87,'Teagan','Terrell','Mccarthy','Nulla@ante.org',94,'MASCULINO','1150094167',70);
INSERT INTO ENTRENADOR (ID_EMPLEADO,NOMBRE,AP_PATERNO,AP_MATERNO,EMAIL,EDAD,SEXO,TELEFONO,ID_DIRECCION) VALUES (88,'Lysandra','Mcneil','Cleveland','elit@amagnaLorem.net',1,'FEMENINO','0682150451',37);
INSERT INTO ENTRENADOR (ID_EMPLEADO,NOMBRE,AP_PATERNO,AP_MATERNO,EMAIL,EDAD,SEXO,TELEFONO,ID_DIRECCION) VALUES (89,'Cheryl','Hardin','Coleman','felis@semconsequat.net',34,'MASCULINO','3039252367',91);
INSERT INTO ENTRENADOR (ID_EMPLEADO,NOMBRE,AP_PATERNO,AP_MATERNO,EMAIL,EDAD,SEXO,TELEFONO,ID_DIRECCION) VALUES (90,'Hedda','Hudson','Wilder','vitae.dolor.Donec@at.com',26,'FEMENINO','4336826702',50);
INSERT INTO ENTRENADOR (ID_EMPLEADO,NOMBRE,AP_PATERNO,AP_MATERNO,EMAIL,EDAD,SEXO,TELEFONO,ID_DIRECCION) VALUES (91,'Grant','Mcmillan','Underwood','Aliquam@arcu.net',5,'MASCULINO','4100104208',89);
INSERT INTO ENTRENADOR (ID_EMPLEADO,NOMBRE,AP_PATERNO,AP_MATERNO,EMAIL,EDAD,SEXO,TELEFONO,ID_DIRECCION) VALUES (92,'Aquila','Compton','Gray','Aliquam.gravida.mauris@etnetuset.net',87,'FEMENINO','2923757837',12);
INSERT INTO ENTRENADOR (ID_EMPLEADO,NOMBRE,AP_PATERNO,AP_MATERNO,EMAIL,EDAD,SEXO,TELEFONO,ID_DIRECCION) VALUES (93,'Basia','Wilson','Cox','mattis.ornare@ac.edu',67,'MASCULINO','3177032635',57);
INSERT INTO ENTRENADOR (ID_EMPLEADO,NOMBRE,AP_PATERNO,AP_MATERNO,EMAIL,EDAD,SEXO,TELEFONO,ID_DIRECCION) VALUES (94,'Timon','Goff','Ratliff','Nam.nulla.magna@etmagnis.co.uk',32,'FEMENINO','7377432481',21);
INSERT INTO ENTRENADOR (ID_EMPLEADO,NOMBRE,AP_PATERNO,AP_MATERNO,EMAIL,EDAD,SEXO,TELEFONO,ID_DIRECCION) VALUES (95,'Tanisha','Stevens','Hill','orci.tincidunt@Curabiturutodio.net',39,'MASCULINO','4263155805',71);
INSERT INTO ENTRENADOR (ID_EMPLEADO,NOMBRE,AP_PATERNO,AP_MATERNO,EMAIL,EDAD,SEXO,TELEFONO,ID_DIRECCION) VALUES (96,'Marsden','Stafford','Fitzgerald','urna.Nunc@scelerisquesed.co.uk',14,'FEMENINO','2954912672',21);
INSERT INTO ENTRENADOR (ID_EMPLEADO,NOMBRE,AP_PATERNO,AP_MATERNO,EMAIL,EDAD,SEXO,TELEFONO,ID_DIRECCION) VALUES (97,'Justin','Ramirez','Hyde','enim.consequat@ultriciesligula.ca',39,'MASCULINO','2848213505',74);
INSERT INTO ENTRENADOR (ID_EMPLEADO,NOMBRE,AP_PATERNO,AP_MATERNO,EMAIL,EDAD,SEXO,TELEFONO,ID_DIRECCION) VALUES (98,'Hammett','Greene','Wooten','mauris.a@lectus.net',34,'FEMENINO','7763359581',24);
INSERT INTO ENTRENADOR (ID_EMPLEADO,NOMBRE,AP_PATERNO,AP_MATERNO,EMAIL,EDAD,SEXO,TELEFONO,ID_DIRECCION) VALUES (99,'Galena','Heath','Whitehead','et.risus@ipsum.edu',34,'MASCULINO','4214190545',30);
INSERT INTO ENTRENADOR (ID_EMPLEADO,NOMBRE,AP_PATERNO,AP_MATERNO,EMAIL,EDAD,SEXO,TELEFONO,ID_DIRECCION) VALUES (100,'Frances','Rich','Barrera','in@nibh.org',19,'FEMENINO','6147105210',17);

-- MEMBRESIA
INSERT INTO MEMBRESIA (ID_MEMBRESIA,COSTO,ID_SOCIO) VALUES (1,1104,1);
INSERT INTO MEMBRESIA (ID_MEMBRESIA,COSTO,ID_SOCIO) VALUES (2,564,2);
INSERT INTO MEMBRESIA (ID_MEMBRESIA,COSTO,ID_SOCIO) VALUES (3,724,3);
INSERT INTO MEMBRESIA (ID_MEMBRESIA,COSTO,ID_SOCIO) VALUES (4,707,4);
INSERT INTO MEMBRESIA (ID_MEMBRESIA,COSTO,ID_SOCIO) VALUES (5,736,5);
INSERT INTO MEMBRESIA (ID_MEMBRESIA,COSTO,ID_SOCIO) VALUES (6,629,6);
INSERT INTO MEMBRESIA (ID_MEMBRESIA,COSTO,ID_SOCIO) VALUES (7,736,7);
INSERT INTO MEMBRESIA (ID_MEMBRESIA,COSTO,ID_SOCIO) VALUES (8,1487,8);
INSERT INTO MEMBRESIA (ID_MEMBRESIA,COSTO,ID_SOCIO) VALUES (9,810,9);
INSERT INTO MEMBRESIA (ID_MEMBRESIA,COSTO,ID_SOCIO) VALUES (10,1046,10);
INSERT INTO MEMBRESIA (ID_MEMBRESIA,COSTO,ID_SOCIO) VALUES (11,627,11);
INSERT INTO MEMBRESIA (ID_MEMBRESIA,COSTO,ID_SOCIO) VALUES (12,1093,12);
INSERT INTO MEMBRESIA (ID_MEMBRESIA,COSTO,ID_SOCIO) VALUES (13,1065,13);
INSERT INTO MEMBRESIA (ID_MEMBRESIA,COSTO,ID_SOCIO) VALUES (14,1028,14);
INSERT INTO MEMBRESIA (ID_MEMBRESIA,COSTO,ID_SOCIO) VALUES (15,1182,15);
INSERT INTO MEMBRESIA (ID_MEMBRESIA,COSTO,ID_SOCIO) VALUES (16,1394,16);
INSERT INTO MEMBRESIA (ID_MEMBRESIA,COSTO,ID_SOCIO) VALUES (17,564,17);
INSERT INTO MEMBRESIA (ID_MEMBRESIA,COSTO,ID_SOCIO) VALUES (18,1025,18);
INSERT INTO MEMBRESIA (ID_MEMBRESIA,COSTO,ID_SOCIO) VALUES (19,653,19);
INSERT INTO MEMBRESIA (ID_MEMBRESIA,COSTO,ID_SOCIO) VALUES (20,1230,20);
INSERT INTO MEMBRESIA (ID_MEMBRESIA,COSTO,ID_SOCIO) VALUES (21,1163,21);
INSERT INTO MEMBRESIA (ID_MEMBRESIA,COSTO,ID_SOCIO) VALUES (22,510,22);
INSERT INTO MEMBRESIA (ID_MEMBRESIA,COSTO,ID_SOCIO) VALUES (23,610,23);
INSERT INTO MEMBRESIA (ID_MEMBRESIA,COSTO,ID_SOCIO) VALUES (24,572,24);
INSERT INTO MEMBRESIA (ID_MEMBRESIA,COSTO,ID_SOCIO) VALUES (25,1363,25);
INSERT INTO MEMBRESIA (ID_MEMBRESIA,COSTO,ID_SOCIO) VALUES (26,1065,26);
INSERT INTO MEMBRESIA (ID_MEMBRESIA,COSTO,ID_SOCIO) VALUES (27,561,27);
INSERT INTO MEMBRESIA (ID_MEMBRESIA,COSTO,ID_SOCIO) VALUES (28,1229,28);
INSERT INTO MEMBRESIA (ID_MEMBRESIA,COSTO,ID_SOCIO) VALUES (29,1145,29);
INSERT INTO MEMBRESIA (ID_MEMBRESIA,COSTO,ID_SOCIO) VALUES (30,1181,30);
INSERT INTO MEMBRESIA (ID_MEMBRESIA,COSTO,ID_SOCIO) VALUES (31,809,31);
INSERT INTO MEMBRESIA (ID_MEMBRESIA,COSTO,ID_SOCIO) VALUES (32,796,32);
INSERT INTO MEMBRESIA (ID_MEMBRESIA,COSTO,ID_SOCIO) VALUES (33,1032,33);
INSERT INTO MEMBRESIA (ID_MEMBRESIA,COSTO,ID_SOCIO) VALUES (34,823,34);
INSERT INTO MEMBRESIA (ID_MEMBRESIA,COSTO,ID_SOCIO) VALUES (35,690,35);
INSERT INTO MEMBRESIA (ID_MEMBRESIA,COSTO,ID_SOCIO) VALUES (36,1083,36);
INSERT INTO MEMBRESIA (ID_MEMBRESIA,COSTO,ID_SOCIO) VALUES (37,611,37);
INSERT INTO MEMBRESIA (ID_MEMBRESIA,COSTO,ID_SOCIO) VALUES (38,1495,38);
INSERT INTO MEMBRESIA (ID_MEMBRESIA,COSTO,ID_SOCIO) VALUES (39,979,39);
INSERT INTO MEMBRESIA (ID_MEMBRESIA,COSTO,ID_SOCIO) VALUES (40,935,40);
INSERT INTO MEMBRESIA (ID_MEMBRESIA,COSTO,ID_SOCIO) VALUES (41,1412,41);
INSERT INTO MEMBRESIA (ID_MEMBRESIA,COSTO,ID_SOCIO) VALUES (42,1154,42);
INSERT INTO MEMBRESIA (ID_MEMBRESIA,COSTO,ID_SOCIO) VALUES (43,1046,43);
INSERT INTO MEMBRESIA (ID_MEMBRESIA,COSTO,ID_SOCIO) VALUES (44,784,44);
INSERT INTO MEMBRESIA (ID_MEMBRESIA,COSTO,ID_SOCIO) VALUES (45,569,45);
INSERT INTO MEMBRESIA (ID_MEMBRESIA,COSTO,ID_SOCIO) VALUES (46,895,46);
INSERT INTO MEMBRESIA (ID_MEMBRESIA,COSTO,ID_SOCIO) VALUES (47,917,47);
INSERT INTO MEMBRESIA (ID_MEMBRESIA,COSTO,ID_SOCIO) VALUES (48,588,48);
INSERT INTO MEMBRESIA (ID_MEMBRESIA,COSTO,ID_SOCIO) VALUES (49,1330,49);
INSERT INTO MEMBRESIA (ID_MEMBRESIA,COSTO,ID_SOCIO) VALUES (50,1270,50);
INSERT INTO MEMBRESIA (ID_MEMBRESIA,COSTO,ID_SOCIO) VALUES (51,913,51);
INSERT INTO MEMBRESIA (ID_MEMBRESIA,COSTO,ID_SOCIO) VALUES (52,1212,52);
INSERT INTO MEMBRESIA (ID_MEMBRESIA,COSTO,ID_SOCIO) VALUES (53,892,53);
INSERT INTO MEMBRESIA (ID_MEMBRESIA,COSTO,ID_SOCIO) VALUES (54,1168,54);
INSERT INTO MEMBRESIA (ID_MEMBRESIA,COSTO,ID_SOCIO) VALUES (55,535,55);
INSERT INTO MEMBRESIA (ID_MEMBRESIA,COSTO,ID_SOCIO) VALUES (56,700,56);
INSERT INTO MEMBRESIA (ID_MEMBRESIA,COSTO,ID_SOCIO) VALUES (57,1230,57);
INSERT INTO MEMBRESIA (ID_MEMBRESIA,COSTO,ID_SOCIO) VALUES (58,1444,58);
INSERT INTO MEMBRESIA (ID_MEMBRESIA,COSTO,ID_SOCIO) VALUES (59,1451,59);
INSERT INTO MEMBRESIA (ID_MEMBRESIA,COSTO,ID_SOCIO) VALUES (60,1271,60);
INSERT INTO MEMBRESIA (ID_MEMBRESIA,COSTO,ID_SOCIO) VALUES (61,1016,61);
INSERT INTO MEMBRESIA (ID_MEMBRESIA,COSTO,ID_SOCIO) VALUES (62,609,62);
INSERT INTO MEMBRESIA (ID_MEMBRESIA,COSTO,ID_SOCIO) VALUES (63,1365,63);
INSERT INTO MEMBRESIA (ID_MEMBRESIA,COSTO,ID_SOCIO) VALUES (64,1065,64);
INSERT INTO MEMBRESIA (ID_MEMBRESIA,COSTO,ID_SOCIO) VALUES (65,924,65);
INSERT INTO MEMBRESIA (ID_MEMBRESIA,COSTO,ID_SOCIO) VALUES (66,1427,66);
INSERT INTO MEMBRESIA (ID_MEMBRESIA,COSTO,ID_SOCIO) VALUES (67,1489,67);
INSERT INTO MEMBRESIA (ID_MEMBRESIA,COSTO,ID_SOCIO) VALUES (68,647,68);
INSERT INTO MEMBRESIA (ID_MEMBRESIA,COSTO,ID_SOCIO) VALUES (69,702,69);
INSERT INTO MEMBRESIA (ID_MEMBRESIA,COSTO,ID_SOCIO) VALUES (70,1496,70);
INSERT INTO MEMBRESIA (ID_MEMBRESIA,COSTO,ID_SOCIO) VALUES (71,1297,71);
INSERT INTO MEMBRESIA (ID_MEMBRESIA,COSTO,ID_SOCIO) VALUES (72,547,72);
INSERT INTO MEMBRESIA (ID_MEMBRESIA,COSTO,ID_SOCIO) VALUES (73,1260,73);
INSERT INTO MEMBRESIA (ID_MEMBRESIA,COSTO,ID_SOCIO) VALUES (74,1120,74);
INSERT INTO MEMBRESIA (ID_MEMBRESIA,COSTO,ID_SOCIO) VALUES (75,1261,75);
INSERT INTO MEMBRESIA (ID_MEMBRESIA,COSTO,ID_SOCIO) VALUES (76,871,76);
INSERT INTO MEMBRESIA (ID_MEMBRESIA,COSTO,ID_SOCIO) VALUES (77,949,77);
INSERT INTO MEMBRESIA (ID_MEMBRESIA,COSTO,ID_SOCIO) VALUES (78,1075,78);
INSERT INTO MEMBRESIA (ID_MEMBRESIA,COSTO,ID_SOCIO) VALUES (79,1278,79);
INSERT INTO MEMBRESIA (ID_MEMBRESIA,COSTO,ID_SOCIO) VALUES (80,768,80);
INSERT INTO MEMBRESIA (ID_MEMBRESIA,COSTO,ID_SOCIO) VALUES (81,1280,81);
INSERT INTO MEMBRESIA (ID_MEMBRESIA,COSTO,ID_SOCIO) VALUES (82,570,82);
INSERT INTO MEMBRESIA (ID_MEMBRESIA,COSTO,ID_SOCIO) VALUES (83,1472,83);
INSERT INTO MEMBRESIA (ID_MEMBRESIA,COSTO,ID_SOCIO) VALUES (84,942,84);
INSERT INTO MEMBRESIA (ID_MEMBRESIA,COSTO,ID_SOCIO) VALUES (85,912,85);
INSERT INTO MEMBRESIA (ID_MEMBRESIA,COSTO,ID_SOCIO) VALUES (86,1396,86);
INSERT INTO MEMBRESIA (ID_MEMBRESIA,COSTO,ID_SOCIO) VALUES (87,809,87);
INSERT INTO MEMBRESIA (ID_MEMBRESIA,COSTO,ID_SOCIO) VALUES (88,544,88);
INSERT INTO MEMBRESIA (ID_MEMBRESIA,COSTO,ID_SOCIO) VALUES (89,1427,89);
INSERT INTO MEMBRESIA (ID_MEMBRESIA,COSTO,ID_SOCIO) VALUES (90,1471,90);
INSERT INTO MEMBRESIA (ID_MEMBRESIA,COSTO,ID_SOCIO) VALUES (91,1197,91);
INSERT INTO MEMBRESIA (ID_MEMBRESIA,COSTO,ID_SOCIO) VALUES (92,1061,92);
INSERT INTO MEMBRESIA (ID_MEMBRESIA,COSTO,ID_SOCIO) VALUES (93,653,93);
INSERT INTO MEMBRESIA (ID_MEMBRESIA,COSTO,ID_SOCIO) VALUES (94,1028,94);
INSERT INTO MEMBRESIA (ID_MEMBRESIA,COSTO,ID_SOCIO) VALUES (95,791,95);
INSERT INTO MEMBRESIA (ID_MEMBRESIA,COSTO,ID_SOCIO) VALUES (96,501,96);
INSERT INTO MEMBRESIA (ID_MEMBRESIA,COSTO,ID_SOCIO) VALUES (97,958,97);
INSERT INTO MEMBRESIA (ID_MEMBRESIA,COSTO,ID_SOCIO) VALUES (98,1265,98);
INSERT INTO MEMBRESIA (ID_MEMBRESIA,COSTO,ID_SOCIO) VALUES (99,1428,99);
INSERT INTO MEMBRESIA (ID_MEMBRESIA,COSTO,ID_SOCIO) VALUES (100,649,100);

-- MEMBRESIA_BASICA
INSERT INTO MEMBRESIA_BASICA (ID_MEMBRESIA,AREAS_ENTRENAMIENTO,REGADERAS) VALUES (1,'mus. Aenean','dolor dolor,');
INSERT INTO MEMBRESIA_BASICA (ID_MEMBRESIA,AREAS_ENTRENAMIENTO,REGADERAS) VALUES (2,'vel, mauris.','eget, ipsum.');
INSERT INTO MEMBRESIA_BASICA (ID_MEMBRESIA,AREAS_ENTRENAMIENTO,REGADERAS) VALUES (3,'mauris eu','arcu. Curabitur');
INSERT INTO MEMBRESIA_BASICA (ID_MEMBRESIA,AREAS_ENTRENAMIENTO,REGADERAS) VALUES (4,'fringilla ornare','eu eros.');
INSERT INTO MEMBRESIA_BASICA (ID_MEMBRESIA,AREAS_ENTRENAMIENTO,REGADERAS) VALUES (5,'ligula elit,','porta elit,');
INSERT INTO MEMBRESIA_BASICA (ID_MEMBRESIA,AREAS_ENTRENAMIENTO,REGADERAS) VALUES (6,'neque. In','rhoncus id,');
INSERT INTO MEMBRESIA_BASICA (ID_MEMBRESIA,AREAS_ENTRENAMIENTO,REGADERAS) VALUES (7,'dui. Fusce','volutpat nunc');
INSERT INTO MEMBRESIA_BASICA (ID_MEMBRESIA,AREAS_ENTRENAMIENTO,REGADERAS) VALUES (8,'Integer sem','diam. Duis');
INSERT INTO MEMBRESIA_BASICA (ID_MEMBRESIA,AREAS_ENTRENAMIENTO,REGADERAS) VALUES (9,'consectetuer adipiscing','Mauris vel');
INSERT INTO MEMBRESIA_BASICA (ID_MEMBRESIA,AREAS_ENTRENAMIENTO,REGADERAS) VALUES (10,'eu sem.','non quam.');
INSERT INTO MEMBRESIA_BASICA (ID_MEMBRESIA,AREAS_ENTRENAMIENTO,REGADERAS) VALUES (11,'sem. Nulla','mi lorem,');
INSERT INTO MEMBRESIA_BASICA (ID_MEMBRESIA,AREAS_ENTRENAMIENTO,REGADERAS) VALUES (12,'Duis cursus,','est mauris,');
INSERT INTO MEMBRESIA_BASICA (ID_MEMBRESIA,AREAS_ENTRENAMIENTO,REGADERAS) VALUES (13,'id enim.','magna a');
INSERT INTO MEMBRESIA_BASICA (ID_MEMBRESIA,AREAS_ENTRENAMIENTO,REGADERAS) VALUES (14,'non dui','ut erat.');
INSERT INTO MEMBRESIA_BASICA (ID_MEMBRESIA,AREAS_ENTRENAMIENTO,REGADERAS) VALUES (15,'Vivamus rhoncus.','ornare, elit');
INSERT INTO MEMBRESIA_BASICA (ID_MEMBRESIA,AREAS_ENTRENAMIENTO,REGADERAS) VALUES (16,'Pellentesque habitant','eu arcu.');
INSERT INTO MEMBRESIA_BASICA (ID_MEMBRESIA,AREAS_ENTRENAMIENTO,REGADERAS) VALUES (17,'parturient montes,','risus. Donec');
INSERT INTO MEMBRESIA_BASICA (ID_MEMBRESIA,AREAS_ENTRENAMIENTO,REGADERAS) VALUES (18,'dui, semper','sem ut');
INSERT INTO MEMBRESIA_BASICA (ID_MEMBRESIA,AREAS_ENTRENAMIENTO,REGADERAS) VALUES (19,'nunc sed','pellentesque eget,');
INSERT INTO MEMBRESIA_BASICA (ID_MEMBRESIA,AREAS_ENTRENAMIENTO,REGADERAS) VALUES (20,'parturient montes,','turpis. Aliquam');
INSERT INTO MEMBRESIA_BASICA (ID_MEMBRESIA,AREAS_ENTRENAMIENTO,REGADERAS) VALUES (21,'tincidunt congue','et, commodo');
INSERT INTO MEMBRESIA_BASICA (ID_MEMBRESIA,AREAS_ENTRENAMIENTO,REGADERAS) VALUES (22,'libero dui','rhoncus. Donec');
INSERT INTO MEMBRESIA_BASICA (ID_MEMBRESIA,AREAS_ENTRENAMIENTO,REGADERAS) VALUES (23,'congue a,','sem eget');
INSERT INTO MEMBRESIA_BASICA (ID_MEMBRESIA,AREAS_ENTRENAMIENTO,REGADERAS) VALUES (24,'ridiculus mus.','non justo.');
INSERT INTO MEMBRESIA_BASICA (ID_MEMBRESIA,AREAS_ENTRENAMIENTO,REGADERAS) VALUES (25,'Aliquam erat','ligula. Aliquam');
INSERT INTO MEMBRESIA_BASICA (ID_MEMBRESIA,AREAS_ENTRENAMIENTO,REGADERAS) VALUES (26,'urna. Ut','risus. Donec');
INSERT INTO MEMBRESIA_BASICA (ID_MEMBRESIA,AREAS_ENTRENAMIENTO,REGADERAS) VALUES (27,'arcu. Sed','malesuada vel,');
INSERT INTO MEMBRESIA_BASICA (ID_MEMBRESIA,AREAS_ENTRENAMIENTO,REGADERAS) VALUES (28,'sem, consequat','tempor arcu.');
INSERT INTO MEMBRESIA_BASICA (ID_MEMBRESIA,AREAS_ENTRENAMIENTO,REGADERAS) VALUES (29,'tellus. Phasellus','nisi. Mauris');
INSERT INTO MEMBRESIA_BASICA (ID_MEMBRESIA,AREAS_ENTRENAMIENTO,REGADERAS) VALUES (30,'vel turpis.','orci lobortis');
INSERT INTO MEMBRESIA_BASICA (ID_MEMBRESIA,AREAS_ENTRENAMIENTO,REGADERAS) VALUES (31,'lectus pede,','nec metus');
INSERT INTO MEMBRESIA_BASICA (ID_MEMBRESIA,AREAS_ENTRENAMIENTO,REGADERAS) VALUES (32,'imperdiet nec,','nec tempus');
INSERT INTO MEMBRESIA_BASICA (ID_MEMBRESIA,AREAS_ENTRENAMIENTO,REGADERAS) VALUES (33,'nascetur ridiculus','eu tellus');
INSERT INTO MEMBRESIA_BASICA (ID_MEMBRESIA,AREAS_ENTRENAMIENTO,REGADERAS) VALUES (34,'augue id','massa. Quisque');
INSERT INTO MEMBRESIA_BASICA (ID_MEMBRESIA,AREAS_ENTRENAMIENTO,REGADERAS) VALUES (35,'Maecenas iaculis','mauris sapien,');
INSERT INTO MEMBRESIA_BASICA (ID_MEMBRESIA,AREAS_ENTRENAMIENTO,REGADERAS) VALUES (36,'feugiat. Lorem','Cras interdum.');
INSERT INTO MEMBRESIA_BASICA (ID_MEMBRESIA,AREAS_ENTRENAMIENTO,REGADERAS) VALUES (37,'neque venenatis','dui lectus');
INSERT INTO MEMBRESIA_BASICA (ID_MEMBRESIA,AREAS_ENTRENAMIENTO,REGADERAS) VALUES (38,'Suspendisse tristique','Nunc mauris');
INSERT INTO MEMBRESIA_BASICA (ID_MEMBRESIA,AREAS_ENTRENAMIENTO,REGADERAS) VALUES (39,'facilisi. Sed','cursus. Integer');
INSERT INTO MEMBRESIA_BASICA (ID_MEMBRESIA,AREAS_ENTRENAMIENTO,REGADERAS) VALUES (40,'odio, auctor','Sed diam');
INSERT INTO MEMBRESIA_BASICA (ID_MEMBRESIA,AREAS_ENTRENAMIENTO,REGADERAS) VALUES (41,'odio, auctor','ut, sem.');
INSERT INTO MEMBRESIA_BASICA (ID_MEMBRESIA,AREAS_ENTRENAMIENTO,REGADERAS) VALUES (42,'nunc sed','nunc. Quisque');
INSERT INTO MEMBRESIA_BASICA (ID_MEMBRESIA,AREAS_ENTRENAMIENTO,REGADERAS) VALUES (43,'eu nibh','lorem, vehicula');
INSERT INTO MEMBRESIA_BASICA (ID_MEMBRESIA,AREAS_ENTRENAMIENTO,REGADERAS) VALUES (44,'Integer aliquam','semper pretium');
INSERT INTO MEMBRESIA_BASICA (ID_MEMBRESIA,AREAS_ENTRENAMIENTO,REGADERAS) VALUES (45,'sollicitudin a,','lobortis mauris.');
INSERT INTO MEMBRESIA_BASICA (ID_MEMBRESIA,AREAS_ENTRENAMIENTO,REGADERAS) VALUES (46,'at sem','ullamcorper, velit');
INSERT INTO MEMBRESIA_BASICA (ID_MEMBRESIA,AREAS_ENTRENAMIENTO,REGADERAS) VALUES (47,'nisi. Aenean','in magna.');
INSERT INTO MEMBRESIA_BASICA (ID_MEMBRESIA,AREAS_ENTRENAMIENTO,REGADERAS) VALUES (48,'dui nec','penatibus et');
INSERT INTO MEMBRESIA_BASICA (ID_MEMBRESIA,AREAS_ENTRENAMIENTO,REGADERAS) VALUES (49,'eget lacus.','erat neque');
INSERT INTO MEMBRESIA_BASICA (ID_MEMBRESIA,AREAS_ENTRENAMIENTO,REGADERAS) VALUES (50,'non, feugiat','Fusce mi');
INSERT INTO MEMBRESIA_BASICA (ID_MEMBRESIA,AREAS_ENTRENAMIENTO,REGADERAS) VALUES (51,'sed, hendrerit','ullamcorper. Duis');
INSERT INTO MEMBRESIA_BASICA (ID_MEMBRESIA,AREAS_ENTRENAMIENTO,REGADERAS) VALUES (52,'Nam ac','erat, eget');
INSERT INTO MEMBRESIA_BASICA (ID_MEMBRESIA,AREAS_ENTRENAMIENTO,REGADERAS) VALUES (53,'non, feugiat','Curabitur sed');
INSERT INTO MEMBRESIA_BASICA (ID_MEMBRESIA,AREAS_ENTRENAMIENTO,REGADERAS) VALUES (54,'Suspendisse aliquet','felis eget');
INSERT INTO MEMBRESIA_BASICA (ID_MEMBRESIA,AREAS_ENTRENAMIENTO,REGADERAS) VALUES (55,'tincidunt orci','pharetra ut,');
INSERT INTO MEMBRESIA_BASICA (ID_MEMBRESIA,AREAS_ENTRENAMIENTO,REGADERAS) VALUES (56,'a neque.','lobortis augue');
INSERT INTO MEMBRESIA_BASICA (ID_MEMBRESIA,AREAS_ENTRENAMIENTO,REGADERAS) VALUES (57,'tempus non,','sed, est.');
INSERT INTO MEMBRESIA_BASICA (ID_MEMBRESIA,AREAS_ENTRENAMIENTO,REGADERAS) VALUES (58,'In tincidunt','Donec tempus,');
INSERT INTO MEMBRESIA_BASICA (ID_MEMBRESIA,AREAS_ENTRENAMIENTO,REGADERAS) VALUES (59,'Sed pharetra,','ac mi');
INSERT INTO MEMBRESIA_BASICA (ID_MEMBRESIA,AREAS_ENTRENAMIENTO,REGADERAS) VALUES (60,'erat eget','vitae purus');
INSERT INTO MEMBRESIA_BASICA (ID_MEMBRESIA,AREAS_ENTRENAMIENTO,REGADERAS) VALUES (61,'Suspendisse dui.','bibendum ullamcorper.');
INSERT INTO MEMBRESIA_BASICA (ID_MEMBRESIA,AREAS_ENTRENAMIENTO,REGADERAS) VALUES (62,'libero. Integer','Maecenas libero');
INSERT INTO MEMBRESIA_BASICA (ID_MEMBRESIA,AREAS_ENTRENAMIENTO,REGADERAS) VALUES (63,'amet massa.','risus, at');
INSERT INTO MEMBRESIA_BASICA (ID_MEMBRESIA,AREAS_ENTRENAMIENTO,REGADERAS) VALUES (64,'nec urna','lobortis augue');
INSERT INTO MEMBRESIA_BASICA (ID_MEMBRESIA,AREAS_ENTRENAMIENTO,REGADERAS) VALUES (65,'at augue','est, vitae');
INSERT INTO MEMBRESIA_BASICA (ID_MEMBRESIA,AREAS_ENTRENAMIENTO,REGADERAS) VALUES (66,'ornare placerat,','tristique senectus');
INSERT INTO MEMBRESIA_BASICA (ID_MEMBRESIA,AREAS_ENTRENAMIENTO,REGADERAS) VALUES (67,'at sem','sodales at,');
INSERT INTO MEMBRESIA_BASICA (ID_MEMBRESIA,AREAS_ENTRENAMIENTO,REGADERAS) VALUES (68,'viverra. Donec','mauris sagittis');
INSERT INTO MEMBRESIA_BASICA (ID_MEMBRESIA,AREAS_ENTRENAMIENTO,REGADERAS) VALUES (69,'elit elit','erat. Sed');
INSERT INTO MEMBRESIA_BASICA (ID_MEMBRESIA,AREAS_ENTRENAMIENTO,REGADERAS) VALUES (70,'non, bibendum','at, velit.');
INSERT INTO MEMBRESIA_BASICA (ID_MEMBRESIA,AREAS_ENTRENAMIENTO,REGADERAS) VALUES (71,'Aliquam adipiscing','Sed congue,');
INSERT INTO MEMBRESIA_BASICA (ID_MEMBRESIA,AREAS_ENTRENAMIENTO,REGADERAS) VALUES (72,'enim. Etiam','dis parturient');
INSERT INTO MEMBRESIA_BASICA (ID_MEMBRESIA,AREAS_ENTRENAMIENTO,REGADERAS) VALUES (73,'Fusce diam','Praesent eu');
INSERT INTO MEMBRESIA_BASICA (ID_MEMBRESIA,AREAS_ENTRENAMIENTO,REGADERAS) VALUES (74,'erat eget','est. Mauris');
INSERT INTO MEMBRESIA_BASICA (ID_MEMBRESIA,AREAS_ENTRENAMIENTO,REGADERAS) VALUES (75,'molestie sodales.','Duis a');
INSERT INTO MEMBRESIA_BASICA (ID_MEMBRESIA,AREAS_ENTRENAMIENTO,REGADERAS) VALUES (76,'pede, ultrices','molestie in,');
INSERT INTO MEMBRESIA_BASICA (ID_MEMBRESIA,AREAS_ENTRENAMIENTO,REGADERAS) VALUES (77,'nunc interdum','interdum. Curabitur');
INSERT INTO MEMBRESIA_BASICA (ID_MEMBRESIA,AREAS_ENTRENAMIENTO,REGADERAS) VALUES (78,'egestas a,','scelerisque mollis.');
INSERT INTO MEMBRESIA_BASICA (ID_MEMBRESIA,AREAS_ENTRENAMIENTO,REGADERAS) VALUES (79,'Phasellus nulla.','non, lacinia');
INSERT INTO MEMBRESIA_BASICA (ID_MEMBRESIA,AREAS_ENTRENAMIENTO,REGADERAS) VALUES (80,'scelerisque sed,','venenatis lacus.');
INSERT INTO MEMBRESIA_BASICA (ID_MEMBRESIA,AREAS_ENTRENAMIENTO,REGADERAS) VALUES (81,'ultrices. Vivamus','gravida nunc');
INSERT INTO MEMBRESIA_BASICA (ID_MEMBRESIA,AREAS_ENTRENAMIENTO,REGADERAS) VALUES (82,'Duis dignissim','volutpat nunc');
INSERT INTO MEMBRESIA_BASICA (ID_MEMBRESIA,AREAS_ENTRENAMIENTO,REGADERAS) VALUES (83,'Nullam scelerisque','consequat dolor');
INSERT INTO MEMBRESIA_BASICA (ID_MEMBRESIA,AREAS_ENTRENAMIENTO,REGADERAS) VALUES (84,'consequat purus.','lorem fringilla');
INSERT INTO MEMBRESIA_BASICA (ID_MEMBRESIA,AREAS_ENTRENAMIENTO,REGADERAS) VALUES (85,'quam vel','Fusce aliquam,');
INSERT INTO MEMBRESIA_BASICA (ID_MEMBRESIA,AREAS_ENTRENAMIENTO,REGADERAS) VALUES (86,'dictum augue','neque vitae');
INSERT INTO MEMBRESIA_BASICA (ID_MEMBRESIA,AREAS_ENTRENAMIENTO,REGADERAS) VALUES (87,'placerat eget,','eu, odio.');
INSERT INTO MEMBRESIA_BASICA (ID_MEMBRESIA,AREAS_ENTRENAMIENTO,REGADERAS) VALUES (88,'a, arcu.','ut eros');
INSERT INTO MEMBRESIA_BASICA (ID_MEMBRESIA,AREAS_ENTRENAMIENTO,REGADERAS) VALUES (89,'ad litora','adipiscing elit.');
INSERT INTO MEMBRESIA_BASICA (ID_MEMBRESIA,AREAS_ENTRENAMIENTO,REGADERAS) VALUES (90,'tortor. Integer','lacus. Etiam');
INSERT INTO MEMBRESIA_BASICA (ID_MEMBRESIA,AREAS_ENTRENAMIENTO,REGADERAS) VALUES (91,'tincidunt vehicula','imperdiet dictum');
INSERT INTO MEMBRESIA_BASICA (ID_MEMBRESIA,AREAS_ENTRENAMIENTO,REGADERAS) VALUES (92,'in faucibus','ut odio');
INSERT INTO MEMBRESIA_BASICA (ID_MEMBRESIA,AREAS_ENTRENAMIENTO,REGADERAS) VALUES (93,'non massa','vel turpis.');
INSERT INTO MEMBRESIA_BASICA (ID_MEMBRESIA,AREAS_ENTRENAMIENTO,REGADERAS) VALUES (94,'eget massa.','Suspendisse dui.');
INSERT INTO MEMBRESIA_BASICA (ID_MEMBRESIA,AREAS_ENTRENAMIENTO,REGADERAS) VALUES (95,'nulla magna,','vel, convallis');
INSERT INTO MEMBRESIA_BASICA (ID_MEMBRESIA,AREAS_ENTRENAMIENTO,REGADERAS) VALUES (96,'eget laoreet','elit pede,');
INSERT INTO MEMBRESIA_BASICA (ID_MEMBRESIA,AREAS_ENTRENAMIENTO,REGADERAS) VALUES (97,'vulputate velit','arcu iaculis');
INSERT INTO MEMBRESIA_BASICA (ID_MEMBRESIA,AREAS_ENTRENAMIENTO,REGADERAS) VALUES (98,'ut, pellentesque','ante. Nunc');
INSERT INTO MEMBRESIA_BASICA (ID_MEMBRESIA,AREAS_ENTRENAMIENTO,REGADERAS) VALUES (99,'ut lacus.','ut nisi');
INSERT INTO MEMBRESIA_BASICA (ID_MEMBRESIA,AREAS_ENTRENAMIENTO,REGADERAS) VALUES (100,'mauris ut','mi felis,');

--MEMBRESIA_PLUS
INSERT INTO MEMBRESIA_PLUS (ID_MEMBRESIA,AREAS_ENTRENAMIENTO,REGADERAS,CASILLERO,ENTRENADOR) VALUES (1,'venenatis lacus.','Aliquam auctor,','elit pede,','neque sed');
INSERT INTO MEMBRESIA_PLUS (ID_MEMBRESIA,AREAS_ENTRENAMIENTO,REGADERAS,CASILLERO,ENTRENADOR) VALUES (2,'lobortis. Class','nibh sit','Fusce feugiat.','Vivamus sit');
INSERT INTO MEMBRESIA_PLUS (ID_MEMBRESIA,AREAS_ENTRENAMIENTO,REGADERAS,CASILLERO,ENTRENADOR) VALUES (3,'Proin dolor.','dictum cursus.','non nisi.','massa. Mauris');
INSERT INTO MEMBRESIA_PLUS (ID_MEMBRESIA,AREAS_ENTRENAMIENTO,REGADERAS,CASILLERO,ENTRENADOR) VALUES (4,'Sed dictum.','vehicula. Pellentesque','amet, consectetuer','Duis gravida.');
INSERT INTO MEMBRESIA_PLUS (ID_MEMBRESIA,AREAS_ENTRENAMIENTO,REGADERAS,CASILLERO,ENTRENADOR) VALUES (5,'facilisis, magna','dis parturient','ut quam','mus. Proin');
INSERT INTO MEMBRESIA_PLUS (ID_MEMBRESIA,AREAS_ENTRENAMIENTO,REGADERAS,CASILLERO,ENTRENADOR) VALUES (6,'Cum sociis','sem ut','ultrices, mauris','semper et,');
INSERT INTO MEMBRESIA_PLUS (ID_MEMBRESIA,AREAS_ENTRENAMIENTO,REGADERAS,CASILLERO,ENTRENADOR) VALUES (7,'enim. Etiam','pede, ultrices','dolor quam,','odio. Phasellus');
INSERT INTO MEMBRESIA_PLUS (ID_MEMBRESIA,AREAS_ENTRENAMIENTO,REGADERAS,CASILLERO,ENTRENADOR) VALUES (8,'Donec elementum,','enim. Etiam','quis massa.','sit amet');
INSERT INTO MEMBRESIA_PLUS (ID_MEMBRESIA,AREAS_ENTRENAMIENTO,REGADERAS,CASILLERO,ENTRENADOR) VALUES (9,'commodo auctor','et, euismod','augue, eu','est. Nunc');
INSERT INTO MEMBRESIA_PLUS (ID_MEMBRESIA,AREAS_ENTRENAMIENTO,REGADERAS,CASILLERO,ENTRENADOR) VALUES (10,'nisl. Nulla','lacus. Ut','elementum, lorem','justo nec');
INSERT INTO MEMBRESIA_PLUS (ID_MEMBRESIA,AREAS_ENTRENAMIENTO,REGADERAS,CASILLERO,ENTRENADOR) VALUES (11,'aliquet libero.','non dui','Suspendisse dui.','tellus. Aenean');
INSERT INTO MEMBRESIA_PLUS (ID_MEMBRESIA,AREAS_ENTRENAMIENTO,REGADERAS,CASILLERO,ENTRENADOR) VALUES (12,'Nunc ut','nec tempus','lobortis quis,','Nunc laoreet');
INSERT INTO MEMBRESIA_PLUS (ID_MEMBRESIA,AREAS_ENTRENAMIENTO,REGADERAS,CASILLERO,ENTRENADOR) VALUES (13,'dis parturient','molestie. Sed','amet diam','sit amet');
INSERT INTO MEMBRESIA_PLUS (ID_MEMBRESIA,AREAS_ENTRENAMIENTO,REGADERAS,CASILLERO,ENTRENADOR) VALUES (14,'felis, adipiscing','a mi','orci. Phasellus','hymenaeos. Mauris');
INSERT INTO MEMBRESIA_PLUS (ID_MEMBRESIA,AREAS_ENTRENAMIENTO,REGADERAS,CASILLERO,ENTRENADOR) VALUES (15,'faucibus lectus,','et magnis','ut dolor','arcu. Aliquam');
INSERT INTO MEMBRESIA_PLUS (ID_MEMBRESIA,AREAS_ENTRENAMIENTO,REGADERAS,CASILLERO,ENTRENADOR) VALUES (16,'est ac','porttitor tellus','gravida. Aliquam','nisl. Quisque');
INSERT INTO MEMBRESIA_PLUS (ID_MEMBRESIA,AREAS_ENTRENAMIENTO,REGADERAS,CASILLERO,ENTRENADOR) VALUES (17,'Duis elementum,','hymenaeos. Mauris','odio. Nam','natoque penatibus');
INSERT INTO MEMBRESIA_PLUS (ID_MEMBRESIA,AREAS_ENTRENAMIENTO,REGADERAS,CASILLERO,ENTRENADOR) VALUES (18,'vitae erat','Nam interdum','Nunc mauris','dolor sit');
INSERT INTO MEMBRESIA_PLUS (ID_MEMBRESIA,AREAS_ENTRENAMIENTO,REGADERAS,CASILLERO,ENTRENADOR) VALUES (19,'ridiculus mus.','dictum augue','erat vel','vel, vulputate');
INSERT INTO MEMBRESIA_PLUS (ID_MEMBRESIA,AREAS_ENTRENAMIENTO,REGADERAS,CASILLERO,ENTRENADOR) VALUES (20,'elementum sem,','eget mollis','molestie pharetra','urna, nec');
INSERT INTO MEMBRESIA_PLUS (ID_MEMBRESIA,AREAS_ENTRENAMIENTO,REGADERAS,CASILLERO,ENTRENADOR) VALUES (21,'tortor at','ultricies sem','sed, facilisis','lacus. Cras');
INSERT INTO MEMBRESIA_PLUS (ID_MEMBRESIA,AREAS_ENTRENAMIENTO,REGADERAS,CASILLERO,ENTRENADOR) VALUES (22,'sem semper','dolor dolor,','sociis natoque','sagittis. Nullam');
INSERT INTO MEMBRESIA_PLUS (ID_MEMBRESIA,AREAS_ENTRENAMIENTO,REGADERAS,CASILLERO,ENTRENADOR) VALUES (23,'Cras sed','ut quam','Duis dignissim','quis urna.');
INSERT INTO MEMBRESIA_PLUS (ID_MEMBRESIA,AREAS_ENTRENAMIENTO,REGADERAS,CASILLERO,ENTRENADOR) VALUES (24,'nibh vulputate','enim nisl','sed tortor.','amet ultricies');
INSERT INTO MEMBRESIA_PLUS (ID_MEMBRESIA,AREAS_ENTRENAMIENTO,REGADERAS,CASILLERO,ENTRENADOR) VALUES (25,'euismod et,','Donec nibh','varius et,','non, bibendum');
INSERT INTO MEMBRESIA_PLUS (ID_MEMBRESIA,AREAS_ENTRENAMIENTO,REGADERAS,CASILLERO,ENTRENADOR) VALUES (26,'a odio','cursus. Integer','ipsum nunc','mi. Aliquam');
INSERT INTO MEMBRESIA_PLUS (ID_MEMBRESIA,AREAS_ENTRENAMIENTO,REGADERAS,CASILLERO,ENTRENADOR) VALUES (27,'tempus non,','eu, odio.','parturient montes,','euismod est');
INSERT INTO MEMBRESIA_PLUS (ID_MEMBRESIA,AREAS_ENTRENAMIENTO,REGADERAS,CASILLERO,ENTRENADOR) VALUES (28,'Morbi metus.','sit amet','vel, venenatis','a, enim.');
INSERT INTO MEMBRESIA_PLUS (ID_MEMBRESIA,AREAS_ENTRENAMIENTO,REGADERAS,CASILLERO,ENTRENADOR) VALUES (29,'feugiat tellus','Suspendisse commodo','Duis sit','libero nec');
INSERT INTO MEMBRESIA_PLUS (ID_MEMBRESIA,AREAS_ENTRENAMIENTO,REGADERAS,CASILLERO,ENTRENADOR) VALUES (30,'sit amet,','vitae, orci.','ridiculus mus.','neque sed');
INSERT INTO MEMBRESIA_PLUS (ID_MEMBRESIA,AREAS_ENTRENAMIENTO,REGADERAS,CASILLERO,ENTRENADOR) VALUES (31,'sapien, cursus','sodales purus,','Duis volutpat','neque et');
INSERT INTO MEMBRESIA_PLUS (ID_MEMBRESIA,AREAS_ENTRENAMIENTO,REGADERAS,CASILLERO,ENTRENADOR) VALUES (32,'Aenean eget','mattis. Cras','erat nonummy','tristique neque');
INSERT INTO MEMBRESIA_PLUS (ID_MEMBRESIA,AREAS_ENTRENAMIENTO,REGADERAS,CASILLERO,ENTRENADOR) VALUES (33,'Mauris blandit','Aliquam auctor,','dignissim. Maecenas','ut odio');
INSERT INTO MEMBRESIA_PLUS (ID_MEMBRESIA,AREAS_ENTRENAMIENTO,REGADERAS,CASILLERO,ENTRENADOR) VALUES (34,'in consectetuer','pharetra, felis','pretium neque.','Aliquam erat');
INSERT INTO MEMBRESIA_PLUS (ID_MEMBRESIA,AREAS_ENTRENAMIENTO,REGADERAS,CASILLERO,ENTRENADOR) VALUES (35,'orci, consectetuer','egestas. Aliquam','nunc ac','semper. Nam');
INSERT INTO MEMBRESIA_PLUS (ID_MEMBRESIA,AREAS_ENTRENAMIENTO,REGADERAS,CASILLERO,ENTRENADOR) VALUES (36,'hendrerit. Donec','eu sem.','libero. Morbi','non, lobortis');
INSERT INTO MEMBRESIA_PLUS (ID_MEMBRESIA,AREAS_ENTRENAMIENTO,REGADERAS,CASILLERO,ENTRENADOR) VALUES (37,'vitae, aliquet','Etiam ligula','orci. Ut','vel, venenatis');
INSERT INTO MEMBRESIA_PLUS (ID_MEMBRESIA,AREAS_ENTRENAMIENTO,REGADERAS,CASILLERO,ENTRENADOR) VALUES (38,'tempus eu,','nulla. Cras','sem, vitae','Morbi non');
INSERT INTO MEMBRESIA_PLUS (ID_MEMBRESIA,AREAS_ENTRENAMIENTO,REGADERAS,CASILLERO,ENTRENADOR) VALUES (39,'Ut tincidunt','odio vel','et malesuada','Praesent luctus.');
INSERT INTO MEMBRESIA_PLUS (ID_MEMBRESIA,AREAS_ENTRENAMIENTO,REGADERAS,CASILLERO,ENTRENADOR) VALUES (40,'pede ac','lectus, a','dictum eu,','nulla ante,');
INSERT INTO MEMBRESIA_PLUS (ID_MEMBRESIA,AREAS_ENTRENAMIENTO,REGADERAS,CASILLERO,ENTRENADOR) VALUES (41,'dolor egestas','est, vitae','blandit at,','eleifend. Cras');
INSERT INTO MEMBRESIA_PLUS (ID_MEMBRESIA,AREAS_ENTRENAMIENTO,REGADERAS,CASILLERO,ENTRENADOR) VALUES (42,'mollis vitae,','Mauris molestie','dictum eleifend,','laoreet ipsum.');
INSERT INTO MEMBRESIA_PLUS (ID_MEMBRESIA,AREAS_ENTRENAMIENTO,REGADERAS,CASILLERO,ENTRENADOR) VALUES (43,'enim. Curabitur','vestibulum lorem,','in consectetuer','Curabitur dictum.');
INSERT INTO MEMBRESIA_PLUS (ID_MEMBRESIA,AREAS_ENTRENAMIENTO,REGADERAS,CASILLERO,ENTRENADOR) VALUES (44,'consectetuer rhoncus.','mi, ac','rhoncus. Proin','nibh. Quisque');
INSERT INTO MEMBRESIA_PLUS (ID_MEMBRESIA,AREAS_ENTRENAMIENTO,REGADERAS,CASILLERO,ENTRENADOR) VALUES (45,'Mauris blandit','nulla. Cras','sed, facilisis','tristique neque');
INSERT INTO MEMBRESIA_PLUS (ID_MEMBRESIA,AREAS_ENTRENAMIENTO,REGADERAS,CASILLERO,ENTRENADOR) VALUES (46,'non, feugiat','a sollicitudin','et nunc.','neque. Nullam');
INSERT INTO MEMBRESIA_PLUS (ID_MEMBRESIA,AREAS_ENTRENAMIENTO,REGADERAS,CASILLERO,ENTRENADOR) VALUES (47,'nibh enim,','luctus vulputate,','sed pede','risus. Duis');
INSERT INTO MEMBRESIA_PLUS (ID_MEMBRESIA,AREAS_ENTRENAMIENTO,REGADERAS,CASILLERO,ENTRENADOR) VALUES (48,'fames ac','porttitor vulputate,','enim. Suspendisse','Donec luctus');
INSERT INTO MEMBRESIA_PLUS (ID_MEMBRESIA,AREAS_ENTRENAMIENTO,REGADERAS,CASILLERO,ENTRENADOR) VALUES (49,'Donec consectetuer','Curabitur ut','faucibus leo,','commodo at,');
INSERT INTO MEMBRESIA_PLUS (ID_MEMBRESIA,AREAS_ENTRENAMIENTO,REGADERAS,CASILLERO,ENTRENADOR) VALUES (50,'Sed molestie.','tincidunt dui','Suspendisse non','pretium et,');
INSERT INTO MEMBRESIA_PLUS (ID_MEMBRESIA,AREAS_ENTRENAMIENTO,REGADERAS,CASILLERO,ENTRENADOR) VALUES (51,'Aenean gravida','neque pellentesque','lorem lorem,','risus. Donec');
INSERT INTO MEMBRESIA_PLUS (ID_MEMBRESIA,AREAS_ENTRENAMIENTO,REGADERAS,CASILLERO,ENTRENADOR) VALUES (52,'sem molestie','leo. Vivamus','Proin dolor.','sed, sapien.');
INSERT INTO MEMBRESIA_PLUS (ID_MEMBRESIA,AREAS_ENTRENAMIENTO,REGADERAS,CASILLERO,ENTRENADOR) VALUES (53,'nec, diam.','orci. Ut','Suspendisse tristique','arcu. Vestibulum');
INSERT INTO MEMBRESIA_PLUS (ID_MEMBRESIA,AREAS_ENTRENAMIENTO,REGADERAS,CASILLERO,ENTRENADOR) VALUES (54,'sollicitudin orci','Donec egestas.','Donec non','laoreet, libero');
INSERT INTO MEMBRESIA_PLUS (ID_MEMBRESIA,AREAS_ENTRENAMIENTO,REGADERAS,CASILLERO,ENTRENADOR) VALUES (55,'Nulla tincidunt,','justo faucibus','nisi. Cum','Cras dolor');
INSERT INTO MEMBRESIA_PLUS (ID_MEMBRESIA,AREAS_ENTRENAMIENTO,REGADERAS,CASILLERO,ENTRENADOR) VALUES (56,'massa. Mauris','taciti sociosqu','risus. Quisque','Etiam imperdiet');
INSERT INTO MEMBRESIA_PLUS (ID_MEMBRESIA,AREAS_ENTRENAMIENTO,REGADERAS,CASILLERO,ENTRENADOR) VALUES (57,'lorem fringilla','faucibus orci','molestie tellus.','quam quis');
INSERT INTO MEMBRESIA_PLUS (ID_MEMBRESIA,AREAS_ENTRENAMIENTO,REGADERAS,CASILLERO,ENTRENADOR) VALUES (58,'euismod est','ante dictum','tristique pharetra.','dis parturient');
INSERT INTO MEMBRESIA_PLUS (ID_MEMBRESIA,AREAS_ENTRENAMIENTO,REGADERAS,CASILLERO,ENTRENADOR) VALUES (59,'nascetur ridiculus','tellus. Phasellus','diam. Sed','Aliquam fringilla');
INSERT INTO MEMBRESIA_PLUS (ID_MEMBRESIA,AREAS_ENTRENAMIENTO,REGADERAS,CASILLERO,ENTRENADOR) VALUES (60,'at augue','ut, nulla.','at, libero.','ut aliquam');
INSERT INTO MEMBRESIA_PLUS (ID_MEMBRESIA,AREAS_ENTRENAMIENTO,REGADERAS,CASILLERO,ENTRENADOR) VALUES (61,'Cum sociis','neque et','augue id','ut dolor');
INSERT INTO MEMBRESIA_PLUS (ID_MEMBRESIA,AREAS_ENTRENAMIENTO,REGADERAS,CASILLERO,ENTRENADOR) VALUES (62,'urna et','vulputate ullamcorper','Cras interdum.','enim. Sed');
INSERT INTO MEMBRESIA_PLUS (ID_MEMBRESIA,AREAS_ENTRENAMIENTO,REGADERAS,CASILLERO,ENTRENADOR) VALUES (63,'bibendum. Donec','justo sit','penatibus et','nec, mollis');
INSERT INTO MEMBRESIA_PLUS (ID_MEMBRESIA,AREAS_ENTRENAMIENTO,REGADERAS,CASILLERO,ENTRENADOR) VALUES (64,'imperdiet non,','eros turpis','Duis sit','pede. Nunc');
INSERT INTO MEMBRESIA_PLUS (ID_MEMBRESIA,AREAS_ENTRENAMIENTO,REGADERAS,CASILLERO,ENTRENADOR) VALUES (65,'nec urna','lacinia mattis.','arcu iaculis','nisi sem');
INSERT INTO MEMBRESIA_PLUS (ID_MEMBRESIA,AREAS_ENTRENAMIENTO,REGADERAS,CASILLERO,ENTRENADOR) VALUES (66,'risus quis','Ut nec','ornare, facilisis','magna. Phasellus');
INSERT INTO MEMBRESIA_PLUS (ID_MEMBRESIA,AREAS_ENTRENAMIENTO,REGADERAS,CASILLERO,ENTRENADOR) VALUES (67,'nulla magna,','molestie pharetra','hendrerit consectetuer,','cursus non,');
INSERT INTO MEMBRESIA_PLUS (ID_MEMBRESIA,AREAS_ENTRENAMIENTO,REGADERAS,CASILLERO,ENTRENADOR) VALUES (68,'nascetur ridiculus','aliquet libero.','sed libero.','cursus et,');
INSERT INTO MEMBRESIA_PLUS (ID_MEMBRESIA,AREAS_ENTRENAMIENTO,REGADERAS,CASILLERO,ENTRENADOR) VALUES (69,'leo. Cras','ac facilisis','id risus','magna. Phasellus');
INSERT INTO MEMBRESIA_PLUS (ID_MEMBRESIA,AREAS_ENTRENAMIENTO,REGADERAS,CASILLERO,ENTRENADOR) VALUES (70,'eleifend, nunc','nec, euismod','est ac','facilisis lorem');
INSERT INTO MEMBRESIA_PLUS (ID_MEMBRESIA,AREAS_ENTRENAMIENTO,REGADERAS,CASILLERO,ENTRENADOR) VALUES (71,'magnis dis','sem mollis','Phasellus at','volutpat nunc');
INSERT INTO MEMBRESIA_PLUS (ID_MEMBRESIA,AREAS_ENTRENAMIENTO,REGADERAS,CASILLERO,ENTRENADOR) VALUES (72,'elit elit','arcu. Sed','arcu vel','lacus. Cras');
INSERT INTO MEMBRESIA_PLUS (ID_MEMBRESIA,AREAS_ENTRENAMIENTO,REGADERAS,CASILLERO,ENTRENADOR) VALUES (73,'tincidunt adipiscing.','Vivamus sit','augue malesuada','dui, nec');
INSERT INTO MEMBRESIA_PLUS (ID_MEMBRESIA,AREAS_ENTRENAMIENTO,REGADERAS,CASILLERO,ENTRENADOR) VALUES (74,'non justo.','ultrices posuere','libero. Proin','ornare sagittis');
INSERT INTO MEMBRESIA_PLUS (ID_MEMBRESIA,AREAS_ENTRENAMIENTO,REGADERAS,CASILLERO,ENTRENADOR) VALUES (75,'interdum. Nunc','Integer vulputate,','mauris, aliquam','senectus et');
INSERT INTO MEMBRESIA_PLUS (ID_MEMBRESIA,AREAS_ENTRENAMIENTO,REGADERAS,CASILLERO,ENTRENADOR) VALUES (76,'elit fermentum','Phasellus vitae','vel pede','sagittis placerat.');
INSERT INTO MEMBRESIA_PLUS (ID_MEMBRESIA,AREAS_ENTRENAMIENTO,REGADERAS,CASILLERO,ENTRENADOR) VALUES (77,'nisl sem,','aliquet magna','ullamcorper magna.','in, tempus');
INSERT INTO MEMBRESIA_PLUS (ID_MEMBRESIA,AREAS_ENTRENAMIENTO,REGADERAS,CASILLERO,ENTRENADOR) VALUES (78,'tortor, dictum','cubilia Curae;','tellus justo','malesuada. Integer');
INSERT INTO MEMBRESIA_PLUS (ID_MEMBRESIA,AREAS_ENTRENAMIENTO,REGADERAS,CASILLERO,ENTRENADOR) VALUES (79,'justo faucibus','vel pede','neque. Sed','netus et');
INSERT INTO MEMBRESIA_PLUS (ID_MEMBRESIA,AREAS_ENTRENAMIENTO,REGADERAS,CASILLERO,ENTRENADOR) VALUES (80,'dolor. Fusce','eu nibh','ac mattis','dictum augue');
INSERT INTO MEMBRESIA_PLUS (ID_MEMBRESIA,AREAS_ENTRENAMIENTO,REGADERAS,CASILLERO,ENTRENADOR) VALUES (81,'pharetra ut,','a mi','hendrerit. Donec','tortor. Nunc');
INSERT INTO MEMBRESIA_PLUS (ID_MEMBRESIA,AREAS_ENTRENAMIENTO,REGADERAS,CASILLERO,ENTRENADOR) VALUES (82,'vitae, aliquet','et ultrices','fringilla ornare','ullamcorper, velit');
INSERT INTO MEMBRESIA_PLUS (ID_MEMBRESIA,AREAS_ENTRENAMIENTO,REGADERAS,CASILLERO,ENTRENADOR) VALUES (83,'non magna.','facilisis facilisis,','Suspendisse aliquet,','turpis egestas.');
INSERT INTO MEMBRESIA_PLUS (ID_MEMBRESIA,AREAS_ENTRENAMIENTO,REGADERAS,CASILLERO,ENTRENADOR) VALUES (84,'Cras eget','enim consequat','Cras eget','elementum, lorem');
INSERT INTO MEMBRESIA_PLUS (ID_MEMBRESIA,AREAS_ENTRENAMIENTO,REGADERAS,CASILLERO,ENTRENADOR) VALUES (85,'nisl. Quisque','pede. Suspendisse','adipiscing lobortis','ipsum sodales');
INSERT INTO MEMBRESIA_PLUS (ID_MEMBRESIA,AREAS_ENTRENAMIENTO,REGADERAS,CASILLERO,ENTRENADOR) VALUES (86,'fringilla ornare','et libero.','convallis convallis','elit. Nulla');
INSERT INTO MEMBRESIA_PLUS (ID_MEMBRESIA,AREAS_ENTRENAMIENTO,REGADERAS,CASILLERO,ENTRENADOR) VALUES (87,'risus quis','Cras sed','Donec fringilla.','odio. Aliquam');
INSERT INTO MEMBRESIA_PLUS (ID_MEMBRESIA,AREAS_ENTRENAMIENTO,REGADERAS,CASILLERO,ENTRENADOR) VALUES (88,'ut, sem.','amet luctus','mollis non,','aliquet libero.');
INSERT INTO MEMBRESIA_PLUS (ID_MEMBRESIA,AREAS_ENTRENAMIENTO,REGADERAS,CASILLERO,ENTRENADOR) VALUES (89,'dui nec','adipiscing. Mauris','id nunc','fermentum metus.');
INSERT INTO MEMBRESIA_PLUS (ID_MEMBRESIA,AREAS_ENTRENAMIENTO,REGADERAS,CASILLERO,ENTRENADOR) VALUES (90,'Fusce mollis.','ut dolor','torquent per','urna suscipit');
INSERT INTO MEMBRESIA_PLUS (ID_MEMBRESIA,AREAS_ENTRENAMIENTO,REGADERAS,CASILLERO,ENTRENADOR) VALUES (91,'tempus eu,','et pede.','eleifend egestas.','Nullam vitae');
INSERT INTO MEMBRESIA_PLUS (ID_MEMBRESIA,AREAS_ENTRENAMIENTO,REGADERAS,CASILLERO,ENTRENADOR) VALUES (92,'malesuada fames','dolor. Quisque','congue a,','tellus sem');
INSERT INTO MEMBRESIA_PLUS (ID_MEMBRESIA,AREAS_ENTRENAMIENTO,REGADERAS,CASILLERO,ENTRENADOR) VALUES (93,'at sem','risus varius','justo eu','cursus, diam');
INSERT INTO MEMBRESIA_PLUS (ID_MEMBRESIA,AREAS_ENTRENAMIENTO,REGADERAS,CASILLERO,ENTRENADOR) VALUES (94,'Suspendisse sed','auctor, nunc','ut nisi','erat, in');
INSERT INTO MEMBRESIA_PLUS (ID_MEMBRESIA,AREAS_ENTRENAMIENTO,REGADERAS,CASILLERO,ENTRENADOR) VALUES (95,'Etiam imperdiet','Phasellus dapibus','Cras vulputate','malesuada malesuada.');
INSERT INTO MEMBRESIA_PLUS (ID_MEMBRESIA,AREAS_ENTRENAMIENTO,REGADERAS,CASILLERO,ENTRENADOR) VALUES (96,'scelerisque mollis.','augue id','vehicula et,','metus facilisis');
INSERT INTO MEMBRESIA_PLUS (ID_MEMBRESIA,AREAS_ENTRENAMIENTO,REGADERAS,CASILLERO,ENTRENADOR) VALUES (97,'dolor, tempus','facilisis eget,','et libero.','neque. Morbi');
INSERT INTO MEMBRESIA_PLUS (ID_MEMBRESIA,AREAS_ENTRENAMIENTO,REGADERAS,CASILLERO,ENTRENADOR) VALUES (98,'nec luctus','penatibus et','dignissim lacus.','pretium neque.');
INSERT INTO MEMBRESIA_PLUS (ID_MEMBRESIA,AREAS_ENTRENAMIENTO,REGADERAS,CASILLERO,ENTRENADOR) VALUES (99,'sit amet','quis lectus.','tellus id','elit, pretium');
INSERT INTO MEMBRESIA_PLUS (ID_MEMBRESIA,AREAS_ENTRENAMIENTO,REGADERAS,CASILLERO,ENTRENADOR) VALUES (100,'Aliquam ultrices','ligula. Nullam','id ante','Maecenas ornare');

-- MEMBRESIA_PREMIUM
INSERT INTO MEMBRESIA_PREMIUM (ID_MEMBRESIA,AREAS_ENTRENAMIENTO,REGADERAS,CASILLERO,ENTRENADOR,SAUNA,ESPECIALISTA_NUTRICION,PUNTOS) VALUES (1,'tincidunt aliquam','ipsum. Curabitur','varius orci,','diam. Pellentesque','neque','Geoffrey P. Camacho',55);
INSERT INTO MEMBRESIA_PREMIUM (ID_MEMBRESIA,AREAS_ENTRENAMIENTO,REGADERAS,CASILLERO,ENTRENADOR,SAUNA,ESPECIALISTA_NUTRICION,PUNTOS) VALUES (2,'faucibus lectus,','sociosqu ad','amet diam','parturient montes,','lacinia','Grant G. Woods',668);
INSERT INTO MEMBRESIA_PREMIUM (ID_MEMBRESIA,AREAS_ENTRENAMIENTO,REGADERAS,CASILLERO,ENTRENADOR,SAUNA,ESPECIALISTA_NUTRICION,PUNTOS) VALUES (3,'natoque penatibus','ridiculus mus.','elit, pellentesque','dignissim magna','vulputate,','Alice X. West',621);
INSERT INTO MEMBRESIA_PREMIUM (ID_MEMBRESIA,AREAS_ENTRENAMIENTO,REGADERAS,CASILLERO,ENTRENADOR,SAUNA,ESPECIALISTA_NUTRICION,PUNTOS) VALUES (4,'mauris, aliquam','purus ac','dictum placerat,','eu erat','pede','Madeline C. Hubbard',437);
INSERT INTO MEMBRESIA_PREMIUM (ID_MEMBRESIA,AREAS_ENTRENAMIENTO,REGADERAS,CASILLERO,ENTRENADOR,SAUNA,ESPECIALISTA_NUTRICION,PUNTOS) VALUES (5,'nec tellus.','et magnis','arcu iaculis','elementum at,','nisl.','Cooper J. Newton',881);
INSERT INTO MEMBRESIA_PREMIUM (ID_MEMBRESIA,AREAS_ENTRENAMIENTO,REGADERAS,CASILLERO,ENTRENADOR,SAUNA,ESPECIALISTA_NUTRICION,PUNTOS) VALUES (6,'eget mollis','non justo.','lobortis mauris.','dui. Suspendisse','Sed','Vera F. Calderon',963);
INSERT INTO MEMBRESIA_PREMIUM (ID_MEMBRESIA,AREAS_ENTRENAMIENTO,REGADERAS,CASILLERO,ENTRENADOR,SAUNA,ESPECIALISTA_NUTRICION,PUNTOS) VALUES (7,'vitae velit','Integer vitae','turpis egestas.','lobortis quis,','adipiscing,','Hayfa D. Palmer',394);
INSERT INTO MEMBRESIA_PREMIUM (ID_MEMBRESIA,AREAS_ENTRENAMIENTO,REGADERAS,CASILLERO,ENTRENADOR,SAUNA,ESPECIALISTA_NUTRICION,PUNTOS) VALUES (8,'interdum feugiat.','tincidunt orci','mattis velit','non, luctus','nunc','Adele B. Lambert',228);
INSERT INTO MEMBRESIA_PREMIUM (ID_MEMBRESIA,AREAS_ENTRENAMIENTO,REGADERAS,CASILLERO,ENTRENADOR,SAUNA,ESPECIALISTA_NUTRICION,PUNTOS) VALUES (9,'fames ac','nunc sed','augue ac','arcu. Sed','pellentesque','Erica N. Decker',306);
INSERT INTO MEMBRESIA_PREMIUM (ID_MEMBRESIA,AREAS_ENTRENAMIENTO,REGADERAS,CASILLERO,ENTRENADOR,SAUNA,ESPECIALISTA_NUTRICION,PUNTOS) VALUES (10,'accumsan interdum','a tortor.','semper erat,','lorem, luctus','egestas.','Kirk S. Estes',79);
INSERT INTO MEMBRESIA_PREMIUM (ID_MEMBRESIA,AREAS_ENTRENAMIENTO,REGADERAS,CASILLERO,ENTRENADOR,SAUNA,ESPECIALISTA_NUTRICION,PUNTOS) VALUES (11,'nisl elementum','eu tempor','Nullam vitae','lorem, sit','pede,','Rigel F. Harrison',952);
INSERT INTO MEMBRESIA_PREMIUM (ID_MEMBRESIA,AREAS_ENTRENAMIENTO,REGADERAS,CASILLERO,ENTRENADOR,SAUNA,ESPECIALISTA_NUTRICION,PUNTOS) VALUES (12,'et netus','Ut tincidunt','risus varius','ac urna.','imperdiet','Deirdre W. Wilkerson',666);
INSERT INTO MEMBRESIA_PREMIUM (ID_MEMBRESIA,AREAS_ENTRENAMIENTO,REGADERAS,CASILLERO,ENTRENADOR,SAUNA,ESPECIALISTA_NUTRICION,PUNTOS) VALUES (13,'nibh. Donec','quis lectus.','felis eget','Curabitur ut','rhoncus','Jessamine C. Rich',529);
INSERT INTO MEMBRESIA_PREMIUM (ID_MEMBRESIA,AREAS_ENTRENAMIENTO,REGADERAS,CASILLERO,ENTRENADOR,SAUNA,ESPECIALISTA_NUTRICION,PUNTOS) VALUES (14,'iaculis, lacus','sapien, cursus','Aenean eget','accumsan sed,','Proin','Adrienne T. Key',144);
INSERT INTO MEMBRESIA_PREMIUM (ID_MEMBRESIA,AREAS_ENTRENAMIENTO,REGADERAS,CASILLERO,ENTRENADOR,SAUNA,ESPECIALISTA_NUTRICION,PUNTOS) VALUES (15,'tortor nibh','ipsum primis','odio. Phasellus','nec, malesuada','laoreet','Ali L. Gallegos',215);
INSERT INTO MEMBRESIA_PREMIUM (ID_MEMBRESIA,AREAS_ENTRENAMIENTO,REGADERAS,CASILLERO,ENTRENADOR,SAUNA,ESPECIALISTA_NUTRICION,PUNTOS) VALUES (16,'tellus faucibus','nisi nibh','scelerisque, lorem','mollis non,','netus','Tad R. Cash',194);
INSERT INTO MEMBRESIA_PREMIUM (ID_MEMBRESIA,AREAS_ENTRENAMIENTO,REGADERAS,CASILLERO,ENTRENADOR,SAUNA,ESPECIALISTA_NUTRICION,PUNTOS) VALUES (17,'Integer in','diam. Pellentesque','sagittis felis.','nibh. Quisque','urna','Zia A. Huff',64);
INSERT INTO MEMBRESIA_PREMIUM (ID_MEMBRESIA,AREAS_ENTRENAMIENTO,REGADERAS,CASILLERO,ENTRENADOR,SAUNA,ESPECIALISTA_NUTRICION,PUNTOS) VALUES (18,'eget odio.','mauris. Integer','Vivamus sit','iaculis quis,','adipiscing','Iona C. Graves',12);
INSERT INTO MEMBRESIA_PREMIUM (ID_MEMBRESIA,AREAS_ENTRENAMIENTO,REGADERAS,CASILLERO,ENTRENADOR,SAUNA,ESPECIALISTA_NUTRICION,PUNTOS) VALUES (19,'arcu. Curabitur','Donec fringilla.','posuere, enim','ipsum nunc','sapien','Rhonda Q. Chen',801);
INSERT INTO MEMBRESIA_PREMIUM (ID_MEMBRESIA,AREAS_ENTRENAMIENTO,REGADERAS,CASILLERO,ENTRENADOR,SAUNA,ESPECIALISTA_NUTRICION,PUNTOS) VALUES (20,'condimentum. Donec','nostra, per','aliquet, sem','sit amet','scelerisque','Unity O. Callahan',40);
INSERT INTO MEMBRESIA_PREMIUM (ID_MEMBRESIA,AREAS_ENTRENAMIENTO,REGADERAS,CASILLERO,ENTRENADOR,SAUNA,ESPECIALISTA_NUTRICION,PUNTOS) VALUES (21,'neque vitae','id sapien.','condimentum eget,','molestie in,','nisi.','Forrest F. Diaz',894);
INSERT INTO MEMBRESIA_PREMIUM (ID_MEMBRESIA,AREAS_ENTRENAMIENTO,REGADERAS,CASILLERO,ENTRENADOR,SAUNA,ESPECIALISTA_NUTRICION,PUNTOS) VALUES (22,'neque. In','mi. Aliquam','euismod in,','consectetuer, cursus','commodo','Francesca T. Gonzalez',486);
INSERT INTO MEMBRESIA_PREMIUM (ID_MEMBRESIA,AREAS_ENTRENAMIENTO,REGADERAS,CASILLERO,ENTRENADOR,SAUNA,ESPECIALISTA_NUTRICION,PUNTOS) VALUES (23,'Phasellus in','Proin nisl','tempor augue','Etiam bibendum','Nulla','Kibo V. Day',201);
INSERT INTO MEMBRESIA_PREMIUM (ID_MEMBRESIA,AREAS_ENTRENAMIENTO,REGADERAS,CASILLERO,ENTRENADOR,SAUNA,ESPECIALISTA_NUTRICION,PUNTOS) VALUES (24,'est, congue','pede. Praesent','lacus pede','sit amet,','Pellentesque','Adrian I. Hensley',714);
INSERT INTO MEMBRESIA_PREMIUM (ID_MEMBRESIA,AREAS_ENTRENAMIENTO,REGADERAS,CASILLERO,ENTRENADOR,SAUNA,ESPECIALISTA_NUTRICION,PUNTOS) VALUES (25,'a, scelerisque','tincidunt, neque','risus quis','Nunc ullamcorper,','tellus','Remedios Z. Burton',761);
INSERT INTO MEMBRESIA_PREMIUM (ID_MEMBRESIA,AREAS_ENTRENAMIENTO,REGADERAS,CASILLERO,ENTRENADOR,SAUNA,ESPECIALISTA_NUTRICION,PUNTOS) VALUES (26,'arcu imperdiet','nec, leo.','pede, nonummy','sodales nisi','Fusce','Jordan E. Owens',622);
INSERT INTO MEMBRESIA_PREMIUM (ID_MEMBRESIA,AREAS_ENTRENAMIENTO,REGADERAS,CASILLERO,ENTRENADOR,SAUNA,ESPECIALISTA_NUTRICION,PUNTOS) VALUES (27,'sodales at,','ipsum nunc','ac risus.','sed libero.','amet','Noelle L. Richmond',944);
INSERT INTO MEMBRESIA_PREMIUM (ID_MEMBRESIA,AREAS_ENTRENAMIENTO,REGADERAS,CASILLERO,ENTRENADOR,SAUNA,ESPECIALISTA_NUTRICION,PUNTOS) VALUES (28,'est, congue','Duis at','et ultrices','a, aliquet','Class','Ishmael M. Kelley',122);
INSERT INTO MEMBRESIA_PREMIUM (ID_MEMBRESIA,AREAS_ENTRENAMIENTO,REGADERAS,CASILLERO,ENTRENADOR,SAUNA,ESPECIALISTA_NUTRICION,PUNTOS) VALUES (29,'ipsum. Suspendisse','ipsum cursus','purus. Maecenas','ante blandit','Morbi','Fatima J. Welch',479);
INSERT INTO MEMBRESIA_PREMIUM (ID_MEMBRESIA,AREAS_ENTRENAMIENTO,REGADERAS,CASILLERO,ENTRENADOR,SAUNA,ESPECIALISTA_NUTRICION,PUNTOS) VALUES (30,'et ultrices','pede et','Integer eu','nec, diam.','nulla.','Gabriel J. Cervantes',6);
INSERT INTO MEMBRESIA_PREMIUM (ID_MEMBRESIA,AREAS_ENTRENAMIENTO,REGADERAS,CASILLERO,ENTRENADOR,SAUNA,ESPECIALISTA_NUTRICION,PUNTOS) VALUES (31,'molestie dapibus','fermentum fermentum','cursus a,','gravida. Aliquam','et','Daryl K. Holloway',653);
INSERT INTO MEMBRESIA_PREMIUM (ID_MEMBRESIA,AREAS_ENTRENAMIENTO,REGADERAS,CASILLERO,ENTRENADOR,SAUNA,ESPECIALISTA_NUTRICION,PUNTOS) VALUES (32,'porta elit,','massa. Suspendisse','Fusce aliquet','luctus. Curabitur','Duis','Emerson E. Ortiz',417);
INSERT INTO MEMBRESIA_PREMIUM (ID_MEMBRESIA,AREAS_ENTRENAMIENTO,REGADERAS,CASILLERO,ENTRENADOR,SAUNA,ESPECIALISTA_NUTRICION,PUNTOS) VALUES (33,'vel turpis.','dictum. Proin','libero dui','Phasellus at','Vivamus','Holly Z. Morton',155);
INSERT INTO MEMBRESIA_PREMIUM (ID_MEMBRESIA,AREAS_ENTRENAMIENTO,REGADERAS,CASILLERO,ENTRENADOR,SAUNA,ESPECIALISTA_NUTRICION,PUNTOS) VALUES (34,'Curabitur sed','metus. Vivamus','lobortis tellus','odio. Phasellus','enim','Damon H. Stewart',929);
INSERT INTO MEMBRESIA_PREMIUM (ID_MEMBRESIA,AREAS_ENTRENAMIENTO,REGADERAS,CASILLERO,ENTRENADOR,SAUNA,ESPECIALISTA_NUTRICION,PUNTOS) VALUES (35,'non dui','gravida sagittis.','libero. Proin','nisl. Maecenas','egestas','Akeem H. Woods',921);
INSERT INTO MEMBRESIA_PREMIUM (ID_MEMBRESIA,AREAS_ENTRENAMIENTO,REGADERAS,CASILLERO,ENTRENADOR,SAUNA,ESPECIALISTA_NUTRICION,PUNTOS) VALUES (36,'ornare, libero','aliquet nec,','sapien imperdiet','at, egestas','erat','Maya C. Potter',362);
INSERT INTO MEMBRESIA_PREMIUM (ID_MEMBRESIA,AREAS_ENTRENAMIENTO,REGADERAS,CASILLERO,ENTRENADOR,SAUNA,ESPECIALISTA_NUTRICION,PUNTOS) VALUES (37,'Nullam ut','Nulla dignissim.','Mauris molestie','magna. Suspendisse','in','Idona A. Potts',516);
INSERT INTO MEMBRESIA_PREMIUM (ID_MEMBRESIA,AREAS_ENTRENAMIENTO,REGADERAS,CASILLERO,ENTRENADOR,SAUNA,ESPECIALISTA_NUTRICION,PUNTOS) VALUES (38,'varius et,','enim. Etiam','a, malesuada','Donec est','gravida','Lysandra M. Barlow',762);
INSERT INTO MEMBRESIA_PREMIUM (ID_MEMBRESIA,AREAS_ENTRENAMIENTO,REGADERAS,CASILLERO,ENTRENADOR,SAUNA,ESPECIALISTA_NUTRICION,PUNTOS) VALUES (39,'eget ipsum.','Donec egestas.','rutrum magna.','montes, nascetur','commodo','Audra X. Coffey',860);
INSERT INTO MEMBRESIA_PREMIUM (ID_MEMBRESIA,AREAS_ENTRENAMIENTO,REGADERAS,CASILLERO,ENTRENADOR,SAUNA,ESPECIALISTA_NUTRICION,PUNTOS) VALUES (40,'nunc sit','nascetur ridiculus','diam. Duis','et magnis','Nunc','Nolan Y. Stone',240);
INSERT INTO MEMBRESIA_PREMIUM (ID_MEMBRESIA,AREAS_ENTRENAMIENTO,REGADERAS,CASILLERO,ENTRENADOR,SAUNA,ESPECIALISTA_NUTRICION,PUNTOS) VALUES (41,'erat vitae','ornare, facilisis','purus, accumsan','arcu. Nunc','ac,','Isabella T. Knox',828);
INSERT INTO MEMBRESIA_PREMIUM (ID_MEMBRESIA,AREAS_ENTRENAMIENTO,REGADERAS,CASILLERO,ENTRENADOR,SAUNA,ESPECIALISTA_NUTRICION,PUNTOS) VALUES (42,'ligula. Nullam','Ut sagittis','id, libero.','at arcu.','est','Erica F. Webster',586);
INSERT INTO MEMBRESIA_PREMIUM (ID_MEMBRESIA,AREAS_ENTRENAMIENTO,REGADERAS,CASILLERO,ENTRENADOR,SAUNA,ESPECIALISTA_NUTRICION,PUNTOS) VALUES (43,'Cras vehicula','et arcu','euismod est','ultricies ligula.','vestibulum.','Solomon F. Riggs',691);
INSERT INTO MEMBRESIA_PREMIUM (ID_MEMBRESIA,AREAS_ENTRENAMIENTO,REGADERAS,CASILLERO,ENTRENADOR,SAUNA,ESPECIALISTA_NUTRICION,PUNTOS) VALUES (44,'arcu et','scelerisque neque.','posuere, enim','at arcu.','Phasellus','Cullen Q. Avila',710);
INSERT INTO MEMBRESIA_PREMIUM (ID_MEMBRESIA,AREAS_ENTRENAMIENTO,REGADERAS,CASILLERO,ENTRENADOR,SAUNA,ESPECIALISTA_NUTRICION,PUNTOS) VALUES (45,'Sed molestie.','Nullam lobortis','euismod mauris','augue. Sed','nisl','Arden Y. Durham',799);
INSERT INTO MEMBRESIA_PREMIUM (ID_MEMBRESIA,AREAS_ENTRENAMIENTO,REGADERAS,CASILLERO,ENTRENADOR,SAUNA,ESPECIALISTA_NUTRICION,PUNTOS) VALUES (46,'In condimentum.','risus quis','massa rutrum','Sed congue,','Sed','Aristotle D. Wilkerson',558);
INSERT INTO MEMBRESIA_PREMIUM (ID_MEMBRESIA,AREAS_ENTRENAMIENTO,REGADERAS,CASILLERO,ENTRENADOR,SAUNA,ESPECIALISTA_NUTRICION,PUNTOS) VALUES (47,'facilisis. Suspendisse','gravida non,','Nunc quis','Nulla interdum.','pellentesque,','Alexa Z. Adams',551);
INSERT INTO MEMBRESIA_PREMIUM (ID_MEMBRESIA,AREAS_ENTRENAMIENTO,REGADERAS,CASILLERO,ENTRENADOR,SAUNA,ESPECIALISTA_NUTRICION,PUNTOS) VALUES (48,'ligula. Nullam','Integer aliquam','sodales elit','purus gravida','Lorem','Keaton Q. Hancock',162);
INSERT INTO MEMBRESIA_PREMIUM (ID_MEMBRESIA,AREAS_ENTRENAMIENTO,REGADERAS,CASILLERO,ENTRENADOR,SAUNA,ESPECIALISTA_NUTRICION,PUNTOS) VALUES (49,'lobortis quis,','ipsum. Donec','elit pede,','id magna','pulvinar','Rashad R. Chavez',661);
INSERT INTO MEMBRESIA_PREMIUM (ID_MEMBRESIA,AREAS_ENTRENAMIENTO,REGADERAS,CASILLERO,ENTRENADOR,SAUNA,ESPECIALISTA_NUTRICION,PUNTOS) VALUES (50,'dui. Cras','egestas ligula.','elit, dictum','metus. In','est.','Holmes I. Francis',156);
INSERT INTO MEMBRESIA_PREMIUM (ID_MEMBRESIA,AREAS_ENTRENAMIENTO,REGADERAS,CASILLERO,ENTRENADOR,SAUNA,ESPECIALISTA_NUTRICION,PUNTOS) VALUES (51,'aliquet, sem','libero et','non magna.','Nullam nisl.','iaculis','Emerald V. Henderson',283);
INSERT INTO MEMBRESIA_PREMIUM (ID_MEMBRESIA,AREAS_ENTRENAMIENTO,REGADERAS,CASILLERO,ENTRENADOR,SAUNA,ESPECIALISTA_NUTRICION,PUNTOS) VALUES (52,'litora torquent','lorem, auctor','senectus et','consectetuer rhoncus.','velit','Claudia V. Butler',584);
INSERT INTO MEMBRESIA_PREMIUM (ID_MEMBRESIA,AREAS_ENTRENAMIENTO,REGADERAS,CASILLERO,ENTRENADOR,SAUNA,ESPECIALISTA_NUTRICION,PUNTOS) VALUES (53,'sed consequat','mauris. Suspendisse','mattis semper,','lorem ipsum','nibh.','Alexa B. Gallegos',913);
INSERT INTO MEMBRESIA_PREMIUM (ID_MEMBRESIA,AREAS_ENTRENAMIENTO,REGADERAS,CASILLERO,ENTRENADOR,SAUNA,ESPECIALISTA_NUTRICION,PUNTOS) VALUES (54,'ut, pharetra','lectus, a','a, arcu.','sem, consequat','et,','Ross D. Cross',733);
INSERT INTO MEMBRESIA_PREMIUM (ID_MEMBRESIA,AREAS_ENTRENAMIENTO,REGADERAS,CASILLERO,ENTRENADOR,SAUNA,ESPECIALISTA_NUTRICION,PUNTOS) VALUES (55,'mauris a','libero. Proin','Integer aliquam','feugiat. Sed','vehicula','Jessica D. Fields',561);
INSERT INTO MEMBRESIA_PREMIUM (ID_MEMBRESIA,AREAS_ENTRENAMIENTO,REGADERAS,CASILLERO,ENTRENADOR,SAUNA,ESPECIALISTA_NUTRICION,PUNTOS) VALUES (56,'Quisque varius.','porttitor vulputate,','lorem ac','nisl elementum','odio.','Philip Z. Ellison',290);
INSERT INTO MEMBRESIA_PREMIUM (ID_MEMBRESIA,AREAS_ENTRENAMIENTO,REGADERAS,CASILLERO,ENTRENADOR,SAUNA,ESPECIALISTA_NUTRICION,PUNTOS) VALUES (57,'metus. In','Proin non','Aliquam vulputate','magna et','Phasellus','Stella B. Summers',115);
INSERT INTO MEMBRESIA_PREMIUM (ID_MEMBRESIA,AREAS_ENTRENAMIENTO,REGADERAS,CASILLERO,ENTRENADOR,SAUNA,ESPECIALISTA_NUTRICION,PUNTOS) VALUES (58,'habitant morbi','ornare, lectus','gravida molestie','amet risus.','cursus,','Octavia G. Michael',871);
INSERT INTO MEMBRESIA_PREMIUM (ID_MEMBRESIA,AREAS_ENTRENAMIENTO,REGADERAS,CASILLERO,ENTRENADOR,SAUNA,ESPECIALISTA_NUTRICION,PUNTOS) VALUES (59,'accumsan laoreet','adipiscing lacus.','mauris. Suspendisse','augue id','In','John P. Glenn',564);
INSERT INTO MEMBRESIA_PREMIUM (ID_MEMBRESIA,AREAS_ENTRENAMIENTO,REGADERAS,CASILLERO,ENTRENADOR,SAUNA,ESPECIALISTA_NUTRICION,PUNTOS) VALUES (60,'eget metus.','Phasellus nulla.','non, dapibus','velit. Cras','Curabitur','Claudia F. Rivers',338);
INSERT INTO MEMBRESIA_PREMIUM (ID_MEMBRESIA,AREAS_ENTRENAMIENTO,REGADERAS,CASILLERO,ENTRENADOR,SAUNA,ESPECIALISTA_NUTRICION,PUNTOS) VALUES (61,'blandit enim','et malesuada','arcu eu','sollicitudin adipiscing','vitae','Cora K. Smith',21);
INSERT INTO MEMBRESIA_PREMIUM (ID_MEMBRESIA,AREAS_ENTRENAMIENTO,REGADERAS,CASILLERO,ENTRENADOR,SAUNA,ESPECIALISTA_NUTRICION,PUNTOS) VALUES (62,'Sed molestie.','interdum. Sed','nunc est,','arcu vel','Sed','Jaime V. Combs',246);
INSERT INTO MEMBRESIA_PREMIUM (ID_MEMBRESIA,AREAS_ENTRENAMIENTO,REGADERAS,CASILLERO,ENTRENADOR,SAUNA,ESPECIALISTA_NUTRICION,PUNTOS) VALUES (63,'neque non','auctor, velit','eu, eleifend','ullamcorper. Duis','dolor.','Lucius Y. Mccullough',775);
INSERT INTO MEMBRESIA_PREMIUM (ID_MEMBRESIA,AREAS_ENTRENAMIENTO,REGADERAS,CASILLERO,ENTRENADOR,SAUNA,ESPECIALISTA_NUTRICION,PUNTOS) VALUES (64,'nibh dolor,','eu augue','aptent taciti','pharetra nibh.','Phasellus','Ethan D. Kim',562);
INSERT INTO MEMBRESIA_PREMIUM (ID_MEMBRESIA,AREAS_ENTRENAMIENTO,REGADERAS,CASILLERO,ENTRENADOR,SAUNA,ESPECIALISTA_NUTRICION,PUNTOS) VALUES (65,'neque non','ipsum. Donec','risus quis','fames ac','Maecenas','Leslie S. Lancaster',984);
INSERT INTO MEMBRESIA_PREMIUM (ID_MEMBRESIA,AREAS_ENTRENAMIENTO,REGADERAS,CASILLERO,ENTRENADOR,SAUNA,ESPECIALISTA_NUTRICION,PUNTOS) VALUES (66,'Nam interdum','egestas. Fusce','Morbi non','ornare, lectus','porttitor','Amery W. Mckee',149);
INSERT INTO MEMBRESIA_PREMIUM (ID_MEMBRESIA,AREAS_ENTRENAMIENTO,REGADERAS,CASILLERO,ENTRENADOR,SAUNA,ESPECIALISTA_NUTRICION,PUNTOS) VALUES (67,'et, commodo','auctor ullamcorper,','non enim','non massa','at','Claire P. Lowery',545);
INSERT INTO MEMBRESIA_PREMIUM (ID_MEMBRESIA,AREAS_ENTRENAMIENTO,REGADERAS,CASILLERO,ENTRENADOR,SAUNA,ESPECIALISTA_NUTRICION,PUNTOS) VALUES (68,'Ut tincidunt','in, cursus','quam a','eu metus.','enim.','Brooke S. Murray',765);
INSERT INTO MEMBRESIA_PREMIUM (ID_MEMBRESIA,AREAS_ENTRENAMIENTO,REGADERAS,CASILLERO,ENTRENADOR,SAUNA,ESPECIALISTA_NUTRICION,PUNTOS) VALUES (69,'eu, accumsan','molestie in,','aliquet odio.','nulla. Cras','facilisi.','Sharon R. King',516);
INSERT INTO MEMBRESIA_PREMIUM (ID_MEMBRESIA,AREAS_ENTRENAMIENTO,REGADERAS,CASILLERO,ENTRENADOR,SAUNA,ESPECIALISTA_NUTRICION,PUNTOS) VALUES (70,'Nullam scelerisque','ultricies dignissim','Fusce aliquam,','turpis. In','sit','Melvin C. Vasquez',156);
INSERT INTO MEMBRESIA_PREMIUM (ID_MEMBRESIA,AREAS_ENTRENAMIENTO,REGADERAS,CASILLERO,ENTRENADOR,SAUNA,ESPECIALISTA_NUTRICION,PUNTOS) VALUES (71,'Nam tempor','molestie. Sed','nascetur ridiculus','sem mollis','blandit.','Hu Z. Dale',674);
INSERT INTO MEMBRESIA_PREMIUM (ID_MEMBRESIA,AREAS_ENTRENAMIENTO,REGADERAS,CASILLERO,ENTRENADOR,SAUNA,ESPECIALISTA_NUTRICION,PUNTOS) VALUES (72,'dui. Suspendisse','ipsum primis','feugiat tellus','orci, consectetuer','massa','Nayda Z. Hubbard',990);
INSERT INTO MEMBRESIA_PREMIUM (ID_MEMBRESIA,AREAS_ENTRENAMIENTO,REGADERAS,CASILLERO,ENTRENADOR,SAUNA,ESPECIALISTA_NUTRICION,PUNTOS) VALUES (73,'Nam porttitor','neque vitae','cursus luctus,','vitae purus','dictum','Aaron B. Mcleod',42);
INSERT INTO MEMBRESIA_PREMIUM (ID_MEMBRESIA,AREAS_ENTRENAMIENTO,REGADERAS,CASILLERO,ENTRENADOR,SAUNA,ESPECIALISTA_NUTRICION,PUNTOS) VALUES (74,'scelerisque sed,','lectus. Cum','nonummy. Fusce','ut nisi','ornare,','Belle P. Mosley',431);
INSERT INTO MEMBRESIA_PREMIUM (ID_MEMBRESIA,AREAS_ENTRENAMIENTO,REGADERAS,CASILLERO,ENTRENADOR,SAUNA,ESPECIALISTA_NUTRICION,PUNTOS) VALUES (75,'consequat nec,','diam at','non lorem','Etiam gravida','lectus','Camille Z. Gillespie',188);
INSERT INTO MEMBRESIA_PREMIUM (ID_MEMBRESIA,AREAS_ENTRENAMIENTO,REGADERAS,CASILLERO,ENTRENADOR,SAUNA,ESPECIALISTA_NUTRICION,PUNTOS) VALUES (76,'malesuada ut,','et, euismod','sapien molestie','non, sollicitudin','augue','Reece K. Noble',627);
INSERT INTO MEMBRESIA_PREMIUM (ID_MEMBRESIA,AREAS_ENTRENAMIENTO,REGADERAS,CASILLERO,ENTRENADOR,SAUNA,ESPECIALISTA_NUTRICION,PUNTOS) VALUES (77,'mollis nec,','enim. Etiam','ornare, elit','conubia nostra,','pede.','Melinda A. Pope',906);
INSERT INTO MEMBRESIA_PREMIUM (ID_MEMBRESIA,AREAS_ENTRENAMIENTO,REGADERAS,CASILLERO,ENTRENADOR,SAUNA,ESPECIALISTA_NUTRICION,PUNTOS) VALUES (78,'convallis ligula.','ut erat.','a purus.','dictum sapien.','Ut','Shana P. Leon',493);
INSERT INTO MEMBRESIA_PREMIUM (ID_MEMBRESIA,AREAS_ENTRENAMIENTO,REGADERAS,CASILLERO,ENTRENADOR,SAUNA,ESPECIALISTA_NUTRICION,PUNTOS) VALUES (79,'Aenean eget','Donec elementum,','neque. Nullam','ac mattis','tellus.','Karleigh Z. Acosta',672);
INSERT INTO MEMBRESIA_PREMIUM (ID_MEMBRESIA,AREAS_ENTRENAMIENTO,REGADERAS,CASILLERO,ENTRENADOR,SAUNA,ESPECIALISTA_NUTRICION,PUNTOS) VALUES (80,'mus. Aenean','elit pede,','mus. Aenean','vulputate, posuere','malesuada','Veda H. Matthews',943);
INSERT INTO MEMBRESIA_PREMIUM (ID_MEMBRESIA,AREAS_ENTRENAMIENTO,REGADERAS,CASILLERO,ENTRENADOR,SAUNA,ESPECIALISTA_NUTRICION,PUNTOS) VALUES (81,'ac facilisis','sociosqu ad','amet, dapibus','mi felis,','egestas.','Neve U. Waters',953);
INSERT INTO MEMBRESIA_PREMIUM (ID_MEMBRESIA,AREAS_ENTRENAMIENTO,REGADERAS,CASILLERO,ENTRENADOR,SAUNA,ESPECIALISTA_NUTRICION,PUNTOS) VALUES (82,'mi eleifend','ut, pharetra','In tincidunt','Nulla interdum.','ultrices','Dieter S. Whitehead',61);
INSERT INTO MEMBRESIA_PREMIUM (ID_MEMBRESIA,AREAS_ENTRENAMIENTO,REGADERAS,CASILLERO,ENTRENADOR,SAUNA,ESPECIALISTA_NUTRICION,PUNTOS) VALUES (83,'fringilla cursus','fermentum metus.','cursus. Nunc','vehicula aliquet','suscipit','Abraham B. Holman',568);
INSERT INTO MEMBRESIA_PREMIUM (ID_MEMBRESIA,AREAS_ENTRENAMIENTO,REGADERAS,CASILLERO,ENTRENADOR,SAUNA,ESPECIALISTA_NUTRICION,PUNTOS) VALUES (84,'nec tempus','egestas. Fusce','dolor sit','ligula. Nullam','Etiam','Graham T. Vasquez',464);
INSERT INTO MEMBRESIA_PREMIUM (ID_MEMBRESIA,AREAS_ENTRENAMIENTO,REGADERAS,CASILLERO,ENTRENADOR,SAUNA,ESPECIALISTA_NUTRICION,PUNTOS) VALUES (85,'mauris elit,','placerat eget,','nulla at','aliquet. Phasellus','dolor.','Nolan U. Bright',161);
INSERT INTO MEMBRESIA_PREMIUM (ID_MEMBRESIA,AREAS_ENTRENAMIENTO,REGADERAS,CASILLERO,ENTRENADOR,SAUNA,ESPECIALISTA_NUTRICION,PUNTOS) VALUES (86,'tellus lorem','diam dictum','est ac','Curae; Phasellus','Aliquam','Eliana G. Navarro',64);
INSERT INTO MEMBRESIA_PREMIUM (ID_MEMBRESIA,AREAS_ENTRENAMIENTO,REGADERAS,CASILLERO,ENTRENADOR,SAUNA,ESPECIALISTA_NUTRICION,PUNTOS) VALUES (87,'penatibus et','nisi magna','Aliquam ornare,','amet diam','ut','Marah I. Cummings',189);
INSERT INTO MEMBRESIA_PREMIUM (ID_MEMBRESIA,AREAS_ENTRENAMIENTO,REGADERAS,CASILLERO,ENTRENADOR,SAUNA,ESPECIALISTA_NUTRICION,PUNTOS) VALUES (88,'Praesent eu','mauris ut','elementum sem,','Donec elementum,','Quisque','Zane F. Heath',827);
INSERT INTO MEMBRESIA_PREMIUM (ID_MEMBRESIA,AREAS_ENTRENAMIENTO,REGADERAS,CASILLERO,ENTRENADOR,SAUNA,ESPECIALISTA_NUTRICION,PUNTOS) VALUES (89,'ac urna.','rutrum eu,','Aliquam tincidunt,','amet, consectetuer','volutpat','Jacob S. Odonnell',109);
INSERT INTO MEMBRESIA_PREMIUM (ID_MEMBRESIA,AREAS_ENTRENAMIENTO,REGADERAS,CASILLERO,ENTRENADOR,SAUNA,ESPECIALISTA_NUTRICION,PUNTOS) VALUES (90,'Sed nunc','neque tellus,','pede, malesuada','vitae, sodales','non','Sylvia B. Holder',856);
INSERT INTO MEMBRESIA_PREMIUM (ID_MEMBRESIA,AREAS_ENTRENAMIENTO,REGADERAS,CASILLERO,ENTRENADOR,SAUNA,ESPECIALISTA_NUTRICION,PUNTOS) VALUES (91,'nec, leo.','suscipit nonummy.','a neque.','nunc sit','nec','Quon Z. Ramsey',156);
INSERT INTO MEMBRESIA_PREMIUM (ID_MEMBRESIA,AREAS_ENTRENAMIENTO,REGADERAS,CASILLERO,ENTRENADOR,SAUNA,ESPECIALISTA_NUTRICION,PUNTOS) VALUES (92,'magna a','varius. Nam','felis ullamcorper','lectus. Cum','urna','Paula Y. Solis',584);
INSERT INTO MEMBRESIA_PREMIUM (ID_MEMBRESIA,AREAS_ENTRENAMIENTO,REGADERAS,CASILLERO,ENTRENADOR,SAUNA,ESPECIALISTA_NUTRICION,PUNTOS) VALUES (93,'morbi tristique','enim. Etiam','in, hendrerit','eu tellus','feugiat','Hunter P. Rich',974);
INSERT INTO MEMBRESIA_PREMIUM (ID_MEMBRESIA,AREAS_ENTRENAMIENTO,REGADERAS,CASILLERO,ENTRENADOR,SAUNA,ESPECIALISTA_NUTRICION,PUNTOS) VALUES (94,'vestibulum massa','felis. Nulla','Suspendisse aliquet,','purus sapien,','enim.','Zenia K. Pearson',420);
INSERT INTO MEMBRESIA_PREMIUM (ID_MEMBRESIA,AREAS_ENTRENAMIENTO,REGADERAS,CASILLERO,ENTRENADOR,SAUNA,ESPECIALISTA_NUTRICION,PUNTOS) VALUES (95,'vel, vulputate','semper pretium','eros. Proin','dapibus gravida.','sit','Jared L. Kinney',501);
INSERT INTO MEMBRESIA_PREMIUM (ID_MEMBRESIA,AREAS_ENTRENAMIENTO,REGADERAS,CASILLERO,ENTRENADOR,SAUNA,ESPECIALISTA_NUTRICION,PUNTOS) VALUES (96,'nisi magna','ultricies adipiscing,','justo faucibus','nisi magna','nonummy','Madison C. Parks',901);
INSERT INTO MEMBRESIA_PREMIUM (ID_MEMBRESIA,AREAS_ENTRENAMIENTO,REGADERAS,CASILLERO,ENTRENADOR,SAUNA,ESPECIALISTA_NUTRICION,PUNTOS) VALUES (97,'tempus mauris','eget lacus.','arcu. Sed','sit amet','sem','Urielle I. Dixon',214);
INSERT INTO MEMBRESIA_PREMIUM (ID_MEMBRESIA,AREAS_ENTRENAMIENTO,REGADERAS,CASILLERO,ENTRENADOR,SAUNA,ESPECIALISTA_NUTRICION,PUNTOS) VALUES (98,'dis parturient','nulla magna,','diam luctus','ridiculus mus.','odio.','Emerald Q. Matthews',139);
INSERT INTO MEMBRESIA_PREMIUM (ID_MEMBRESIA,AREAS_ENTRENAMIENTO,REGADERAS,CASILLERO,ENTRENADOR,SAUNA,ESPECIALISTA_NUTRICION,PUNTOS) VALUES (99,'Aliquam adipiscing','nec, eleifend','magnis dis','sem elit,','id','Quinn K. Pierce',859);
INSERT INTO MEMBRESIA_PREMIUM (ID_MEMBRESIA,AREAS_ENTRENAMIENTO,REGADERAS,CASILLERO,ENTRENADOR,SAUNA,ESPECIALISTA_NUTRICION,PUNTOS) VALUES (100,'pede. Nunc','semper tellus','non, lobortis','Pellentesque habitant','leo','Mason F. Shepard',11);

-- CLASE
INSERT INTO CLASE (ID_CLASE,NOMBRE_CLASE,ENTRENADOR,COSTO,ID_DIAS,HORA_INICIO,HORA_FIN,PUNTOS) VALUES (1,'BOX','Felicia',252,36,'01-02-18','09.12.17',1);
INSERT INTO CLASE (ID_CLASE,NOMBRE_CLASE,ENTRENADOR,COSTO,ID_DIAS,HORA_INICIO,HORA_FIN,PUNTOS) VALUES (2,'ZUMBA','Addison',370,37,'21-05-17','20.10.17',2);
INSERT INTO CLASE (ID_CLASE,NOMBRE_CLASE,ENTRENADOR,COSTO,ID_DIAS,HORA_INICIO,HORA_FIN,PUNTOS) VALUES (3,'YOGA','Zena',996,28,'19-02-18','06.09.17',5);
INSERT INTO CLASE (ID_CLASE,NOMBRE_CLASE,ENTRENADOR,COSTO,ID_DIAS,HORA_INICIO,HORA_FIN,PUNTOS) VALUES (4,'TWERK','Chelsea',892,16,'24-10-17','30.11.17',1);
INSERT INTO CLASE (ID_CLASE,NOMBRE_CLASE,ENTRENADOR,COSTO,ID_DIAS,HORA_INICIO,HORA_FIN,PUNTOS) VALUES (5,'DANZA ARABE','Callie',923,36,'09-11-17','17.09.18',1);
INSERT INTO CLASE (ID_CLASE,NOMBRE_CLASE,ENTRENADOR,COSTO,ID_DIAS,HORA_INICIO,HORA_FIN,PUNTOS) VALUES (6,'BOX','Quinlan',576,36,'02-09-17','14.03.18',5);
INSERT INTO CLASE (ID_CLASE,NOMBRE_CLASE,ENTRENADOR,COSTO,ID_DIAS,HORA_INICIO,HORA_FIN,PUNTOS) VALUES (7,'ZUMBA','Amelia',904,47,'10-03-18','13.01.17',1);
INSERT INTO CLASE (ID_CLASE,NOMBRE_CLASE,ENTRENADOR,COSTO,ID_DIAS,HORA_INICIO,HORA_FIN,PUNTOS) VALUES (8,'YOGA','Charity',943,4,'01-09-17','01.06.18',4);
INSERT INTO CLASE (ID_CLASE,NOMBRE_CLASE,ENTRENADOR,COSTO,ID_DIAS,HORA_INICIO,HORA_FIN,PUNTOS) VALUES (9,'TWERK','Kirsten',303,11,'21-08-17','16.09.17',1);
INSERT INTO CLASE (ID_CLASE,NOMBRE_CLASE,ENTRENADOR,COSTO,ID_DIAS,HORA_INICIO,HORA_FIN,PUNTOS) VALUES (10,'DANZA ARABE','Brody',614,1,'13-08-17','19.12.17',2);
INSERT INTO CLASE (ID_CLASE,NOMBRE_CLASE,ENTRENADOR,COSTO,ID_DIAS,HORA_INICIO,HORA_FIN,PUNTOS) VALUES (11,'BOX','Yoko',402,1,'03-12-17','19.11.17',3);
INSERT INTO CLASE (ID_CLASE,NOMBRE_CLASE,ENTRENADOR,COSTO,ID_DIAS,HORA_INICIO,HORA_FIN,PUNTOS) VALUES (12,'ZUMBA','Avye',176,29,'26-03-17','30.04.17',5);
INSERT INTO CLASE (ID_CLASE,NOMBRE_CLASE,ENTRENADOR,COSTO,ID_DIAS,HORA_INICIO,HORA_FIN,PUNTOS) VALUES (13,'YOGA','Lewis',121,10,'21-03-17','18.02.17',5);
INSERT INTO CLASE (ID_CLASE,NOMBRE_CLASE,ENTRENADOR,COSTO,ID_DIAS,HORA_INICIO,HORA_FIN,PUNTOS) VALUES (14,'TWERK','Avye',731,23,'06-07-18','12.12.17',4);
INSERT INTO CLASE (ID_CLASE,NOMBRE_CLASE,ENTRENADOR,COSTO,ID_DIAS,HORA_INICIO,HORA_FIN,PUNTOS) VALUES (15,'DANZA ARABE','Emily',680,2,'12-11-17','30.11.17',3);
INSERT INTO CLASE (ID_CLASE,NOMBRE_CLASE,ENTRENADOR,COSTO,ID_DIAS,HORA_INICIO,HORA_FIN,PUNTOS) VALUES (16,'BOX','Idona',677,42,'18-02-18','02.08.17',2);
INSERT INTO CLASE (ID_CLASE,NOMBRE_CLASE,ENTRENADOR,COSTO,ID_DIAS,HORA_INICIO,HORA_FIN,PUNTOS) VALUES (17,'ZUMBA','Naomi',799,47,'02-12-16','08.12.16',2);
INSERT INTO CLASE (ID_CLASE,NOMBRE_CLASE,ENTRENADOR,COSTO,ID_DIAS,HORA_INICIO,HORA_FIN,PUNTOS) VALUES (18,'YOGA','Wanda',982,42,'29-07-17','06.06.18',3);
INSERT INTO CLASE (ID_CLASE,NOMBRE_CLASE,ENTRENADOR,COSTO,ID_DIAS,HORA_INICIO,HORA_FIN,PUNTOS) VALUES (19,'TWERK','Amy',187,2,'27-06-17','29.12.16',3);
INSERT INTO CLASE (ID_CLASE,NOMBRE_CLASE,ENTRENADOR,COSTO,ID_DIAS,HORA_INICIO,HORA_FIN,PUNTOS) VALUES (20,'DANZA ARABE','Fuller',393,16,'17-09-17','03.02.18',5);
INSERT INTO CLASE (ID_CLASE,NOMBRE_CLASE,ENTRENADOR,COSTO,ID_DIAS,HORA_INICIO,HORA_FIN,PUNTOS) VALUES (21,'BOX','Vielka',939,21,'06-09-17','21.09.17',2);
INSERT INTO CLASE (ID_CLASE,NOMBRE_CLASE,ENTRENADOR,COSTO,ID_DIAS,HORA_INICIO,HORA_FIN,PUNTOS) VALUES (22,'ZUMBA','Lester',475,45,'30-04-17','19.11.16',4);
INSERT INTO CLASE (ID_CLASE,NOMBRE_CLASE,ENTRENADOR,COSTO,ID_DIAS,HORA_INICIO,HORA_FIN,PUNTOS) VALUES (23,'YOGA','Mason',411,46,'18-10-17','10.08.18',4);
INSERT INTO CLASE (ID_CLASE,NOMBRE_CLASE,ENTRENADOR,COSTO,ID_DIAS,HORA_INICIO,HORA_FIN,PUNTOS) VALUES (24,'TWERK','Jack',123,22,'25-01-18','25.12.17',3);
INSERT INTO CLASE (ID_CLASE,NOMBRE_CLASE,ENTRENADOR,COSTO,ID_DIAS,HORA_INICIO,HORA_FIN,PUNTOS) VALUES (25,'DANZA ARABE','Orla',856,25,'22-06-18','08.09.18',3);
INSERT INTO CLASE (ID_CLASE,NOMBRE_CLASE,ENTRENADOR,COSTO,ID_DIAS,HORA_INICIO,HORA_FIN,PUNTOS) VALUES (26,'BOX','Craig',674,30,'09-01-17','19.12.17',1);
INSERT INTO CLASE (ID_CLASE,NOMBRE_CLASE,ENTRENADOR,COSTO,ID_DIAS,HORA_INICIO,HORA_FIN,PUNTOS) VALUES (27,'ZUMBA','Merrill',823,22,'16-08-18','14.03.18',4);
INSERT INTO CLASE (ID_CLASE,NOMBRE_CLASE,ENTRENADOR,COSTO,ID_DIAS,HORA_INICIO,HORA_FIN,PUNTOS) VALUES (28,'YOGA','Solomon',763,3,'18-01-18','12.09.17',5);
INSERT INTO CLASE (ID_CLASE,NOMBRE_CLASE,ENTRENADOR,COSTO,ID_DIAS,HORA_INICIO,HORA_FIN,PUNTOS) VALUES (29,'TWERK','Alika',960,30,'03-11-18','11.03.18',1);
INSERT INTO CLASE (ID_CLASE,NOMBRE_CLASE,ENTRENADOR,COSTO,ID_DIAS,HORA_INICIO,HORA_FIN,PUNTOS) VALUES (30,'DANZA ARABE','Kyle',450,12,'01-05-17','16.08.17',3);
INSERT INTO CLASE (ID_CLASE,NOMBRE_CLASE,ENTRENADOR,COSTO,ID_DIAS,HORA_INICIO,HORA_FIN,PUNTOS) VALUES (31,'BOX','Ulla',773,13,'25-08-17','01.11.17',1);
INSERT INTO CLASE (ID_CLASE,NOMBRE_CLASE,ENTRENADOR,COSTO,ID_DIAS,HORA_INICIO,HORA_FIN,PUNTOS) VALUES (32,'ZUMBA','Aladdin',670,26,'05-08-17','18.08.17',1);
INSERT INTO CLASE (ID_CLASE,NOMBRE_CLASE,ENTRENADOR,COSTO,ID_DIAS,HORA_INICIO,HORA_FIN,PUNTOS) VALUES (33,'YOGA','Kelly',979,12,'27-06-18','01.11.17',4);
INSERT INTO CLASE (ID_CLASE,NOMBRE_CLASE,ENTRENADOR,COSTO,ID_DIAS,HORA_INICIO,HORA_FIN,PUNTOS) VALUES (34,'TWERK','Warren',840,33,'28-08-17','14.08.17',1);
INSERT INTO CLASE (ID_CLASE,NOMBRE_CLASE,ENTRENADOR,COSTO,ID_DIAS,HORA_INICIO,HORA_FIN,PUNTOS) VALUES (35,'DANZA ARABE','Arsenio',215,12,'30-03-18','06.07.18',4);
INSERT INTO CLASE (ID_CLASE,NOMBRE_CLASE,ENTRENADOR,COSTO,ID_DIAS,HORA_INICIO,HORA_FIN,PUNTOS) VALUES (36,'BOX','Odysseus',640,36,'12-10-18','10.03.18',3);
INSERT INTO CLASE (ID_CLASE,NOMBRE_CLASE,ENTRENADOR,COSTO,ID_DIAS,HORA_INICIO,HORA_FIN,PUNTOS) VALUES (37,'ZUMBA','Burke',296,31,'02-09-18','20.07.17',5);
INSERT INTO CLASE (ID_CLASE,NOMBRE_CLASE,ENTRENADOR,COSTO,ID_DIAS,HORA_INICIO,HORA_FIN,PUNTOS) VALUES (38,'YOGA','Kylynn',504,21,'22-08-18','21.06.18',5);
INSERT INTO CLASE (ID_CLASE,NOMBRE_CLASE,ENTRENADOR,COSTO,ID_DIAS,HORA_INICIO,HORA_FIN,PUNTOS) VALUES (39,'TWERK','Timothy',537,44,'25-07-17','27.12.16',5);
INSERT INTO CLASE (ID_CLASE,NOMBRE_CLASE,ENTRENADOR,COSTO,ID_DIAS,HORA_INICIO,HORA_FIN,PUNTOS) VALUES (40,'DANZA ARABE','Channing',799,34,'09-02-18','27.01.17',3);
INSERT INTO CLASE (ID_CLASE,NOMBRE_CLASE,ENTRENADOR,COSTO,ID_DIAS,HORA_INICIO,HORA_FIN,PUNTOS) VALUES (41,'BOX','Tobias',840,25,'08-11-18','08.05.18',3);
INSERT INTO CLASE (ID_CLASE,NOMBRE_CLASE,ENTRENADOR,COSTO,ID_DIAS,HORA_INICIO,HORA_FIN,PUNTOS) VALUES (42,'ZUMBA','Ava',62,3,'13-06-18','09.08.18',1);
INSERT INTO CLASE (ID_CLASE,NOMBRE_CLASE,ENTRENADOR,COSTO,ID_DIAS,HORA_INICIO,HORA_FIN,PUNTOS) VALUES (43,'YOGA','Ethan',871,18,'24-02-17','08.04.17',2);
INSERT INTO CLASE (ID_CLASE,NOMBRE_CLASE,ENTRENADOR,COSTO,ID_DIAS,HORA_INICIO,HORA_FIN,PUNTOS) VALUES (44,'TWERK','Kyla',904,29,'22-04-18','08.01.17',4);
INSERT INTO CLASE (ID_CLASE,NOMBRE_CLASE,ENTRENADOR,COSTO,ID_DIAS,HORA_INICIO,HORA_FIN,PUNTOS) VALUES (45,'DANZA ARABE','Rina',437,34,'18-05-17','31.12.16',5);
INSERT INTO CLASE (ID_CLASE,NOMBRE_CLASE,ENTRENADOR,COSTO,ID_DIAS,HORA_INICIO,HORA_FIN,PUNTOS) VALUES (46,'BOX','Dawn',731,21,'06-03-17','11.09.18',2);
INSERT INTO CLASE (ID_CLASE,NOMBRE_CLASE,ENTRENADOR,COSTO,ID_DIAS,HORA_INICIO,HORA_FIN,PUNTOS) VALUES (47,'ZUMBA','Rinah',166,24,'21-06-18','20.12.17',2);
INSERT INTO CLASE (ID_CLASE,NOMBRE_CLASE,ENTRENADOR,COSTO,ID_DIAS,HORA_INICIO,HORA_FIN,PUNTOS) VALUES (48,'YOGA','Jaden',261,10,'18-02-17','25.10.17',5);
INSERT INTO CLASE (ID_CLASE,NOMBRE_CLASE,ENTRENADOR,COSTO,ID_DIAS,HORA_INICIO,HORA_FIN,PUNTOS) VALUES (49,'TWERK','Kennedy',210,1,'22-08-18','14.08.18',1);
INSERT INTO CLASE (ID_CLASE,NOMBRE_CLASE,ENTRENADOR,COSTO,ID_DIAS,HORA_INICIO,HORA_FIN,PUNTOS) VALUES (50,'DANZA ARABE','Kristen',970,30,'02-11-18','12.02.17',1);
INSERT INTO CLASE (ID_CLASE,NOMBRE_CLASE,ENTRENADOR,COSTO,ID_DIAS,HORA_INICIO,HORA_FIN,PUNTOS) VALUES (51,'BOX','Jeanette',673,43,'02-09-18','09.06.18',1);
INSERT INTO CLASE (ID_CLASE,NOMBRE_CLASE,ENTRENADOR,COSTO,ID_DIAS,HORA_INICIO,HORA_FIN,PUNTOS) VALUES (52,'ZUMBA','Alma',204,26,'21-10-18','22.01.18',1);
INSERT INTO CLASE (ID_CLASE,NOMBRE_CLASE,ENTRENADOR,COSTO,ID_DIAS,HORA_INICIO,HORA_FIN,PUNTOS) VALUES (53,'YOGA','Patricia',776,37,'24-05-18','08.06.17',2);
INSERT INTO CLASE (ID_CLASE,NOMBRE_CLASE,ENTRENADOR,COSTO,ID_DIAS,HORA_INICIO,HORA_FIN,PUNTOS) VALUES (54,'TWERK','Zena',401,32,'20-07-18','09.11.17',3);
INSERT INTO CLASE (ID_CLASE,NOMBRE_CLASE,ENTRENADOR,COSTO,ID_DIAS,HORA_INICIO,HORA_FIN,PUNTOS) VALUES (55,'DANZA ARABE','Devin',963,33,'11-10-18','24.05.18',2);
INSERT INTO CLASE (ID_CLASE,NOMBRE_CLASE,ENTRENADOR,COSTO,ID_DIAS,HORA_INICIO,HORA_FIN,PUNTOS) VALUES (56,'BOX','Tamara',421,29,'20-03-18','19.10.17',5);
INSERT INTO CLASE (ID_CLASE,NOMBRE_CLASE,ENTRENADOR,COSTO,ID_DIAS,HORA_INICIO,HORA_FIN,PUNTOS) VALUES (57,'ZUMBA','Tasha',720,22,'04-10-18','23.01.18',4);
INSERT INTO CLASE (ID_CLASE,NOMBRE_CLASE,ENTRENADOR,COSTO,ID_DIAS,HORA_INICIO,HORA_FIN,PUNTOS) VALUES (58,'YOGA','Yvette',463,6,'11-04-17','21.06.17',2);
INSERT INTO CLASE (ID_CLASE,NOMBRE_CLASE,ENTRENADOR,COSTO,ID_DIAS,HORA_INICIO,HORA_FIN,PUNTOS) VALUES (59,'TWERK','Basia',267,40,'07-09-18','12.04.17',3);
INSERT INTO CLASE (ID_CLASE,NOMBRE_CLASE,ENTRENADOR,COSTO,ID_DIAS,HORA_INICIO,HORA_FIN,PUNTOS) VALUES (60,'DANZA ARABE','Brennan',906,17,'13-01-18','19.10.17',5);
INSERT INTO CLASE (ID_CLASE,NOMBRE_CLASE,ENTRENADOR,COSTO,ID_DIAS,HORA_INICIO,HORA_FIN,PUNTOS) VALUES (61,'BOX','Hector',196,30,'10-12-17','14.01.17',4);
INSERT INTO CLASE (ID_CLASE,NOMBRE_CLASE,ENTRENADOR,COSTO,ID_DIAS,HORA_INICIO,HORA_FIN,PUNTOS) VALUES (62,'ZUMBA','Chandler',443,2,'28-11-17','06.07.17',1);
INSERT INTO CLASE (ID_CLASE,NOMBRE_CLASE,ENTRENADOR,COSTO,ID_DIAS,HORA_INICIO,HORA_FIN,PUNTOS) VALUES (63,'YOGA','Damon',879,33,'29-03-18','01.02.18',5);
INSERT INTO CLASE (ID_CLASE,NOMBRE_CLASE,ENTRENADOR,COSTO,ID_DIAS,HORA_INICIO,HORA_FIN,PUNTOS) VALUES (64,'TWERK','Amery',276,9,'30-09-17','09.12.16',4);
INSERT INTO CLASE (ID_CLASE,NOMBRE_CLASE,ENTRENADOR,COSTO,ID_DIAS,HORA_INICIO,HORA_FIN,PUNTOS) VALUES (65,'DANZA ARABE','Jameson',175,33,'03-05-17','09.01.17',3);
INSERT INTO CLASE (ID_CLASE,NOMBRE_CLASE,ENTRENADOR,COSTO,ID_DIAS,HORA_INICIO,HORA_FIN,PUNTOS) VALUES (66,'BOX','Cassandra',645,12,'04-01-18','10.11.18',2);
INSERT INTO CLASE (ID_CLASE,NOMBRE_CLASE,ENTRENADOR,COSTO,ID_DIAS,HORA_INICIO,HORA_FIN,PUNTOS) VALUES (67,'ZUMBA','Xerxes',569,17,'04-11-17','19.03.18',5);
INSERT INTO CLASE (ID_CLASE,NOMBRE_CLASE,ENTRENADOR,COSTO,ID_DIAS,HORA_INICIO,HORA_FIN,PUNTOS) VALUES (68,'YOGA','Carly',999,12,'15-01-18','03.04.17',4);
INSERT INTO CLASE (ID_CLASE,NOMBRE_CLASE,ENTRENADOR,COSTO,ID_DIAS,HORA_INICIO,HORA_FIN,PUNTOS) VALUES (69,'TWERK','Moana',806,7,'19-02-17','30.01.18',3);
INSERT INTO CLASE (ID_CLASE,NOMBRE_CLASE,ENTRENADOR,COSTO,ID_DIAS,HORA_INICIO,HORA_FIN,PUNTOS) VALUES (70,'DANZA ARABE','Caryn',108,2,'16-02-18','02.01.17',4);
INSERT INTO CLASE (ID_CLASE,NOMBRE_CLASE,ENTRENADOR,COSTO,ID_DIAS,HORA_INICIO,HORA_FIN,PUNTOS) VALUES (71,'BOX','Callie',531,6,'09-02-18','15.03.17',1);
INSERT INTO CLASE (ID_CLASE,NOMBRE_CLASE,ENTRENADOR,COSTO,ID_DIAS,HORA_INICIO,HORA_FIN,PUNTOS) VALUES (72,'ZUMBA','Darryl',524,20,'06-12-17','28.06.18',5);
INSERT INTO CLASE (ID_CLASE,NOMBRE_CLASE,ENTRENADOR,COSTO,ID_DIAS,HORA_INICIO,HORA_FIN,PUNTOS) VALUES (73,'YOGA','Ashely',165,33,'17-10-17','25.04.18',2);
INSERT INTO CLASE (ID_CLASE,NOMBRE_CLASE,ENTRENADOR,COSTO,ID_DIAS,HORA_INICIO,HORA_FIN,PUNTOS) VALUES (74,'TWERK','Nero',651,21,'08-07-18','28.09.18',5);
INSERT INTO CLASE (ID_CLASE,NOMBRE_CLASE,ENTRENADOR,COSTO,ID_DIAS,HORA_INICIO,HORA_FIN,PUNTOS) VALUES (75,'DANZA ARABE','Chanda',176,44,'05-10-18','17.07.17',5);
INSERT INTO CLASE (ID_CLASE,NOMBRE_CLASE,ENTRENADOR,COSTO,ID_DIAS,HORA_INICIO,HORA_FIN,PUNTOS) VALUES (76,'BOX','Beck',880,48,'05-03-18','17.03.18',3);
INSERT INTO CLASE (ID_CLASE,NOMBRE_CLASE,ENTRENADOR,COSTO,ID_DIAS,HORA_INICIO,HORA_FIN,PUNTOS) VALUES (77,'ZUMBA','Wade',327,17,'03-01-18','20.05.18',1);
INSERT INTO CLASE (ID_CLASE,NOMBRE_CLASE,ENTRENADOR,COSTO,ID_DIAS,HORA_INICIO,HORA_FIN,PUNTOS) VALUES (78,'YOGA','Heidi',878,42,'26-04-17','04.05.17',3);
INSERT INTO CLASE (ID_CLASE,NOMBRE_CLASE,ENTRENADOR,COSTO,ID_DIAS,HORA_INICIO,HORA_FIN,PUNTOS) VALUES (79,'TWERK','September',962,11,'20-12-16','13.01.17',2);
INSERT INTO CLASE (ID_CLASE,NOMBRE_CLASE,ENTRENADOR,COSTO,ID_DIAS,HORA_INICIO,HORA_FIN,PUNTOS) VALUES (80,'DANZA ARABE','Vivian',923,26,'31-08-18','27.04.18',4);
INSERT INTO CLASE (ID_CLASE,NOMBRE_CLASE,ENTRENADOR,COSTO,ID_DIAS,HORA_INICIO,HORA_FIN,PUNTOS) VALUES (81,'BOX','Callum',547,49,'06-01-17','12.11.16',2);
INSERT INTO CLASE (ID_CLASE,NOMBRE_CLASE,ENTRENADOR,COSTO,ID_DIAS,HORA_INICIO,HORA_FIN,PUNTOS) VALUES (82,'ZUMBA','Ruby',368,46,'10-06-17','02.04.17',1);
INSERT INTO CLASE (ID_CLASE,NOMBRE_CLASE,ENTRENADOR,COSTO,ID_DIAS,HORA_INICIO,HORA_FIN,PUNTOS) VALUES (83,'YOGA','Octavia',274,46,'05-11-18','26.09.18',3);
INSERT INTO CLASE (ID_CLASE,NOMBRE_CLASE,ENTRENADOR,COSTO,ID_DIAS,HORA_INICIO,HORA_FIN,PUNTOS) VALUES (84,'TWERK','Travis',624,15,'15-12-17','27.06.18',4);
INSERT INTO CLASE (ID_CLASE,NOMBRE_CLASE,ENTRENADOR,COSTO,ID_DIAS,HORA_INICIO,HORA_FIN,PUNTOS) VALUES (85,'DANZA ARABE','Samuel',502,31,'30-03-17','17.09.17',4);
INSERT INTO CLASE (ID_CLASE,NOMBRE_CLASE,ENTRENADOR,COSTO,ID_DIAS,HORA_INICIO,HORA_FIN,PUNTOS) VALUES (86,'BOX','Kim',89,1,'01-02-18','02.12.17',3);
INSERT INTO CLASE (ID_CLASE,NOMBRE_CLASE,ENTRENADOR,COSTO,ID_DIAS,HORA_INICIO,HORA_FIN,PUNTOS) VALUES (87,'ZUMBA','Molly',777,17,'16-02-18','21.08.17',3);
INSERT INTO CLASE (ID_CLASE,NOMBRE_CLASE,ENTRENADOR,COSTO,ID_DIAS,HORA_INICIO,HORA_FIN,PUNTOS) VALUES (88,'YOGA','Lunea',246,26,'13-08-17','20.06.17',2);
INSERT INTO CLASE (ID_CLASE,NOMBRE_CLASE,ENTRENADOR,COSTO,ID_DIAS,HORA_INICIO,HORA_FIN,PUNTOS) VALUES (89,'TWERK','Zeph',83,13,'21-07-17','24.04.17',1);
INSERT INTO CLASE (ID_CLASE,NOMBRE_CLASE,ENTRENADOR,COSTO,ID_DIAS,HORA_INICIO,HORA_FIN,PUNTOS) VALUES (90,'DANZA ARABE','Urielle',876,34,'08-11-18','13.09.17',2);
INSERT INTO CLASE (ID_CLASE,NOMBRE_CLASE,ENTRENADOR,COSTO,ID_DIAS,HORA_INICIO,HORA_FIN,PUNTOS) VALUES (91,'BOX','Bethany',266,12,'16-08-17','08.10.17',2);
INSERT INTO CLASE (ID_CLASE,NOMBRE_CLASE,ENTRENADOR,COSTO,ID_DIAS,HORA_INICIO,HORA_FIN,PUNTOS) VALUES (92,'ZUMBA','Katelyn',148,31,'02-08-17','03.03.18',2);
INSERT INTO CLASE (ID_CLASE,NOMBRE_CLASE,ENTRENADOR,COSTO,ID_DIAS,HORA_INICIO,HORA_FIN,PUNTOS) VALUES (93,'YOGA','Mona',683,11,'22-01-17','15.09.18',2);
INSERT INTO CLASE (ID_CLASE,NOMBRE_CLASE,ENTRENADOR,COSTO,ID_DIAS,HORA_INICIO,HORA_FIN,PUNTOS) VALUES (94,'TWERK','Alan',735,3,'11-01-17','30.08.18',5);
INSERT INTO CLASE (ID_CLASE,NOMBRE_CLASE,ENTRENADOR,COSTO,ID_DIAS,HORA_INICIO,HORA_FIN,PUNTOS) VALUES (95,'DANZA ARABE','Reece',854,30,'14-04-18','08.08.18',3);
INSERT INTO CLASE (ID_CLASE,NOMBRE_CLASE,ENTRENADOR,COSTO,ID_DIAS,HORA_INICIO,HORA_FIN,PUNTOS) VALUES (96,'BOX','Brenda',398,38,'31-01-18','07.11.17',2);
INSERT INTO CLASE (ID_CLASE,NOMBRE_CLASE,ENTRENADOR,COSTO,ID_DIAS,HORA_INICIO,HORA_FIN,PUNTOS) VALUES (97,'ZUMBA','Orson',504,22,'16-06-18','27.06.17',5);
INSERT INTO CLASE (ID_CLASE,NOMBRE_CLASE,ENTRENADOR,COSTO,ID_DIAS,HORA_INICIO,HORA_FIN,PUNTOS) VALUES (98,'YOGA','Scott',813,44,'11-05-17','14.03.18',2);
INSERT INTO CLASE (ID_CLASE,NOMBRE_CLASE,ENTRENADOR,COSTO,ID_DIAS,HORA_INICIO,HORA_FIN,PUNTOS) VALUES (99,'TWERK','Keane',960,13,'31-05-17','08.01.17',4);
INSERT INTO CLASE (ID_CLASE,NOMBRE_CLASE,ENTRENADOR,COSTO,ID_DIAS,HORA_INICIO,HORA_FIN,PUNTOS) VALUES (100,'DANZA ARABE','Destiny',690,49,'12-08-18','09.09.18',1);

--PRODUCTO
INSERT INTO PRODUCTO (ID_PRODUCTO,NOMBRE_PRODUCTO,PRESENTACION,DESCRIPCION,EXISTENCIAS,MARCA) VALUES (1,'iaculis','500ML','nunc,',26,'mus. Proin vel');
INSERT INTO PRODUCTO (ID_PRODUCTO,NOMBRE_PRODUCTO,PRESENTACION,DESCRIPCION,EXISTENCIAS,MARCA) VALUES (2,'montes, nascetur','1L','facilisis eget, ipsum.',7,'urna, nec');
INSERT INTO PRODUCTO (ID_PRODUCTO,NOMBRE_PRODUCTO,PRESENTACION,DESCRIPCION,EXISTENCIAS,MARCA) VALUES (3,'diam. Duis','POLVO','ridiculus mus. Proin vel arcu',27,'commodo');
INSERT INTO PRODUCTO (ID_PRODUCTO,NOMBRE_PRODUCTO,PRESENTACION,DESCRIPCION,EXISTENCIAS,MARCA) VALUES (4,'sed','MASTICABLE','accumsan',37,'neque sed');
INSERT INTO PRODUCTO (ID_PRODUCTO,NOMBRE_PRODUCTO,PRESENTACION,DESCRIPCION,EXISTENCIAS,MARCA) VALUES (5,'magna','500ML','tortor',38,'rutrum lorem ac');
INSERT INTO PRODUCTO (ID_PRODUCTO,NOMBRE_PRODUCTO,PRESENTACION,DESCRIPCION,EXISTENCIAS,MARCA) VALUES (6,'vestibulum','1L','quis, pede.',19,'mollis lectus pede');
INSERT INTO PRODUCTO (ID_PRODUCTO,NOMBRE_PRODUCTO,PRESENTACION,DESCRIPCION,EXISTENCIAS,MARCA) VALUES (7,'Ut','POLVO','Nam interdum enim non',14,'malesuada.');
INSERT INTO PRODUCTO (ID_PRODUCTO,NOMBRE_PRODUCTO,PRESENTACION,DESCRIPCION,EXISTENCIAS,MARCA) VALUES (8,'mollis.','MASTICABLE','Sed nulla',25,'sed, sapien. Nunc');
INSERT INTO PRODUCTO (ID_PRODUCTO,NOMBRE_PRODUCTO,PRESENTACION,DESCRIPCION,EXISTENCIAS,MARCA) VALUES (9,'hendrerit','500ML','Aliquam rutrum lorem',25,'Quisque');
INSERT INTO PRODUCTO (ID_PRODUCTO,NOMBRE_PRODUCTO,PRESENTACION,DESCRIPCION,EXISTENCIAS,MARCA) VALUES (10,'Sed eu','1L','mattis velit justo',23,'odio. Etiam ligula');
INSERT INTO PRODUCTO (ID_PRODUCTO,NOMBRE_PRODUCTO,PRESENTACION,DESCRIPCION,EXISTENCIAS,MARCA) VALUES (11,'natoque penatibus','POLVO','Ut nec urna',5,'pharetra ut, pharetra');
INSERT INTO PRODUCTO (ID_PRODUCTO,NOMBRE_PRODUCTO,PRESENTACION,DESCRIPCION,EXISTENCIAS,MARCA) VALUES (12,'elit, pretium','MASTICABLE','aptent taciti sociosqu ad',41,'lectus rutrum urna,');
INSERT INTO PRODUCTO (ID_PRODUCTO,NOMBRE_PRODUCTO,PRESENTACION,DESCRIPCION,EXISTENCIAS,MARCA) VALUES (13,'sed','500ML','enim diam vel arcu.',13,'ridiculus mus.');
INSERT INTO PRODUCTO (ID_PRODUCTO,NOMBRE_PRODUCTO,PRESENTACION,DESCRIPCION,EXISTENCIAS,MARCA) VALUES (14,'venenatis vel,','1L','ante, iaculis nec,',30,'sit amet, consectetuer');
INSERT INTO PRODUCTO (ID_PRODUCTO,NOMBRE_PRODUCTO,PRESENTACION,DESCRIPCION,EXISTENCIAS,MARCA) VALUES (15,'viverra. Donec','POLVO','eu, ultrices',14,'arcu. Nunc mauris.');
INSERT INTO PRODUCTO (ID_PRODUCTO,NOMBRE_PRODUCTO,PRESENTACION,DESCRIPCION,EXISTENCIAS,MARCA) VALUES (16,'quis urna.','MASTICABLE','erat nonummy ultricies ornare,',9,'ultricies');
INSERT INTO PRODUCTO (ID_PRODUCTO,NOMBRE_PRODUCTO,PRESENTACION,DESCRIPCION,EXISTENCIAS,MARCA) VALUES (17,'dis parturient','500ML','justo. Proin',3,'iaculis odio.');
INSERT INTO PRODUCTO (ID_PRODUCTO,NOMBRE_PRODUCTO,PRESENTACION,DESCRIPCION,EXISTENCIAS,MARCA) VALUES (18,'Nam','1L','sit amet, dapibus id,',3,'non, dapibus');
INSERT INTO PRODUCTO (ID_PRODUCTO,NOMBRE_PRODUCTO,PRESENTACION,DESCRIPCION,EXISTENCIAS,MARCA) VALUES (19,'orci. Donec','POLVO','tristique pharetra. Quisque',38,'nec urna et');
INSERT INTO PRODUCTO (ID_PRODUCTO,NOMBRE_PRODUCTO,PRESENTACION,DESCRIPCION,EXISTENCIAS,MARCA) VALUES (20,'pretium neque.','MASTICABLE','nibh. Phasellus',33,'volutpat. Nulla');
INSERT INTO PRODUCTO (ID_PRODUCTO,NOMBRE_PRODUCTO,PRESENTACION,DESCRIPCION,EXISTENCIAS,MARCA) VALUES (21,'rhoncus. Proin','500ML','montes, nascetur',12,'eleifend.');
INSERT INTO PRODUCTO (ID_PRODUCTO,NOMBRE_PRODUCTO,PRESENTACION,DESCRIPCION,EXISTENCIAS,MARCA) VALUES (22,'eu,','1L','neque venenatis',46,'lacus. Cras');
INSERT INTO PRODUCTO (ID_PRODUCTO,NOMBRE_PRODUCTO,PRESENTACION,DESCRIPCION,EXISTENCIAS,MARCA) VALUES (23,'est,','POLVO','velit justo nec ante. Maecenas',13,'Donec tincidunt. Donec');
INSERT INTO PRODUCTO (ID_PRODUCTO,NOMBRE_PRODUCTO,PRESENTACION,DESCRIPCION,EXISTENCIAS,MARCA) VALUES (24,'lorem, luctus','MASTICABLE','sapien',1,'Fusce diam');
INSERT INTO PRODUCTO (ID_PRODUCTO,NOMBRE_PRODUCTO,PRESENTACION,DESCRIPCION,EXISTENCIAS,MARCA) VALUES (25,'mi','500ML','justo. Praesent luctus.',34,'lacinia vitae, sodales');
INSERT INTO PRODUCTO (ID_PRODUCTO,NOMBRE_PRODUCTO,PRESENTACION,DESCRIPCION,EXISTENCIAS,MARCA) VALUES (26,'non lorem','1L','quam',25,'ac');
INSERT INTO PRODUCTO (ID_PRODUCTO,NOMBRE_PRODUCTO,PRESENTACION,DESCRIPCION,EXISTENCIAS,MARCA) VALUES (27,'malesuada fringilla','POLVO','at',9,'diam');
INSERT INTO PRODUCTO (ID_PRODUCTO,NOMBRE_PRODUCTO,PRESENTACION,DESCRIPCION,EXISTENCIAS,MARCA) VALUES (28,'in magna.','MASTICABLE','risus, at fringilla purus mauris',47,'et');
INSERT INTO PRODUCTO (ID_PRODUCTO,NOMBRE_PRODUCTO,PRESENTACION,DESCRIPCION,EXISTENCIAS,MARCA) VALUES (29,'adipiscing fringilla,','500ML','eget lacus. Mauris non dui',14,'quis massa.');
INSERT INTO PRODUCTO (ID_PRODUCTO,NOMBRE_PRODUCTO,PRESENTACION,DESCRIPCION,EXISTENCIAS,MARCA) VALUES (30,'dolor dapibus','1L','enim commodo hendrerit. Donec porttitor',4,'et netus et');
INSERT INTO PRODUCTO (ID_PRODUCTO,NOMBRE_PRODUCTO,PRESENTACION,DESCRIPCION,EXISTENCIAS,MARCA) VALUES (31,'sagittis. Nullam','POLVO','erat. Sed',11,'sem');
INSERT INTO PRODUCTO (ID_PRODUCTO,NOMBRE_PRODUCTO,PRESENTACION,DESCRIPCION,EXISTENCIAS,MARCA) VALUES (32,'lectus','MASTICABLE','Pellentesque ut ipsum',38,'eget, venenatis a,');
INSERT INTO PRODUCTO (ID_PRODUCTO,NOMBRE_PRODUCTO,PRESENTACION,DESCRIPCION,EXISTENCIAS,MARCA) VALUES (33,'Aliquam','500ML','ipsum primis',47,'et nunc. Quisque');
INSERT INTO PRODUCTO (ID_PRODUCTO,NOMBRE_PRODUCTO,PRESENTACION,DESCRIPCION,EXISTENCIAS,MARCA) VALUES (34,'mus.','1L','in faucibus orci luctus et',7,'eget,');
INSERT INTO PRODUCTO (ID_PRODUCTO,NOMBRE_PRODUCTO,PRESENTACION,DESCRIPCION,EXISTENCIAS,MARCA) VALUES (35,'non,','POLVO','erat. Vivamus nisi.',34,'luctus sit');
INSERT INTO PRODUCTO (ID_PRODUCTO,NOMBRE_PRODUCTO,PRESENTACION,DESCRIPCION,EXISTENCIAS,MARCA) VALUES (36,'eu','MASTICABLE','iaculis quis, pede. Praesent eu',24,'in');
INSERT INTO PRODUCTO (ID_PRODUCTO,NOMBRE_PRODUCTO,PRESENTACION,DESCRIPCION,EXISTENCIAS,MARCA) VALUES (37,'id, libero.','500ML','lorem fringilla ornare',15,'ligula eu enim.');
INSERT INTO PRODUCTO (ID_PRODUCTO,NOMBRE_PRODUCTO,PRESENTACION,DESCRIPCION,EXISTENCIAS,MARCA) VALUES (38,'vel','1L','ut ipsum ac mi eleifend',50,'amet ante. Vivamus');
INSERT INTO PRODUCTO (ID_PRODUCTO,NOMBRE_PRODUCTO,PRESENTACION,DESCRIPCION,EXISTENCIAS,MARCA) VALUES (39,'dis parturient','POLVO','ultrices sit',1,'ultricies adipiscing,');
INSERT INTO PRODUCTO (ID_PRODUCTO,NOMBRE_PRODUCTO,PRESENTACION,DESCRIPCION,EXISTENCIAS,MARCA) VALUES (40,'eu neque','MASTICABLE','imperdiet dictum magna. Ut tincidunt',42,'Proin');
INSERT INTO PRODUCTO (ID_PRODUCTO,NOMBRE_PRODUCTO,PRESENTACION,DESCRIPCION,EXISTENCIAS,MARCA) VALUES (41,'a, scelerisque','500ML','tempus eu,',12,'fringilla ornare placerat,');
INSERT INTO PRODUCTO (ID_PRODUCTO,NOMBRE_PRODUCTO,PRESENTACION,DESCRIPCION,EXISTENCIAS,MARCA) VALUES (42,'sem eget','1L','neque non quam. Pellentesque habitant',43,'in,');
INSERT INTO PRODUCTO (ID_PRODUCTO,NOMBRE_PRODUCTO,PRESENTACION,DESCRIPCION,EXISTENCIAS,MARCA) VALUES (43,'libero','POLVO','natoque penatibus et',4,'in,');
INSERT INTO PRODUCTO (ID_PRODUCTO,NOMBRE_PRODUCTO,PRESENTACION,DESCRIPCION,EXISTENCIAS,MARCA) VALUES (44,'leo, in','MASTICABLE','adipiscing',12,'In');
INSERT INTO PRODUCTO (ID_PRODUCTO,NOMBRE_PRODUCTO,PRESENTACION,DESCRIPCION,EXISTENCIAS,MARCA) VALUES (45,'Cras','500ML','erat. Vivamus',13,'sem mollis dui,');
INSERT INTO PRODUCTO (ID_PRODUCTO,NOMBRE_PRODUCTO,PRESENTACION,DESCRIPCION,EXISTENCIAS,MARCA) VALUES (46,'rhoncus. Nullam','1L','eu lacus. Quisque imperdiet,',22,'purus. Maecenas libero');
INSERT INTO PRODUCTO (ID_PRODUCTO,NOMBRE_PRODUCTO,PRESENTACION,DESCRIPCION,EXISTENCIAS,MARCA) VALUES (47,'commodo hendrerit.','POLVO','ac, feugiat non, lobortis quis,',33,'diam luctus');
INSERT INTO PRODUCTO (ID_PRODUCTO,NOMBRE_PRODUCTO,PRESENTACION,DESCRIPCION,EXISTENCIAS,MARCA) VALUES (48,'vulputate,','MASTICABLE','sapien. Nunc pulvinar arcu',49,'ullamcorper. Duis');
INSERT INTO PRODUCTO (ID_PRODUCTO,NOMBRE_PRODUCTO,PRESENTACION,DESCRIPCION,EXISTENCIAS,MARCA) VALUES (49,'egestas rhoncus.','500ML','sed',12,'Aliquam gravida');
INSERT INTO PRODUCTO (ID_PRODUCTO,NOMBRE_PRODUCTO,PRESENTACION,DESCRIPCION,EXISTENCIAS,MARCA) VALUES (50,'sem','1L','Sed eu nibh vulputate',33,'consequat nec,');
INSERT INTO PRODUCTO (ID_PRODUCTO,NOMBRE_PRODUCTO,PRESENTACION,DESCRIPCION,EXISTENCIAS,MARCA) VALUES (51,'tellus id','POLVO','molestie in, tempus eu, ligula.',32,'Donec');
INSERT INTO PRODUCTO (ID_PRODUCTO,NOMBRE_PRODUCTO,PRESENTACION,DESCRIPCION,EXISTENCIAS,MARCA) VALUES (52,'Suspendisse tristique','MASTICABLE','Praesent luctus. Curabitur',41,'neque');
INSERT INTO PRODUCTO (ID_PRODUCTO,NOMBRE_PRODUCTO,PRESENTACION,DESCRIPCION,EXISTENCIAS,MARCA) VALUES (53,'sit','500ML','eget lacus.',17,'vitae,');
INSERT INTO PRODUCTO (ID_PRODUCTO,NOMBRE_PRODUCTO,PRESENTACION,DESCRIPCION,EXISTENCIAS,MARCA) VALUES (54,'sit','1L','Maecenas mi',21,'ipsum dolor');
INSERT INTO PRODUCTO (ID_PRODUCTO,NOMBRE_PRODUCTO,PRESENTACION,DESCRIPCION,EXISTENCIAS,MARCA) VALUES (55,'malesuada','POLVO','tempus eu, ligula.',3,'ante ipsum');
INSERT INTO PRODUCTO (ID_PRODUCTO,NOMBRE_PRODUCTO,PRESENTACION,DESCRIPCION,EXISTENCIAS,MARCA) VALUES (56,'libero nec','MASTICABLE','feugiat placerat velit.',34,'orci. Ut semper');
INSERT INTO PRODUCTO (ID_PRODUCTO,NOMBRE_PRODUCTO,PRESENTACION,DESCRIPCION,EXISTENCIAS,MARCA) VALUES (57,'vel','500ML','Aliquam nisl. Nulla eu',38,'id, blandit at,');
INSERT INTO PRODUCTO (ID_PRODUCTO,NOMBRE_PRODUCTO,PRESENTACION,DESCRIPCION,EXISTENCIAS,MARCA) VALUES (58,'consectetuer','1L','metus. In',3,'ut lacus.');
INSERT INTO PRODUCTO (ID_PRODUCTO,NOMBRE_PRODUCTO,PRESENTACION,DESCRIPCION,EXISTENCIAS,MARCA) VALUES (59,'dictum','POLVO','id, mollis nec, cursus',22,'eu eros. Nam');
INSERT INTO PRODUCTO (ID_PRODUCTO,NOMBRE_PRODUCTO,PRESENTACION,DESCRIPCION,EXISTENCIAS,MARCA) VALUES (60,'nulla. Cras','MASTICABLE','odio semper cursus. Integer',15,'at, egestas');
INSERT INTO PRODUCTO (ID_PRODUCTO,NOMBRE_PRODUCTO,PRESENTACION,DESCRIPCION,EXISTENCIAS,MARCA) VALUES (61,'auctor,','500ML','quam',29,'Etiam');
INSERT INTO PRODUCTO (ID_PRODUCTO,NOMBRE_PRODUCTO,PRESENTACION,DESCRIPCION,EXISTENCIAS,MARCA) VALUES (62,'pharetra nibh.','1L','ac risus. Morbi metus. Vivamus',40,'aliquam eros turpis');
INSERT INTO PRODUCTO (ID_PRODUCTO,NOMBRE_PRODUCTO,PRESENTACION,DESCRIPCION,EXISTENCIAS,MARCA) VALUES (63,'scelerisque','POLVO','dictum.',3,'Morbi vehicula.');
INSERT INTO PRODUCTO (ID_PRODUCTO,NOMBRE_PRODUCTO,PRESENTACION,DESCRIPCION,EXISTENCIAS,MARCA) VALUES (64,'sit amet','MASTICABLE','eleifend, nunc risus varius',24,'libero.');
INSERT INTO PRODUCTO (ID_PRODUCTO,NOMBRE_PRODUCTO,PRESENTACION,DESCRIPCION,EXISTENCIAS,MARCA) VALUES (65,'Nulla','500ML','pede ac urna. Ut tincidunt',15,'Curae; Phasellus');
INSERT INTO PRODUCTO (ID_PRODUCTO,NOMBRE_PRODUCTO,PRESENTACION,DESCRIPCION,EXISTENCIAS,MARCA) VALUES (66,'tempus eu,','1L','Phasellus libero mauris, aliquam',15,'nulla vulputate dui,');
INSERT INTO PRODUCTO (ID_PRODUCTO,NOMBRE_PRODUCTO,PRESENTACION,DESCRIPCION,EXISTENCIAS,MARCA) VALUES (67,'enim,','POLVO','montes, nascetur ridiculus',20,'vel lectus.');
INSERT INTO PRODUCTO (ID_PRODUCTO,NOMBRE_PRODUCTO,PRESENTACION,DESCRIPCION,EXISTENCIAS,MARCA) VALUES (68,'eleifend','MASTICABLE','metus. In nec orci.',14,'lacinia. Sed congue,');
INSERT INTO PRODUCTO (ID_PRODUCTO,NOMBRE_PRODUCTO,PRESENTACION,DESCRIPCION,EXISTENCIAS,MARCA) VALUES (69,'Phasellus','500ML','ultricies ligula. Nullam enim. Sed',46,'eget metus');
INSERT INTO PRODUCTO (ID_PRODUCTO,NOMBRE_PRODUCTO,PRESENTACION,DESCRIPCION,EXISTENCIAS,MARCA) VALUES (70,'In','1L','Donec sollicitudin adipiscing ligula. Aenean',4,'auctor');
INSERT INTO PRODUCTO (ID_PRODUCTO,NOMBRE_PRODUCTO,PRESENTACION,DESCRIPCION,EXISTENCIAS,MARCA) VALUES (71,'ipsum. Phasellus','POLVO','diam at pretium',16,'ullamcorper, nisl arcu');
INSERT INTO PRODUCTO (ID_PRODUCTO,NOMBRE_PRODUCTO,PRESENTACION,DESCRIPCION,EXISTENCIAS,MARCA) VALUES (72,'Integer','MASTICABLE','Nulla facilisis. Suspendisse commodo',48,'ultrices. Vivamus rhoncus.');
INSERT INTO PRODUCTO (ID_PRODUCTO,NOMBRE_PRODUCTO,PRESENTACION,DESCRIPCION,EXISTENCIAS,MARCA) VALUES (73,'diam','500ML','vehicula',28,'dis parturient');
INSERT INTO PRODUCTO (ID_PRODUCTO,NOMBRE_PRODUCTO,PRESENTACION,DESCRIPCION,EXISTENCIAS,MARCA) VALUES (74,'at augue','1L','dictum. Proin eget odio. Aliquam',37,'rhoncus id,');
INSERT INTO PRODUCTO (ID_PRODUCTO,NOMBRE_PRODUCTO,PRESENTACION,DESCRIPCION,EXISTENCIAS,MARCA) VALUES (75,'erat.','POLVO','arcu et pede.',31,'porttitor vulputate,');
INSERT INTO PRODUCTO (ID_PRODUCTO,NOMBRE_PRODUCTO,PRESENTACION,DESCRIPCION,EXISTENCIAS,MARCA) VALUES (76,'congue,','MASTICABLE','dolor vitae dolor.',30,'amet lorem semper');
INSERT INTO PRODUCTO (ID_PRODUCTO,NOMBRE_PRODUCTO,PRESENTACION,DESCRIPCION,EXISTENCIAS,MARCA) VALUES (77,'at,','500ML','consectetuer, cursus et, magna.',5,'fringilla ornare');
INSERT INTO PRODUCTO (ID_PRODUCTO,NOMBRE_PRODUCTO,PRESENTACION,DESCRIPCION,EXISTENCIAS,MARCA) VALUES (78,'est,','1L','non, lacinia at,',39,'Pellentesque ultricies');
INSERT INTO PRODUCTO (ID_PRODUCTO,NOMBRE_PRODUCTO,PRESENTACION,DESCRIPCION,EXISTENCIAS,MARCA) VALUES (79,'dolor. Nulla','POLVO','Vivamus nibh dolor, nonummy',36,'arcu eu odio');
INSERT INTO PRODUCTO (ID_PRODUCTO,NOMBRE_PRODUCTO,PRESENTACION,DESCRIPCION,EXISTENCIAS,MARCA) VALUES (80,'porttitor','MASTICABLE','lobortis, nisi nibh lacinia orci,',20,'Mauris ut quam');
INSERT INTO PRODUCTO (ID_PRODUCTO,NOMBRE_PRODUCTO,PRESENTACION,DESCRIPCION,EXISTENCIAS,MARCA) VALUES (81,'Sed eget','500ML','non enim commodo hendrerit.',46,'adipiscing, enim');
INSERT INTO PRODUCTO (ID_PRODUCTO,NOMBRE_PRODUCTO,PRESENTACION,DESCRIPCION,EXISTENCIAS,MARCA) VALUES (82,'erat','1L','est',10,'lorem ac risus.');
INSERT INTO PRODUCTO (ID_PRODUCTO,NOMBRE_PRODUCTO,PRESENTACION,DESCRIPCION,EXISTENCIAS,MARCA) VALUES (83,'Phasellus','POLVO','magna tellus',46,'tellus.');
INSERT INTO PRODUCTO (ID_PRODUCTO,NOMBRE_PRODUCTO,PRESENTACION,DESCRIPCION,EXISTENCIAS,MARCA) VALUES (84,'lacus.','MASTICABLE','inceptos hymenaeos. Mauris ut quam',18,'lorem ut');
INSERT INTO PRODUCTO (ID_PRODUCTO,NOMBRE_PRODUCTO,PRESENTACION,DESCRIPCION,EXISTENCIAS,MARCA) VALUES (85,'volutpat nunc','500ML','eu',43,'eu augue porttitor');
INSERT INTO PRODUCTO (ID_PRODUCTO,NOMBRE_PRODUCTO,PRESENTACION,DESCRIPCION,EXISTENCIAS,MARCA) VALUES (86,'ac','1L','scelerisque sed, sapien.',21,'Nullam ut');
INSERT INTO PRODUCTO (ID_PRODUCTO,NOMBRE_PRODUCTO,PRESENTACION,DESCRIPCION,EXISTENCIAS,MARCA) VALUES (87,'Quisque purus','POLVO','vitae risus. Duis',34,'orci, adipiscing non,');
INSERT INTO PRODUCTO (ID_PRODUCTO,NOMBRE_PRODUCTO,PRESENTACION,DESCRIPCION,EXISTENCIAS,MARCA) VALUES (88,'Integer','MASTICABLE','scelerisque neque.',32,'rutrum urna, nec');
INSERT INTO PRODUCTO (ID_PRODUCTO,NOMBRE_PRODUCTO,PRESENTACION,DESCRIPCION,EXISTENCIAS,MARCA) VALUES (89,'et','500ML','magna. Duis dignissim',36,'In condimentum. Donec');
INSERT INTO PRODUCTO (ID_PRODUCTO,NOMBRE_PRODUCTO,PRESENTACION,DESCRIPCION,EXISTENCIAS,MARCA) VALUES (90,'Aliquam','1L','ornare sagittis felis. Donec tempor,',16,'Vestibulum');
INSERT INTO PRODUCTO (ID_PRODUCTO,NOMBRE_PRODUCTO,PRESENTACION,DESCRIPCION,EXISTENCIAS,MARCA) VALUES (91,'penatibus','POLVO','Aliquam auctor, velit eget',48,'sapien');
INSERT INTO PRODUCTO (ID_PRODUCTO,NOMBRE_PRODUCTO,PRESENTACION,DESCRIPCION,EXISTENCIAS,MARCA) VALUES (92,'in','MASTICABLE','mus. Proin vel arcu',50,'Nulla tempor');
INSERT INTO PRODUCTO (ID_PRODUCTO,NOMBRE_PRODUCTO,PRESENTACION,DESCRIPCION,EXISTENCIAS,MARCA) VALUES (93,'rutrum lorem','500ML','adipiscing elit.',30,'iaculis, lacus');
INSERT INTO PRODUCTO (ID_PRODUCTO,NOMBRE_PRODUCTO,PRESENTACION,DESCRIPCION,EXISTENCIAS,MARCA) VALUES (94,'dui,','1L','ante ipsum primis',15,'in sodales');
INSERT INTO PRODUCTO (ID_PRODUCTO,NOMBRE_PRODUCTO,PRESENTACION,DESCRIPCION,EXISTENCIAS,MARCA) VALUES (95,'a, aliquet','POLVO','mauris, rhoncus id, mollis nec,',8,'ante. Vivamus');
INSERT INTO PRODUCTO (ID_PRODUCTO,NOMBRE_PRODUCTO,PRESENTACION,DESCRIPCION,EXISTENCIAS,MARCA) VALUES (96,'est','MASTICABLE','Proin ultrices. Duis',1,'tincidunt nibh.');
INSERT INTO PRODUCTO (ID_PRODUCTO,NOMBRE_PRODUCTO,PRESENTACION,DESCRIPCION,EXISTENCIAS,MARCA) VALUES (97,'eros','500ML','Nunc sollicitudin',22,'arcu. Vivamus');
INSERT INTO PRODUCTO (ID_PRODUCTO,NOMBRE_PRODUCTO,PRESENTACION,DESCRIPCION,EXISTENCIAS,MARCA) VALUES (98,'Aliquam erat','1L','eu, euismod ac,',20,'vitae, aliquet nec,');
INSERT INTO PRODUCTO (ID_PRODUCTO,NOMBRE_PRODUCTO,PRESENTACION,DESCRIPCION,EXISTENCIAS,MARCA) VALUES (99,'lobortis risus.','POLVO','ipsum porta',21,'id, erat.');
INSERT INTO PRODUCTO (ID_PRODUCTO,NOMBRE_PRODUCTO,PRESENTACION,DESCRIPCION,EXISTENCIAS,MARCA) VALUES (100,'orci. Donec','MASTICABLE','et netus',10,'facilisis');

-- TENER
INSERT INTO TENER (ID_SOCIO,ID_MEMBRESIA) VALUES (1,1);
INSERT INTO TENER (ID_SOCIO,ID_MEMBRESIA) VALUES (2,2);
INSERT INTO TENER (ID_SOCIO,ID_MEMBRESIA) VALUES (3,3);
INSERT INTO TENER (ID_SOCIO,ID_MEMBRESIA) VALUES (4,4);
INSERT INTO TENER (ID_SOCIO,ID_MEMBRESIA) VALUES (5,5);
INSERT INTO TENER (ID_SOCIO,ID_MEMBRESIA) VALUES (6,6);
INSERT INTO TENER (ID_SOCIO,ID_MEMBRESIA) VALUES (7,7);
INSERT INTO TENER (ID_SOCIO,ID_MEMBRESIA) VALUES (8,8);
INSERT INTO TENER (ID_SOCIO,ID_MEMBRESIA) VALUES (9,9);
INSERT INTO TENER (ID_SOCIO,ID_MEMBRESIA) VALUES (10,10);
INSERT INTO TENER (ID_SOCIO,ID_MEMBRESIA) VALUES (11,11);
INSERT INTO TENER (ID_SOCIO,ID_MEMBRESIA) VALUES (12,12);
INSERT INTO TENER (ID_SOCIO,ID_MEMBRESIA) VALUES (13,13);
INSERT INTO TENER (ID_SOCIO,ID_MEMBRESIA) VALUES (14,14);
INSERT INTO TENER (ID_SOCIO,ID_MEMBRESIA) VALUES (15,15);
INSERT INTO TENER (ID_SOCIO,ID_MEMBRESIA) VALUES (16,16);
INSERT INTO TENER (ID_SOCIO,ID_MEMBRESIA) VALUES (17,17);
INSERT INTO TENER (ID_SOCIO,ID_MEMBRESIA) VALUES (18,18);
INSERT INTO TENER (ID_SOCIO,ID_MEMBRESIA) VALUES (19,19);
INSERT INTO TENER (ID_SOCIO,ID_MEMBRESIA) VALUES (20,20);
INSERT INTO TENER (ID_SOCIO,ID_MEMBRESIA) VALUES (21,21);
INSERT INTO TENER (ID_SOCIO,ID_MEMBRESIA) VALUES (22,22);
INSERT INTO TENER (ID_SOCIO,ID_MEMBRESIA) VALUES (23,23);
INSERT INTO TENER (ID_SOCIO,ID_MEMBRESIA) VALUES (24,24);
INSERT INTO TENER (ID_SOCIO,ID_MEMBRESIA) VALUES (25,25);
INSERT INTO TENER (ID_SOCIO,ID_MEMBRESIA) VALUES (26,26);
INSERT INTO TENER (ID_SOCIO,ID_MEMBRESIA) VALUES (27,27);
INSERT INTO TENER (ID_SOCIO,ID_MEMBRESIA) VALUES (28,28);
INSERT INTO TENER (ID_SOCIO,ID_MEMBRESIA) VALUES (29,29);
INSERT INTO TENER (ID_SOCIO,ID_MEMBRESIA) VALUES (30,30);
INSERT INTO TENER (ID_SOCIO,ID_MEMBRESIA) VALUES (31,31);
INSERT INTO TENER (ID_SOCIO,ID_MEMBRESIA) VALUES (32,32);
INSERT INTO TENER (ID_SOCIO,ID_MEMBRESIA) VALUES (33,33);
INSERT INTO TENER (ID_SOCIO,ID_MEMBRESIA) VALUES (34,34);
INSERT INTO TENER (ID_SOCIO,ID_MEMBRESIA) VALUES (35,35);
INSERT INTO TENER (ID_SOCIO,ID_MEMBRESIA) VALUES (36,36);
INSERT INTO TENER (ID_SOCIO,ID_MEMBRESIA) VALUES (37,37);
INSERT INTO TENER (ID_SOCIO,ID_MEMBRESIA) VALUES (38,38);
INSERT INTO TENER (ID_SOCIO,ID_MEMBRESIA) VALUES (39,39);
INSERT INTO TENER (ID_SOCIO,ID_MEMBRESIA) VALUES (40,40);
INSERT INTO TENER (ID_SOCIO,ID_MEMBRESIA) VALUES (41,41);
INSERT INTO TENER (ID_SOCIO,ID_MEMBRESIA) VALUES (42,42);
INSERT INTO TENER (ID_SOCIO,ID_MEMBRESIA) VALUES (43,43);
INSERT INTO TENER (ID_SOCIO,ID_MEMBRESIA) VALUES (44,44);
INSERT INTO TENER (ID_SOCIO,ID_MEMBRESIA) VALUES (45,45);
INSERT INTO TENER (ID_SOCIO,ID_MEMBRESIA) VALUES (46,46);
INSERT INTO TENER (ID_SOCIO,ID_MEMBRESIA) VALUES (47,47);
INSERT INTO TENER (ID_SOCIO,ID_MEMBRESIA) VALUES (48,48);
INSERT INTO TENER (ID_SOCIO,ID_MEMBRESIA) VALUES (49,49);
INSERT INTO TENER (ID_SOCIO,ID_MEMBRESIA) VALUES (50,50);
INSERT INTO TENER (ID_SOCIO,ID_MEMBRESIA) VALUES (51,51);
INSERT INTO TENER (ID_SOCIO,ID_MEMBRESIA) VALUES (52,52);
INSERT INTO TENER (ID_SOCIO,ID_MEMBRESIA) VALUES (53,53);
INSERT INTO TENER (ID_SOCIO,ID_MEMBRESIA) VALUES (54,54);
INSERT INTO TENER (ID_SOCIO,ID_MEMBRESIA) VALUES (55,55);
INSERT INTO TENER (ID_SOCIO,ID_MEMBRESIA) VALUES (56,56);
INSERT INTO TENER (ID_SOCIO,ID_MEMBRESIA) VALUES (57,57);
INSERT INTO TENER (ID_SOCIO,ID_MEMBRESIA) VALUES (58,58);
INSERT INTO TENER (ID_SOCIO,ID_MEMBRESIA) VALUES (59,59);
INSERT INTO TENER (ID_SOCIO,ID_MEMBRESIA) VALUES (60,60);
INSERT INTO TENER (ID_SOCIO,ID_MEMBRESIA) VALUES (61,61);
INSERT INTO TENER (ID_SOCIO,ID_MEMBRESIA) VALUES (62,62);
INSERT INTO TENER (ID_SOCIO,ID_MEMBRESIA) VALUES (63,63);
INSERT INTO TENER (ID_SOCIO,ID_MEMBRESIA) VALUES (64,64);
INSERT INTO TENER (ID_SOCIO,ID_MEMBRESIA) VALUES (65,65);
INSERT INTO TENER (ID_SOCIO,ID_MEMBRESIA) VALUES (66,66);
INSERT INTO TENER (ID_SOCIO,ID_MEMBRESIA) VALUES (67,67);
INSERT INTO TENER (ID_SOCIO,ID_MEMBRESIA) VALUES (68,68);
INSERT INTO TENER (ID_SOCIO,ID_MEMBRESIA) VALUES (69,69);
INSERT INTO TENER (ID_SOCIO,ID_MEMBRESIA) VALUES (70,70);
INSERT INTO TENER (ID_SOCIO,ID_MEMBRESIA) VALUES (71,71);
INSERT INTO TENER (ID_SOCIO,ID_MEMBRESIA) VALUES (72,72);
INSERT INTO TENER (ID_SOCIO,ID_MEMBRESIA) VALUES (73,73);
INSERT INTO TENER (ID_SOCIO,ID_MEMBRESIA) VALUES (74,74);
INSERT INTO TENER (ID_SOCIO,ID_MEMBRESIA) VALUES (75,75);
INSERT INTO TENER (ID_SOCIO,ID_MEMBRESIA) VALUES (76,76);
INSERT INTO TENER (ID_SOCIO,ID_MEMBRESIA) VALUES (77,77);
INSERT INTO TENER (ID_SOCIO,ID_MEMBRESIA) VALUES (78,78);
INSERT INTO TENER (ID_SOCIO,ID_MEMBRESIA) VALUES (79,79);
INSERT INTO TENER (ID_SOCIO,ID_MEMBRESIA) VALUES (80,80);
INSERT INTO TENER (ID_SOCIO,ID_MEMBRESIA) VALUES (81,81);
INSERT INTO TENER (ID_SOCIO,ID_MEMBRESIA) VALUES (82,82);
INSERT INTO TENER (ID_SOCIO,ID_MEMBRESIA) VALUES (83,83);
INSERT INTO TENER (ID_SOCIO,ID_MEMBRESIA) VALUES (84,84);
INSERT INTO TENER (ID_SOCIO,ID_MEMBRESIA) VALUES (85,85);
INSERT INTO TENER (ID_SOCIO,ID_MEMBRESIA) VALUES (86,86);
INSERT INTO TENER (ID_SOCIO,ID_MEMBRESIA) VALUES (87,87);
INSERT INTO TENER (ID_SOCIO,ID_MEMBRESIA) VALUES (88,88);
INSERT INTO TENER (ID_SOCIO,ID_MEMBRESIA) VALUES (89,89);
INSERT INTO TENER (ID_SOCIO,ID_MEMBRESIA) VALUES (90,90);
INSERT INTO TENER (ID_SOCIO,ID_MEMBRESIA) VALUES (91,91);
INSERT INTO TENER (ID_SOCIO,ID_MEMBRESIA) VALUES (92,92);
INSERT INTO TENER (ID_SOCIO,ID_MEMBRESIA) VALUES (93,93);
INSERT INTO TENER (ID_SOCIO,ID_MEMBRESIA) VALUES (94,94);
INSERT INTO TENER (ID_SOCIO,ID_MEMBRESIA) VALUES (95,95);
INSERT INTO TENER (ID_SOCIO,ID_MEMBRESIA) VALUES (96,96);
INSERT INTO TENER (ID_SOCIO,ID_MEMBRESIA) VALUES (97,97);
INSERT INTO TENER (ID_SOCIO,ID_MEMBRESIA) VALUES (98,98);
INSERT INTO TENER (ID_SOCIO,ID_MEMBRESIA) VALUES (99,99);
INSERT INTO TENER (ID_SOCIO,ID_MEMBRESIA) VALUES (100,100);

-- TOMAR_CLASE_SOCIO
INSERT INTO TOMAR_CLASE_CLIENTE (ID_CLASE,ID_CLIENTE) VALUES (48,82);
INSERT INTO TOMAR_CLASE_CLIENTE (ID_CLASE,ID_CLIENTE) VALUES (47,48);
INSERT INTO TOMAR_CLASE_CLIENTE (ID_CLASE,ID_CLIENTE) VALUES (89,39);
INSERT INTO TOMAR_CLASE_CLIENTE (ID_CLASE,ID_CLIENTE) VALUES (43,12);
INSERT INTO TOMAR_CLASE_CLIENTE (ID_CLASE,ID_CLIENTE) VALUES (90,12);
INSERT INTO TOMAR_CLASE_CLIENTE (ID_CLASE,ID_CLIENTE) VALUES (33,18);
INSERT INTO TOMAR_CLASE_CLIENTE (ID_CLASE,ID_CLIENTE) VALUES (91,72);
INSERT INTO TOMAR_CLASE_CLIENTE (ID_CLASE,ID_CLIENTE) VALUES (61,88);
INSERT INTO TOMAR_CLASE_CLIENTE (ID_CLASE,ID_CLIENTE) VALUES (65,75);
INSERT INTO TOMAR_CLASE_CLIENTE (ID_CLASE,ID_CLIENTE) VALUES (5,83);
INSERT INTO TOMAR_CLASE_CLIENTE (ID_CLASE,ID_CLIENTE) VALUES (79,25);
INSERT INTO TOMAR_CLASE_CLIENTE (ID_CLASE,ID_CLIENTE) VALUES (55,39);
INSERT INTO TOMAR_CLASE_CLIENTE (ID_CLASE,ID_CLIENTE) VALUES (27,64);
INSERT INTO TOMAR_CLASE_CLIENTE (ID_CLASE,ID_CLIENTE) VALUES (9,89);
INSERT INTO TOMAR_CLASE_CLIENTE (ID_CLASE,ID_CLIENTE) VALUES (96,40);
INSERT INTO TOMAR_CLASE_CLIENTE (ID_CLASE,ID_CLIENTE) VALUES (56,98);
INSERT INTO TOMAR_CLASE_CLIENTE (ID_CLASE,ID_CLIENTE) VALUES (46,90);
INSERT INTO TOMAR_CLASE_CLIENTE (ID_CLASE,ID_CLIENTE) VALUES (64,45);
INSERT INTO TOMAR_CLASE_CLIENTE (ID_CLASE,ID_CLIENTE) VALUES (70,93);
INSERT INTO TOMAR_CLASE_CLIENTE (ID_CLASE,ID_CLIENTE) VALUES (34,85);
INSERT INTO TOMAR_CLASE_CLIENTE (ID_CLASE,ID_CLIENTE) VALUES (33,51);
INSERT INTO TOMAR_CLASE_CLIENTE (ID_CLASE,ID_CLIENTE) VALUES (89,53);
INSERT INTO TOMAR_CLASE_CLIENTE (ID_CLASE,ID_CLIENTE) VALUES (95,35);
INSERT INTO TOMAR_CLASE_CLIENTE (ID_CLASE,ID_CLIENTE) VALUES (72,67);
INSERT INTO TOMAR_CLASE_CLIENTE (ID_CLASE,ID_CLIENTE) VALUES (89,78);
INSERT INTO TOMAR_CLASE_CLIENTE (ID_CLASE,ID_CLIENTE) VALUES (77,47);
INSERT INTO TOMAR_CLASE_CLIENTE (ID_CLASE,ID_CLIENTE) VALUES (33,11);
INSERT INTO TOMAR_CLASE_CLIENTE (ID_CLASE,ID_CLIENTE) VALUES (7,79);
INSERT INTO TOMAR_CLASE_CLIENTE (ID_CLASE,ID_CLIENTE) VALUES (61,60);
INSERT INTO TOMAR_CLASE_CLIENTE (ID_CLASE,ID_CLIENTE) VALUES (87,4);
INSERT INTO TOMAR_CLASE_CLIENTE (ID_CLASE,ID_CLIENTE) VALUES (17,2);
INSERT INTO TOMAR_CLASE_CLIENTE (ID_CLASE,ID_CLIENTE) VALUES (97,69);
INSERT INTO TOMAR_CLASE_CLIENTE (ID_CLASE,ID_CLIENTE) VALUES (52,94);
INSERT INTO TOMAR_CLASE_CLIENTE (ID_CLASE,ID_CLIENTE) VALUES (88,61);
INSERT INTO TOMAR_CLASE_CLIENTE (ID_CLASE,ID_CLIENTE) VALUES (46,23);
INSERT INTO TOMAR_CLASE_CLIENTE (ID_CLASE,ID_CLIENTE) VALUES (26,50);
INSERT INTO TOMAR_CLASE_CLIENTE (ID_CLASE,ID_CLIENTE) VALUES (17,89);
INSERT INTO TOMAR_CLASE_CLIENTE (ID_CLASE,ID_CLIENTE) VALUES (79,5);
INSERT INTO TOMAR_CLASE_CLIENTE (ID_CLASE,ID_CLIENTE) VALUES (10,82);
INSERT INTO TOMAR_CLASE_CLIENTE (ID_CLASE,ID_CLIENTE) VALUES (68,2);
INSERT INTO TOMAR_CLASE_CLIENTE (ID_CLASE,ID_CLIENTE) VALUES (18,57);
INSERT INTO TOMAR_CLASE_CLIENTE (ID_CLASE,ID_CLIENTE) VALUES (10,86);
INSERT INTO TOMAR_CLASE_CLIENTE (ID_CLASE,ID_CLIENTE) VALUES (69,60);
INSERT INTO TOMAR_CLASE_CLIENTE (ID_CLASE,ID_CLIENTE) VALUES (83,92);
INSERT INTO TOMAR_CLASE_CLIENTE (ID_CLASE,ID_CLIENTE) VALUES (2,25);
INSERT INTO TOMAR_CLASE_CLIENTE (ID_CLASE,ID_CLIENTE) VALUES (3,39);
INSERT INTO TOMAR_CLASE_CLIENTE (ID_CLASE,ID_CLIENTE) VALUES (50,6);
INSERT INTO TOMAR_CLASE_CLIENTE (ID_CLASE,ID_CLIENTE) VALUES (97,35);
INSERT INTO TOMAR_CLASE_CLIENTE (ID_CLASE,ID_CLIENTE) VALUES (4,39);
INSERT INTO TOMAR_CLASE_CLIENTE (ID_CLASE,ID_CLIENTE) VALUES (83,54);
INSERT INTO TOMAR_CLASE_CLIENTE (ID_CLASE,ID_CLIENTE) VALUES (59,87);
INSERT INTO TOMAR_CLASE_CLIENTE (ID_CLASE,ID_CLIENTE) VALUES (89,35);
INSERT INTO TOMAR_CLASE_CLIENTE (ID_CLASE,ID_CLIENTE) VALUES (65,94);
INSERT INTO TOMAR_CLASE_CLIENTE (ID_CLASE,ID_CLIENTE) VALUES (7,79);
INSERT INTO TOMAR_CLASE_CLIENTE (ID_CLASE,ID_CLIENTE) VALUES (92,62);
INSERT INTO TOMAR_CLASE_CLIENTE (ID_CLASE,ID_CLIENTE) VALUES (58,69);
INSERT INTO TOMAR_CLASE_CLIENTE (ID_CLASE,ID_CLIENTE) VALUES (31,10);
INSERT INTO TOMAR_CLASE_CLIENTE (ID_CLASE,ID_CLIENTE) VALUES (46,76);
INSERT INTO TOMAR_CLASE_CLIENTE (ID_CLASE,ID_CLIENTE) VALUES (63,3);
INSERT INTO TOMAR_CLASE_CLIENTE (ID_CLASE,ID_CLIENTE) VALUES (65,45);
INSERT INTO TOMAR_CLASE_CLIENTE (ID_CLASE,ID_CLIENTE) VALUES (14,92);
INSERT INTO TOMAR_CLASE_CLIENTE (ID_CLASE,ID_CLIENTE) VALUES (82,59);
INSERT INTO TOMAR_CLASE_CLIENTE (ID_CLASE,ID_CLIENTE) VALUES (79,50);
INSERT INTO TOMAR_CLASE_CLIENTE (ID_CLASE,ID_CLIENTE) VALUES (80,98);
INSERT INTO TOMAR_CLASE_CLIENTE (ID_CLASE,ID_CLIENTE) VALUES (72,99);
INSERT INTO TOMAR_CLASE_CLIENTE (ID_CLASE,ID_CLIENTE) VALUES (29,46);
INSERT INTO TOMAR_CLASE_CLIENTE (ID_CLASE,ID_CLIENTE) VALUES (57,28);
INSERT INTO TOMAR_CLASE_CLIENTE (ID_CLASE,ID_CLIENTE) VALUES (38,68);
INSERT INTO TOMAR_CLASE_CLIENTE (ID_CLASE,ID_CLIENTE) VALUES (83,34);
INSERT INTO TOMAR_CLASE_CLIENTE (ID_CLASE,ID_CLIENTE) VALUES (2,84);
INSERT INTO TOMAR_CLASE_CLIENTE (ID_CLASE,ID_CLIENTE) VALUES (43,69);
INSERT INTO TOMAR_CLASE_CLIENTE (ID_CLASE,ID_CLIENTE) VALUES (42,62);
INSERT INTO TOMAR_CLASE_CLIENTE (ID_CLASE,ID_CLIENTE) VALUES (38,49);
INSERT INTO TOMAR_CLASE_CLIENTE (ID_CLASE,ID_CLIENTE) VALUES (54,58);
INSERT INTO TOMAR_CLASE_CLIENTE (ID_CLASE,ID_CLIENTE) VALUES (51,36);
INSERT INTO TOMAR_CLASE_CLIENTE (ID_CLASE,ID_CLIENTE) VALUES (97,61);
INSERT INTO TOMAR_CLASE_CLIENTE (ID_CLASE,ID_CLIENTE) VALUES (50,28);
INSERT INTO TOMAR_CLASE_CLIENTE (ID_CLASE,ID_CLIENTE) VALUES (82,82);
INSERT INTO TOMAR_CLASE_CLIENTE (ID_CLASE,ID_CLIENTE) VALUES (99,59);
INSERT INTO TOMAR_CLASE_CLIENTE (ID_CLASE,ID_CLIENTE) VALUES (70,31);
INSERT INTO TOMAR_CLASE_CLIENTE (ID_CLASE,ID_CLIENTE) VALUES (99,1);
INSERT INTO TOMAR_CLASE_CLIENTE (ID_CLASE,ID_CLIENTE) VALUES (31,93);
INSERT INTO TOMAR_CLASE_CLIENTE (ID_CLASE,ID_CLIENTE) VALUES (93,16);
INSERT INTO TOMAR_CLASE_CLIENTE (ID_CLASE,ID_CLIENTE) VALUES (69,33);
INSERT INTO TOMAR_CLASE_CLIENTE (ID_CLASE,ID_CLIENTE) VALUES (57,100);
INSERT INTO TOMAR_CLASE_CLIENTE (ID_CLASE,ID_CLIENTE) VALUES (46,93);
INSERT INTO TOMAR_CLASE_CLIENTE (ID_CLASE,ID_CLIENTE) VALUES (46,73);
INSERT INTO TOMAR_CLASE_CLIENTE (ID_CLASE,ID_CLIENTE) VALUES (77,69);
INSERT INTO TOMAR_CLASE_CLIENTE (ID_CLASE,ID_CLIENTE) VALUES (3,93);
INSERT INTO TOMAR_CLASE_CLIENTE (ID_CLASE,ID_CLIENTE) VALUES (77,61);
INSERT INTO TOMAR_CLASE_CLIENTE (ID_CLASE,ID_CLIENTE) VALUES (94,87);
INSERT INTO TOMAR_CLASE_CLIENTE (ID_CLASE,ID_CLIENTE) VALUES (75,97);
INSERT INTO TOMAR_CLASE_CLIENTE (ID_CLASE,ID_CLIENTE) VALUES (31,87);
INSERT INTO TOMAR_CLASE_CLIENTE (ID_CLASE,ID_CLIENTE) VALUES (87,63);
INSERT INTO TOMAR_CLASE_CLIENTE (ID_CLASE,ID_CLIENTE) VALUES (8,36);
INSERT INTO TOMAR_CLASE_CLIENTE (ID_CLASE,ID_CLIENTE) VALUES (71,54);
INSERT INTO TOMAR_CLASE_CLIENTE (ID_CLASE,ID_CLIENTE) VALUES (66,47);
INSERT INTO TOMAR_CLASE_CLIENTE (ID_CLASE,ID_CLIENTE) VALUES (36,72);
INSERT INTO TOMAR_CLASE_CLIENTE (ID_CLASE,ID_CLIENTE) VALUES (13,40);
INSERT INTO TOMAR_CLASE_CLIENTE (ID_CLASE,ID_CLIENTE) VALUES (78,91);

-- TOMAR_CLASE_CLIENTE
INSERT INTO TOMAR_CLASE_SOCIO (ID_CLASE,ID_SOCIO) VALUES (78,52);
INSERT INTO TOMAR_CLASE_SOCIO (ID_CLASE,ID_SOCIO) VALUES (48,29);
INSERT INTO TOMAR_CLASE_SOCIO (ID_CLASE,ID_SOCIO) VALUES (74,60);
INSERT INTO TOMAR_CLASE_SOCIO (ID_CLASE,ID_SOCIO) VALUES (48,4);
INSERT INTO TOMAR_CLASE_SOCIO (ID_CLASE,ID_SOCIO) VALUES (83,82);
INSERT INTO TOMAR_CLASE_SOCIO (ID_CLASE,ID_SOCIO) VALUES (50,47);
INSERT INTO TOMAR_CLASE_SOCIO (ID_CLASE,ID_SOCIO) VALUES (66,81);
INSERT INTO TOMAR_CLASE_SOCIO (ID_CLASE,ID_SOCIO) VALUES (23,91);
INSERT INTO TOMAR_CLASE_SOCIO (ID_CLASE,ID_SOCIO) VALUES (25,35);
INSERT INTO TOMAR_CLASE_SOCIO (ID_CLASE,ID_SOCIO) VALUES (25,15);
INSERT INTO TOMAR_CLASE_SOCIO (ID_CLASE,ID_SOCIO) VALUES (70,12);
INSERT INTO TOMAR_CLASE_SOCIO (ID_CLASE,ID_SOCIO) VALUES (35,88);
INSERT INTO TOMAR_CLASE_SOCIO (ID_CLASE,ID_SOCIO) VALUES (41,74);
INSERT INTO TOMAR_CLASE_SOCIO (ID_CLASE,ID_SOCIO) VALUES (47,98);
INSERT INTO TOMAR_CLASE_SOCIO (ID_CLASE,ID_SOCIO) VALUES (27,17);
INSERT INTO TOMAR_CLASE_SOCIO (ID_CLASE,ID_SOCIO) VALUES (29,60);
INSERT INTO TOMAR_CLASE_SOCIO (ID_CLASE,ID_SOCIO) VALUES (76,39);
INSERT INTO TOMAR_CLASE_SOCIO (ID_CLASE,ID_SOCIO) VALUES (12,29);
INSERT INTO TOMAR_CLASE_SOCIO (ID_CLASE,ID_SOCIO) VALUES (65,6);
INSERT INTO TOMAR_CLASE_SOCIO (ID_CLASE,ID_SOCIO) VALUES (31,56);
INSERT INTO TOMAR_CLASE_SOCIO (ID_CLASE,ID_SOCIO) VALUES (69,93);
INSERT INTO TOMAR_CLASE_SOCIO (ID_CLASE,ID_SOCIO) VALUES (6,21);
INSERT INTO TOMAR_CLASE_SOCIO (ID_CLASE,ID_SOCIO) VALUES (96,35);
INSERT INTO TOMAR_CLASE_SOCIO (ID_CLASE,ID_SOCIO) VALUES (91,42);
INSERT INTO TOMAR_CLASE_SOCIO (ID_CLASE,ID_SOCIO) VALUES (2,34);
INSERT INTO TOMAR_CLASE_SOCIO (ID_CLASE,ID_SOCIO) VALUES (58,22);
INSERT INTO TOMAR_CLASE_SOCIO (ID_CLASE,ID_SOCIO) VALUES (54,46);
INSERT INTO TOMAR_CLASE_SOCIO (ID_CLASE,ID_SOCIO) VALUES (23,83);
INSERT INTO TOMAR_CLASE_SOCIO (ID_CLASE,ID_SOCIO) VALUES (18,31);
INSERT INTO TOMAR_CLASE_SOCIO (ID_CLASE,ID_SOCIO) VALUES (9,25);
INSERT INTO TOMAR_CLASE_SOCIO (ID_CLASE,ID_SOCIO) VALUES (53,85);
INSERT INTO TOMAR_CLASE_SOCIO (ID_CLASE,ID_SOCIO) VALUES (58,59);
INSERT INTO TOMAR_CLASE_SOCIO (ID_CLASE,ID_SOCIO) VALUES (56,64);
INSERT INTO TOMAR_CLASE_SOCIO (ID_CLASE,ID_SOCIO) VALUES (66,42);
INSERT INTO TOMAR_CLASE_SOCIO (ID_CLASE,ID_SOCIO) VALUES (52,95);
INSERT INTO TOMAR_CLASE_SOCIO (ID_CLASE,ID_SOCIO) VALUES (64,21);
INSERT INTO TOMAR_CLASE_SOCIO (ID_CLASE,ID_SOCIO) VALUES (74,10);
INSERT INTO TOMAR_CLASE_SOCIO (ID_CLASE,ID_SOCIO) VALUES (85,68);
INSERT INTO TOMAR_CLASE_SOCIO (ID_CLASE,ID_SOCIO) VALUES (89,4);
INSERT INTO TOMAR_CLASE_SOCIO (ID_CLASE,ID_SOCIO) VALUES (68,6);
INSERT INTO TOMAR_CLASE_SOCIO (ID_CLASE,ID_SOCIO) VALUES (29,97);
INSERT INTO TOMAR_CLASE_SOCIO (ID_CLASE,ID_SOCIO) VALUES (43,86);
INSERT INTO TOMAR_CLASE_SOCIO (ID_CLASE,ID_SOCIO) VALUES (90,57);
INSERT INTO TOMAR_CLASE_SOCIO (ID_CLASE,ID_SOCIO) VALUES (1,22);
INSERT INTO TOMAR_CLASE_SOCIO (ID_CLASE,ID_SOCIO) VALUES (19,80);
INSERT INTO TOMAR_CLASE_SOCIO (ID_CLASE,ID_SOCIO) VALUES (46,3);
INSERT INTO TOMAR_CLASE_SOCIO (ID_CLASE,ID_SOCIO) VALUES (72,100);
INSERT INTO TOMAR_CLASE_SOCIO (ID_CLASE,ID_SOCIO) VALUES (19,13);
INSERT INTO TOMAR_CLASE_SOCIO (ID_CLASE,ID_SOCIO) VALUES (84,56);
INSERT INTO TOMAR_CLASE_SOCIO (ID_CLASE,ID_SOCIO) VALUES (33,91);
INSERT INTO TOMAR_CLASE_SOCIO (ID_CLASE,ID_SOCIO) VALUES (43,100);
INSERT INTO TOMAR_CLASE_SOCIO (ID_CLASE,ID_SOCIO) VALUES (27,75);
INSERT INTO TOMAR_CLASE_SOCIO (ID_CLASE,ID_SOCIO) VALUES (12,25);
INSERT INTO TOMAR_CLASE_SOCIO (ID_CLASE,ID_SOCIO) VALUES (87,71);
INSERT INTO TOMAR_CLASE_SOCIO (ID_CLASE,ID_SOCIO) VALUES (51,27);
INSERT INTO TOMAR_CLASE_SOCIO (ID_CLASE,ID_SOCIO) VALUES (11,55);
INSERT INTO TOMAR_CLASE_SOCIO (ID_CLASE,ID_SOCIO) VALUES (99,38);
INSERT INTO TOMAR_CLASE_SOCIO (ID_CLASE,ID_SOCIO) VALUES (100,44);
INSERT INTO TOMAR_CLASE_SOCIO (ID_CLASE,ID_SOCIO) VALUES (8,34);
INSERT INTO TOMAR_CLASE_SOCIO (ID_CLASE,ID_SOCIO) VALUES (59,3);
INSERT INTO TOMAR_CLASE_SOCIO (ID_CLASE,ID_SOCIO) VALUES (61,44);
INSERT INTO TOMAR_CLASE_SOCIO (ID_CLASE,ID_SOCIO) VALUES (64,80);
INSERT INTO TOMAR_CLASE_SOCIO (ID_CLASE,ID_SOCIO) VALUES (79,68);
INSERT INTO TOMAR_CLASE_SOCIO (ID_CLASE,ID_SOCIO) VALUES (65,3);
INSERT INTO TOMAR_CLASE_SOCIO (ID_CLASE,ID_SOCIO) VALUES (57,15);
INSERT INTO TOMAR_CLASE_SOCIO (ID_CLASE,ID_SOCIO) VALUES (30,59);
INSERT INTO TOMAR_CLASE_SOCIO (ID_CLASE,ID_SOCIO) VALUES (56,33);
INSERT INTO TOMAR_CLASE_SOCIO (ID_CLASE,ID_SOCIO) VALUES (36,85);
INSERT INTO TOMAR_CLASE_SOCIO (ID_CLASE,ID_SOCIO) VALUES (27,32);
INSERT INTO TOMAR_CLASE_SOCIO (ID_CLASE,ID_SOCIO) VALUES (5,99);
INSERT INTO TOMAR_CLASE_SOCIO (ID_CLASE,ID_SOCIO) VALUES (23,23);
INSERT INTO TOMAR_CLASE_SOCIO (ID_CLASE,ID_SOCIO) VALUES (30,81);
INSERT INTO TOMAR_CLASE_SOCIO (ID_CLASE,ID_SOCIO) VALUES (48,37);
INSERT INTO TOMAR_CLASE_SOCIO (ID_CLASE,ID_SOCIO) VALUES (47,17);
INSERT INTO TOMAR_CLASE_SOCIO (ID_CLASE,ID_SOCIO) VALUES (2,4);
INSERT INTO TOMAR_CLASE_SOCIO (ID_CLASE,ID_SOCIO) VALUES (93,52);
INSERT INTO TOMAR_CLASE_SOCIO (ID_CLASE,ID_SOCIO) VALUES (89,16);
INSERT INTO TOMAR_CLASE_SOCIO (ID_CLASE,ID_SOCIO) VALUES (34,87);
INSERT INTO TOMAR_CLASE_SOCIO (ID_CLASE,ID_SOCIO) VALUES (50,91);
INSERT INTO TOMAR_CLASE_SOCIO (ID_CLASE,ID_SOCIO) VALUES (43,23);
INSERT INTO TOMAR_CLASE_SOCIO (ID_CLASE,ID_SOCIO) VALUES (38,86);
INSERT INTO TOMAR_CLASE_SOCIO (ID_CLASE,ID_SOCIO) VALUES (11,65);
INSERT INTO TOMAR_CLASE_SOCIO (ID_CLASE,ID_SOCIO) VALUES (72,95);
INSERT INTO TOMAR_CLASE_SOCIO (ID_CLASE,ID_SOCIO) VALUES (14,43);
INSERT INTO TOMAR_CLASE_SOCIO (ID_CLASE,ID_SOCIO) VALUES (59,86);
INSERT INTO TOMAR_CLASE_SOCIO (ID_CLASE,ID_SOCIO) VALUES (34,74);
INSERT INTO TOMAR_CLASE_SOCIO (ID_CLASE,ID_SOCIO) VALUES (43,70);
INSERT INTO TOMAR_CLASE_SOCIO (ID_CLASE,ID_SOCIO) VALUES (60,32);
INSERT INTO TOMAR_CLASE_SOCIO (ID_CLASE,ID_SOCIO) VALUES (32,22);
INSERT INTO TOMAR_CLASE_SOCIO (ID_CLASE,ID_SOCIO) VALUES (61,92);
INSERT INTO TOMAR_CLASE_SOCIO (ID_CLASE,ID_SOCIO) VALUES (4,67);
INSERT INTO TOMAR_CLASE_SOCIO (ID_CLASE,ID_SOCIO) VALUES (1,90);
INSERT INTO TOMAR_CLASE_SOCIO (ID_CLASE,ID_SOCIO) VALUES (81,43);
INSERT INTO TOMAR_CLASE_SOCIO (ID_CLASE,ID_SOCIO) VALUES (14,66);
INSERT INTO TOMAR_CLASE_SOCIO (ID_CLASE,ID_SOCIO) VALUES (82,64);
INSERT INTO TOMAR_CLASE_SOCIO (ID_CLASE,ID_SOCIO) VALUES (64,70);
INSERT INTO TOMAR_CLASE_SOCIO (ID_CLASE,ID_SOCIO) VALUES (47,10);
INSERT INTO TOMAR_CLASE_SOCIO (ID_CLASE,ID_SOCIO) VALUES (98,10);
INSERT INTO TOMAR_CLASE_SOCIO (ID_CLASE,ID_SOCIO) VALUES (26,46);
INSERT INTO TOMAR_CLASE_SOCIO (ID_CLASE,ID_SOCIO) VALUES (68,70);

--COMPRAR_SOCIO
INSERT INTO COMPRAR_SOCIO (ID_PRODUCTO,ID_SOCIO) VALUES (78,52);
INSERT INTO COMPRAR_SOCIO (ID_PRODUCTO,ID_SOCIO) VALUES (48,29);
INSERT INTO COMPRAR_SOCIO (ID_PRODUCTO,ID_SOCIO) VALUES (74,60);
INSERT INTO COMPRAR_SOCIO (ID_PRODUCTO,ID_SOCIO) VALUES (48,4);
INSERT INTO COMPRAR_SOCIO (ID_PRODUCTO,ID_SOCIO) VALUES (83,82);
INSERT INTO COMPRAR_SOCIO (ID_PRODUCTO,ID_SOCIO) VALUES (50,47);
INSERT INTO COMPRAR_SOCIO (ID_PRODUCTO,ID_SOCIO) VALUES (66,81);
INSERT INTO COMPRAR_SOCIO (ID_PRODUCTO,ID_SOCIO) VALUES (23,91);
INSERT INTO COMPRAR_SOCIO (ID_PRODUCTO,ID_SOCIO) VALUES (25,35);
INSERT INTO COMPRAR_SOCIO (ID_PRODUCTO,ID_SOCIO) VALUES (25,15);
INSERT INTO COMPRAR_SOCIO (ID_PRODUCTO,ID_SOCIO) VALUES (70,12);
INSERT INTO COMPRAR_SOCIO (ID_PRODUCTO,ID_SOCIO) VALUES (35,88);
INSERT INTO COMPRAR_SOCIO (ID_PRODUCTO,ID_SOCIO) VALUES (41,74);
INSERT INTO COMPRAR_SOCIO (ID_PRODUCTO,ID_SOCIO) VALUES (47,98);
INSERT INTO COMPRAR_SOCIO (ID_PRODUCTO,ID_SOCIO) VALUES (27,17);
INSERT INTO COMPRAR_SOCIO (ID_PRODUCTO,ID_SOCIO) VALUES (29,60);
INSERT INTO COMPRAR_SOCIO (ID_PRODUCTO,ID_SOCIO) VALUES (76,39);
INSERT INTO COMPRAR_SOCIO (ID_PRODUCTO,ID_SOCIO) VALUES (12,29);
INSERT INTO COMPRAR_SOCIO (ID_PRODUCTO,ID_SOCIO) VALUES (65,6);
INSERT INTO COMPRAR_SOCIO (ID_PRODUCTO,ID_SOCIO) VALUES (31,56);
INSERT INTO COMPRAR_SOCIO (ID_PRODUCTO,ID_SOCIO) VALUES (69,93);
INSERT INTO COMPRAR_SOCIO (ID_PRODUCTO,ID_SOCIO) VALUES (6,21);
INSERT INTO COMPRAR_SOCIO (ID_PRODUCTO,ID_SOCIO) VALUES (96,35);
INSERT INTO COMPRAR_SOCIO (ID_PRODUCTO,ID_SOCIO) VALUES (91,42);
INSERT INTO COMPRAR_SOCIO (ID_PRODUCTO,ID_SOCIO) VALUES (2,34);
INSERT INTO COMPRAR_SOCIO (ID_PRODUCTO,ID_SOCIO) VALUES (58,22);
INSERT INTO COMPRAR_SOCIO (ID_PRODUCTO,ID_SOCIO) VALUES (54,46);
INSERT INTO COMPRAR_SOCIO (ID_PRODUCTO,ID_SOCIO) VALUES (23,83);
INSERT INTO COMPRAR_SOCIO (ID_PRODUCTO,ID_SOCIO) VALUES (18,31);
INSERT INTO COMPRAR_SOCIO (ID_PRODUCTO,ID_SOCIO) VALUES (9,25);
INSERT INTO COMPRAR_SOCIO (ID_PRODUCTO,ID_SOCIO) VALUES (53,85);
INSERT INTO COMPRAR_SOCIO (ID_PRODUCTO,ID_SOCIO) VALUES (58,59);
INSERT INTO COMPRAR_SOCIO (ID_PRODUCTO,ID_SOCIO) VALUES (56,64);
INSERT INTO COMPRAR_SOCIO (ID_PRODUCTO,ID_SOCIO) VALUES (66,42);
INSERT INTO COMPRAR_SOCIO (ID_PRODUCTO,ID_SOCIO) VALUES (52,95);
INSERT INTO COMPRAR_SOCIO (ID_PRODUCTO,ID_SOCIO) VALUES (64,21);
INSERT INTO COMPRAR_SOCIO (ID_PRODUCTO,ID_SOCIO) VALUES (74,10);
INSERT INTO COMPRAR_SOCIO (ID_PRODUCTO,ID_SOCIO) VALUES (85,68);
INSERT INTO COMPRAR_SOCIO (ID_PRODUCTO,ID_SOCIO) VALUES (89,4);
INSERT INTO COMPRAR_SOCIO (ID_PRODUCTO,ID_SOCIO) VALUES (68,6);
INSERT INTO COMPRAR_SOCIO (ID_PRODUCTO,ID_SOCIO) VALUES (29,97);
INSERT INTO COMPRAR_SOCIO (ID_PRODUCTO,ID_SOCIO) VALUES (43,86);
INSERT INTO COMPRAR_SOCIO (ID_PRODUCTO,ID_SOCIO) VALUES (90,57);
INSERT INTO COMPRAR_SOCIO (ID_PRODUCTO,ID_SOCIO) VALUES (1,22);
INSERT INTO COMPRAR_SOCIO (ID_PRODUCTO,ID_SOCIO) VALUES (19,80);
INSERT INTO COMPRAR_SOCIO (ID_PRODUCTO,ID_SOCIO) VALUES (46,3);
INSERT INTO COMPRAR_SOCIO (ID_PRODUCTO,ID_SOCIO) VALUES (72,100);
INSERT INTO COMPRAR_SOCIO (ID_PRODUCTO,ID_SOCIO) VALUES (19,13);
INSERT INTO COMPRAR_SOCIO (ID_PRODUCTO,ID_SOCIO) VALUES (84,56);
INSERT INTO COMPRAR_SOCIO (ID_PRODUCTO,ID_SOCIO) VALUES (33,91);
INSERT INTO COMPRAR_SOCIO (ID_PRODUCTO,ID_SOCIO) VALUES (43,100);
INSERT INTO COMPRAR_SOCIO (ID_PRODUCTO,ID_SOCIO) VALUES (27,75);
INSERT INTO COMPRAR_SOCIO (ID_PRODUCTO,ID_SOCIO) VALUES (12,25);
INSERT INTO COMPRAR_SOCIO (ID_PRODUCTO,ID_SOCIO) VALUES (87,71);
INSERT INTO COMPRAR_SOCIO (ID_PRODUCTO,ID_SOCIO) VALUES (51,27);
INSERT INTO COMPRAR_SOCIO (ID_PRODUCTO,ID_SOCIO) VALUES (11,55);
INSERT INTO COMPRAR_SOCIO (ID_PRODUCTO,ID_SOCIO) VALUES (99,38);
INSERT INTO COMPRAR_SOCIO (ID_PRODUCTO,ID_SOCIO) VALUES (100,44);
INSERT INTO COMPRAR_SOCIO (ID_PRODUCTO,ID_SOCIO) VALUES (8,34);
INSERT INTO COMPRAR_SOCIO (ID_PRODUCTO,ID_SOCIO) VALUES (59,3);
INSERT INTO COMPRAR_SOCIO (ID_PRODUCTO,ID_SOCIO) VALUES (61,44);
INSERT INTO COMPRAR_SOCIO (ID_PRODUCTO,ID_SOCIO) VALUES (64,80);
INSERT INTO COMPRAR_SOCIO (ID_PRODUCTO,ID_SOCIO) VALUES (79,68);
INSERT INTO COMPRAR_SOCIO (ID_PRODUCTO,ID_SOCIO) VALUES (65,3);
INSERT INTO COMPRAR_SOCIO (ID_PRODUCTO,ID_SOCIO) VALUES (57,15);
INSERT INTO COMPRAR_SOCIO (ID_PRODUCTO,ID_SOCIO) VALUES (30,59);
INSERT INTO COMPRAR_SOCIO (ID_PRODUCTO,ID_SOCIO) VALUES (56,33);
INSERT INTO COMPRAR_SOCIO (ID_PRODUCTO,ID_SOCIO) VALUES (36,85);
INSERT INTO COMPRAR_SOCIO (ID_PRODUCTO,ID_SOCIO) VALUES (27,32);
INSERT INTO COMPRAR_SOCIO (ID_PRODUCTO,ID_SOCIO) VALUES (5,99);
INSERT INTO COMPRAR_SOCIO (ID_PRODUCTO,ID_SOCIO) VALUES (23,23);
INSERT INTO COMPRAR_SOCIO (ID_PRODUCTO,ID_SOCIO) VALUES (30,81);
INSERT INTO COMPRAR_SOCIO (ID_PRODUCTO,ID_SOCIO) VALUES (48,37);
INSERT INTO COMPRAR_SOCIO (ID_PRODUCTO,ID_SOCIO) VALUES (47,17);
INSERT INTO COMPRAR_SOCIO (ID_PRODUCTO,ID_SOCIO) VALUES (2,4);
INSERT INTO COMPRAR_SOCIO (ID_PRODUCTO,ID_SOCIO) VALUES (93,52);
INSERT INTO COMPRAR_SOCIO (ID_PRODUCTO,ID_SOCIO) VALUES (89,16);
INSERT INTO COMPRAR_SOCIO (ID_PRODUCTO,ID_SOCIO) VALUES (34,87);
INSERT INTO COMPRAR_SOCIO (ID_PRODUCTO,ID_SOCIO) VALUES (50,91);
INSERT INTO COMPRAR_SOCIO (ID_PRODUCTO,ID_SOCIO) VALUES (43,23);
INSERT INTO COMPRAR_SOCIO (ID_PRODUCTO,ID_SOCIO) VALUES (38,86);
INSERT INTO COMPRAR_SOCIO (ID_PRODUCTO,ID_SOCIO) VALUES (11,65);
INSERT INTO COMPRAR_SOCIO (ID_PRODUCTO,ID_SOCIO) VALUES (72,95);
INSERT INTO COMPRAR_SOCIO (ID_PRODUCTO,ID_SOCIO) VALUES (14,43);
INSERT INTO COMPRAR_SOCIO (ID_PRODUCTO,ID_SOCIO) VALUES (59,86);
INSERT INTO COMPRAR_SOCIO (ID_PRODUCTO,ID_SOCIO) VALUES (34,74);
INSERT INTO COMPRAR_SOCIO (ID_PRODUCTO,ID_SOCIO) VALUES (43,70);
INSERT INTO COMPRAR_SOCIO (ID_PRODUCTO,ID_SOCIO) VALUES (60,32);
INSERT INTO COMPRAR_SOCIO (ID_PRODUCTO,ID_SOCIO) VALUES (32,22);
INSERT INTO COMPRAR_SOCIO (ID_PRODUCTO,ID_SOCIO) VALUES (61,92);
INSERT INTO COMPRAR_SOCIO (ID_PRODUCTO,ID_SOCIO) VALUES (4,67);
INSERT INTO COMPRAR_SOCIO (ID_PRODUCTO,ID_SOCIO) VALUES (1,90);
INSERT INTO COMPRAR_SOCIO (ID_PRODUCTO,ID_SOCIO) VALUES (81,43);
INSERT INTO COMPRAR_SOCIO (ID_PRODUCTO,ID_SOCIO) VALUES (14,66);
INSERT INTO COMPRAR_SOCIO (ID_PRODUCTO,ID_SOCIO) VALUES (82,64);
INSERT INTO COMPRAR_SOCIO (ID_PRODUCTO,ID_SOCIO) VALUES (64,70);
INSERT INTO COMPRAR_SOCIO (ID_PRODUCTO,ID_SOCIO) VALUES (47,10);
INSERT INTO COMPRAR_SOCIO (ID_PRODUCTO,ID_SOCIO) VALUES (98,10);
INSERT INTO COMPRAR_SOCIO (ID_PRODUCTO,ID_SOCIO) VALUES (26,46);
INSERT INTO COMPRAR_SOCIO (ID_PRODUCTO,ID_SOCIO) VALUES (68,70);

-- COMPRAR_CLIENTE
INSERT INTO COMPRAR_CLIENTE (ID_PRODUCTO,ID_CLIENTE) VALUES (48,82);
INSERT INTO COMPRAR_CLIENTE (ID_PRODUCTO,ID_CLIENTE) VALUES (47,48);
INSERT INTO COMPRAR_CLIENTE (ID_PRODUCTO,ID_CLIENTE) VALUES (89,39);
INSERT INTO COMPRAR_CLIENTE (ID_PRODUCTO,ID_CLIENTE) VALUES (43,12);
INSERT INTO COMPRAR_CLIENTE (ID_PRODUCTO,ID_CLIENTE) VALUES (90,12);
INSERT INTO COMPRAR_CLIENTE (ID_PRODUCTO,ID_CLIENTE) VALUES (33,18);
INSERT INTO COMPRAR_CLIENTE (ID_PRODUCTO,ID_CLIENTE) VALUES (91,72);
INSERT INTO COMPRAR_CLIENTE (ID_PRODUCTO,ID_CLIENTE) VALUES (61,88);
INSERT INTO COMPRAR_CLIENTE (ID_PRODUCTO,ID_CLIENTE) VALUES (65,75);
INSERT INTO COMPRAR_CLIENTE (ID_PRODUCTO,ID_CLIENTE) VALUES (5,83);
INSERT INTO COMPRAR_CLIENTE (ID_PRODUCTO,ID_CLIENTE) VALUES (79,25);
INSERT INTO COMPRAR_CLIENTE (ID_PRODUCTO,ID_CLIENTE) VALUES (55,39);
INSERT INTO COMPRAR_CLIENTE (ID_PRODUCTO,ID_CLIENTE) VALUES (27,64);
INSERT INTO COMPRAR_CLIENTE (ID_PRODUCTO,ID_CLIENTE) VALUES (9,89);
INSERT INTO COMPRAR_CLIENTE (ID_PRODUCTO,ID_CLIENTE) VALUES (96,40);
INSERT INTO COMPRAR_CLIENTE (ID_PRODUCTO,ID_CLIENTE) VALUES (56,98);
INSERT INTO COMPRAR_CLIENTE (ID_PRODUCTO,ID_CLIENTE) VALUES (46,90);
INSERT INTO COMPRAR_CLIENTE (ID_PRODUCTO,ID_CLIENTE) VALUES (64,45);
INSERT INTO COMPRAR_CLIENTE (ID_PRODUCTO,ID_CLIENTE) VALUES (70,93);
INSERT INTO COMPRAR_CLIENTE (ID_PRODUCTO,ID_CLIENTE) VALUES (34,85);
INSERT INTO COMPRAR_CLIENTE (ID_PRODUCTO,ID_CLIENTE) VALUES (33,51);
INSERT INTO COMPRAR_CLIENTE (ID_PRODUCTO,ID_CLIENTE) VALUES (89,53);
INSERT INTO COMPRAR_CLIENTE (ID_PRODUCTO,ID_CLIENTE) VALUES (95,35);
INSERT INTO COMPRAR_CLIENTE (ID_PRODUCTO,ID_CLIENTE) VALUES (72,67);
INSERT INTO COMPRAR_CLIENTE (ID_PRODUCTO,ID_CLIENTE) VALUES (89,78);
INSERT INTO COMPRAR_CLIENTE (ID_PRODUCTO,ID_CLIENTE) VALUES (77,47);
INSERT INTO COMPRAR_CLIENTE (ID_PRODUCTO,ID_CLIENTE) VALUES (33,11);
INSERT INTO COMPRAR_CLIENTE (ID_PRODUCTO,ID_CLIENTE) VALUES (7,79);
INSERT INTO COMPRAR_CLIENTE (ID_PRODUCTO,ID_CLIENTE) VALUES (61,60);
INSERT INTO COMPRAR_CLIENTE (ID_PRODUCTO,ID_CLIENTE) VALUES (87,4);
INSERT INTO COMPRAR_CLIENTE (ID_PRODUCTO,ID_CLIENTE) VALUES (17,2);
INSERT INTO COMPRAR_CLIENTE (ID_PRODUCTO,ID_CLIENTE) VALUES (97,69);
INSERT INTO COMPRAR_CLIENTE (ID_PRODUCTO,ID_CLIENTE) VALUES (52,94);
INSERT INTO COMPRAR_CLIENTE (ID_PRODUCTO,ID_CLIENTE) VALUES (88,61);
INSERT INTO COMPRAR_CLIENTE (ID_PRODUCTO,ID_CLIENTE) VALUES (46,23);
INSERT INTO COMPRAR_CLIENTE (ID_PRODUCTO,ID_CLIENTE) VALUES (26,50);
INSERT INTO COMPRAR_CLIENTE (ID_PRODUCTO,ID_CLIENTE) VALUES (17,89);
INSERT INTO COMPRAR_CLIENTE (ID_PRODUCTO,ID_CLIENTE) VALUES (79,5);
INSERT INTO COMPRAR_CLIENTE (ID_PRODUCTO,ID_CLIENTE) VALUES (10,82);
INSERT INTO COMPRAR_CLIENTE (ID_PRODUCTO,ID_CLIENTE) VALUES (68,2);
INSERT INTO COMPRAR_CLIENTE (ID_PRODUCTO,ID_CLIENTE) VALUES (18,57);
INSERT INTO COMPRAR_CLIENTE (ID_PRODUCTO,ID_CLIENTE) VALUES (10,86);
INSERT INTO COMPRAR_CLIENTE (ID_PRODUCTO,ID_CLIENTE) VALUES (69,60);
INSERT INTO COMPRAR_CLIENTE (ID_PRODUCTO,ID_CLIENTE) VALUES (83,92);
INSERT INTO COMPRAR_CLIENTE (ID_PRODUCTO,ID_CLIENTE) VALUES (2,25);
INSERT INTO COMPRAR_CLIENTE (ID_PRODUCTO,ID_CLIENTE) VALUES (3,39);
INSERT INTO COMPRAR_CLIENTE (ID_PRODUCTO,ID_CLIENTE) VALUES (50,6);
INSERT INTO COMPRAR_CLIENTE (ID_PRODUCTO,ID_CLIENTE) VALUES (97,35);
INSERT INTO COMPRAR_CLIENTE (ID_PRODUCTO,ID_CLIENTE) VALUES (4,39);
INSERT INTO COMPRAR_CLIENTE (ID_PRODUCTO,ID_CLIENTE) VALUES (83,54);
INSERT INTO COMPRAR_CLIENTE (ID_PRODUCTO,ID_CLIENTE) VALUES (59,87);
INSERT INTO COMPRAR_CLIENTE (ID_PRODUCTO,ID_CLIENTE) VALUES (89,35);
INSERT INTO COMPRAR_CLIENTE (ID_PRODUCTO,ID_CLIENTE) VALUES (65,94);
INSERT INTO COMPRAR_CLIENTE (ID_PRODUCTO,ID_CLIENTE) VALUES (7,79);
INSERT INTO COMPRAR_CLIENTE (ID_PRODUCTO,ID_CLIENTE) VALUES (92,62);
INSERT INTO COMPRAR_CLIENTE (ID_PRODUCTO,ID_CLIENTE) VALUES (58,69);
INSERT INTO COMPRAR_CLIENTE (ID_PRODUCTO,ID_CLIENTE) VALUES (31,10);
INSERT INTO COMPRAR_CLIENTE (ID_PRODUCTO,ID_CLIENTE) VALUES (46,76);
INSERT INTO COMPRAR_CLIENTE (ID_PRODUCTO,ID_CLIENTE) VALUES (63,3);
INSERT INTO COMPRAR_CLIENTE (ID_PRODUCTO,ID_CLIENTE) VALUES (65,45);
INSERT INTO COMPRAR_CLIENTE (ID_PRODUCTO,ID_CLIENTE) VALUES (14,92);
INSERT INTO COMPRAR_CLIENTE (ID_PRODUCTO,ID_CLIENTE) VALUES (82,59);
INSERT INTO COMPRAR_CLIENTE (ID_PRODUCTO,ID_CLIENTE) VALUES (79,50);
INSERT INTO COMPRAR_CLIENTE (ID_PRODUCTO,ID_CLIENTE) VALUES (80,98);
INSERT INTO COMPRAR_CLIENTE (ID_PRODUCTO,ID_CLIENTE) VALUES (72,99);
INSERT INTO COMPRAR_CLIENTE (ID_PRODUCTO,ID_CLIENTE) VALUES (29,46);
INSERT INTO COMPRAR_CLIENTE (ID_PRODUCTO,ID_CLIENTE) VALUES (57,28);
INSERT INTO COMPRAR_CLIENTE (ID_PRODUCTO,ID_CLIENTE) VALUES (38,68);
INSERT INTO COMPRAR_CLIENTE (ID_PRODUCTO,ID_CLIENTE) VALUES (83,34);
INSERT INTO COMPRAR_CLIENTE (ID_PRODUCTO,ID_CLIENTE) VALUES (2,84);
INSERT INTO COMPRAR_CLIENTE (ID_PRODUCTO,ID_CLIENTE) VALUES (43,69);
INSERT INTO COMPRAR_CLIENTE (ID_PRODUCTO,ID_CLIENTE) VALUES (42,62);
INSERT INTO COMPRAR_CLIENTE (ID_PRODUCTO,ID_CLIENTE) VALUES (38,49);
INSERT INTO COMPRAR_CLIENTE (ID_PRODUCTO,ID_CLIENTE) VALUES (54,58);
INSERT INTO COMPRAR_CLIENTE (ID_PRODUCTO,ID_CLIENTE) VALUES (51,36);
INSERT INTO COMPRAR_CLIENTE (ID_PRODUCTO,ID_CLIENTE) VALUES (97,61);
INSERT INTO COMPRAR_CLIENTE (ID_PRODUCTO,ID_CLIENTE) VALUES (50,28);
INSERT INTO COMPRAR_CLIENTE (ID_PRODUCTO,ID_CLIENTE) VALUES (82,82);
INSERT INTO COMPRAR_CLIENTE (ID_PRODUCTO,ID_CLIENTE) VALUES (99,59);
INSERT INTO COMPRAR_CLIENTE (ID_PRODUCTO,ID_CLIENTE) VALUES (70,31);
INSERT INTO COMPRAR_CLIENTE (ID_PRODUCTO,ID_CLIENTE) VALUES (99,1);
INSERT INTO COMPRAR_CLIENTE (ID_PRODUCTO,ID_CLIENTE) VALUES (31,93);
INSERT INTO COMPRAR_CLIENTE (ID_PRODUCTO,ID_CLIENTE) VALUES (93,16);
INSERT INTO COMPRAR_CLIENTE (ID_PRODUCTO,ID_CLIENTE) VALUES (69,33);
INSERT INTO COMPRAR_CLIENTE (ID_PRODUCTO,ID_CLIENTE) VALUES (57,100);
INSERT INTO COMPRAR_CLIENTE (ID_PRODUCTO,ID_CLIENTE) VALUES (46,93);
INSERT INTO COMPRAR_CLIENTE (ID_PRODUCTO,ID_CLIENTE) VALUES (46,73);
INSERT INTO COMPRAR_CLIENTE (ID_PRODUCTO,ID_CLIENTE) VALUES (77,69);
INSERT INTO COMPRAR_CLIENTE (ID_PRODUCTO,ID_CLIENTE) VALUES (3,93);
INSERT INTO COMPRAR_CLIENTE (ID_PRODUCTO,ID_CLIENTE) VALUES (77,61);
INSERT INTO COMPRAR_CLIENTE (ID_PRODUCTO,ID_CLIENTE) VALUES (94,87);
INSERT INTO COMPRAR_CLIENTE (ID_PRODUCTO,ID_CLIENTE) VALUES (75,97);
INSERT INTO COMPRAR_CLIENTE (ID_PRODUCTO,ID_CLIENTE) VALUES (31,87);
INSERT INTO COMPRAR_CLIENTE (ID_PRODUCTO,ID_CLIENTE) VALUES (87,63);
INSERT INTO COMPRAR_CLIENTE (ID_PRODUCTO,ID_CLIENTE) VALUES (8,36);
INSERT INTO COMPRAR_CLIENTE (ID_PRODUCTO,ID_CLIENTE) VALUES (71,54);
INSERT INTO COMPRAR_CLIENTE (ID_PRODUCTO,ID_CLIENTE) VALUES (66,47);
INSERT INTO COMPRAR_CLIENTE (ID_PRODUCTO,ID_CLIENTE) VALUES (36,72);
INSERT INTO COMPRAR_CLIENTE (ID_PRODUCTO,ID_CLIENTE) VALUES (13,40);
INSERT INTO COMPRAR_CLIENTE (ID_PRODUCTO,ID_CLIENTE) VALUES (78,91);

-- IMPARTIR_CLASE
INSERT INTO IMPARTIR_CLASE (ID_CLASE,ID_EMPLEADO) VALUES (48,82);
INSERT INTO IMPARTIR_CLASE (ID_CLASE,ID_EMPLEADO) VALUES (47,48);
INSERT INTO IMPARTIR_CLASE (ID_CLASE,ID_EMPLEADO) VALUES (89,39);
INSERT INTO IMPARTIR_CLASE (ID_CLASE,ID_EMPLEADO) VALUES (43,12);
INSERT INTO IMPARTIR_CLASE (ID_CLASE,ID_EMPLEADO) VALUES (90,12);
INSERT INTO IMPARTIR_CLASE (ID_CLASE,ID_EMPLEADO) VALUES (33,18);
INSERT INTO IMPARTIR_CLASE (ID_CLASE,ID_EMPLEADO) VALUES (91,72);
INSERT INTO IMPARTIR_CLASE (ID_CLASE,ID_EMPLEADO) VALUES (61,88);
INSERT INTO IMPARTIR_CLASE (ID_CLASE,ID_EMPLEADO) VALUES (65,75);
INSERT INTO IMPARTIR_CLASE (ID_CLASE,ID_EMPLEADO) VALUES (5,83);
INSERT INTO IMPARTIR_CLASE (ID_CLASE,ID_EMPLEADO) VALUES (79,25);
INSERT INTO IMPARTIR_CLASE (ID_CLASE,ID_EMPLEADO) VALUES (55,39);
INSERT INTO IMPARTIR_CLASE (ID_CLASE,ID_EMPLEADO) VALUES (27,64);
INSERT INTO IMPARTIR_CLASE (ID_CLASE,ID_EMPLEADO) VALUES (9,89);
INSERT INTO IMPARTIR_CLASE (ID_CLASE,ID_EMPLEADO) VALUES (96,40);
INSERT INTO IMPARTIR_CLASE (ID_CLASE,ID_EMPLEADO) VALUES (56,98);
INSERT INTO IMPARTIR_CLASE (ID_CLASE,ID_EMPLEADO) VALUES (46,90);
INSERT INTO IMPARTIR_CLASE (ID_CLASE,ID_EMPLEADO) VALUES (64,45);
INSERT INTO IMPARTIR_CLASE (ID_CLASE,ID_EMPLEADO) VALUES (70,93);
INSERT INTO IMPARTIR_CLASE (ID_CLASE,ID_EMPLEADO) VALUES (34,85);
INSERT INTO IMPARTIR_CLASE (ID_CLASE,ID_EMPLEADO) VALUES (33,51);
INSERT INTO IMPARTIR_CLASE (ID_CLASE,ID_EMPLEADO) VALUES (89,53);
INSERT INTO IMPARTIR_CLASE (ID_CLASE,ID_EMPLEADO) VALUES (95,35);
INSERT INTO IMPARTIR_CLASE (ID_CLASE,ID_EMPLEADO) VALUES (72,67);
INSERT INTO IMPARTIR_CLASE (ID_CLASE,ID_EMPLEADO) VALUES (89,78);
INSERT INTO IMPARTIR_CLASE (ID_CLASE,ID_EMPLEADO) VALUES (77,47);
INSERT INTO IMPARTIR_CLASE (ID_CLASE,ID_EMPLEADO) VALUES (33,11);
INSERT INTO IMPARTIR_CLASE (ID_CLASE,ID_EMPLEADO) VALUES (7,79);
INSERT INTO IMPARTIR_CLASE (ID_CLASE,ID_EMPLEADO) VALUES (61,60);
INSERT INTO IMPARTIR_CLASE (ID_CLASE,ID_EMPLEADO) VALUES (87,4);
INSERT INTO IMPARTIR_CLASE (ID_CLASE,ID_EMPLEADO) VALUES (17,2);
INSERT INTO IMPARTIR_CLASE (ID_CLASE,ID_EMPLEADO) VALUES (97,69);
INSERT INTO IMPARTIR_CLASE (ID_CLASE,ID_EMPLEADO) VALUES (52,94);
INSERT INTO IMPARTIR_CLASE (ID_CLASE,ID_EMPLEADO) VALUES (88,61);
INSERT INTO IMPARTIR_CLASE (ID_CLASE,ID_EMPLEADO) VALUES (46,23);
INSERT INTO IMPARTIR_CLASE (ID_CLASE,ID_EMPLEADO) VALUES (26,50);
INSERT INTO IMPARTIR_CLASE (ID_CLASE,ID_EMPLEADO) VALUES (17,89);
INSERT INTO IMPARTIR_CLASE (ID_CLASE,ID_EMPLEADO) VALUES (79,5);
INSERT INTO IMPARTIR_CLASE (ID_CLASE,ID_EMPLEADO) VALUES (10,82);
INSERT INTO IMPARTIR_CLASE (ID_CLASE,ID_EMPLEADO) VALUES (68,2);
INSERT INTO IMPARTIR_CLASE (ID_CLASE,ID_EMPLEADO) VALUES (18,57);
INSERT INTO IMPARTIR_CLASE (ID_CLASE,ID_EMPLEADO) VALUES (10,86);
INSERT INTO IMPARTIR_CLASE (ID_CLASE,ID_EMPLEADO) VALUES (69,60);
INSERT INTO IMPARTIR_CLASE (ID_CLASE,ID_EMPLEADO) VALUES (83,92);
INSERT INTO IMPARTIR_CLASE (ID_CLASE,ID_EMPLEADO) VALUES (2,25);
INSERT INTO IMPARTIR_CLASE (ID_CLASE,ID_EMPLEADO) VALUES (3,39);
INSERT INTO IMPARTIR_CLASE (ID_CLASE,ID_EMPLEADO) VALUES (50,6);
INSERT INTO IMPARTIR_CLASE (ID_CLASE,ID_EMPLEADO) VALUES (97,35);
INSERT INTO IMPARTIR_CLASE (ID_CLASE,ID_EMPLEADO) VALUES (4,39);
INSERT INTO IMPARTIR_CLASE (ID_CLASE,ID_EMPLEADO) VALUES (83,54);
INSERT INTO IMPARTIR_CLASE (ID_CLASE,ID_EMPLEADO) VALUES (59,87);
INSERT INTO IMPARTIR_CLASE (ID_CLASE,ID_EMPLEADO) VALUES (89,35);
INSERT INTO IMPARTIR_CLASE (ID_CLASE,ID_EMPLEADO) VALUES (65,94);
INSERT INTO IMPARTIR_CLASE (ID_CLASE,ID_EMPLEADO) VALUES (7,79);
INSERT INTO IMPARTIR_CLASE (ID_CLASE,ID_EMPLEADO) VALUES (92,62);
INSERT INTO IMPARTIR_CLASE (ID_CLASE,ID_EMPLEADO) VALUES (58,69);
INSERT INTO IMPARTIR_CLASE (ID_CLASE,ID_EMPLEADO) VALUES (31,10);
INSERT INTO IMPARTIR_CLASE (ID_CLASE,ID_EMPLEADO) VALUES (46,76);
INSERT INTO IMPARTIR_CLASE (ID_CLASE,ID_EMPLEADO) VALUES (63,3);
INSERT INTO IMPARTIR_CLASE (ID_CLASE,ID_EMPLEADO) VALUES (65,45);
INSERT INTO IMPARTIR_CLASE (ID_CLASE,ID_EMPLEADO) VALUES (14,92);
INSERT INTO IMPARTIR_CLASE (ID_CLASE,ID_EMPLEADO) VALUES (82,59);
INSERT INTO IMPARTIR_CLASE (ID_CLASE,ID_EMPLEADO) VALUES (79,50);
INSERT INTO IMPARTIR_CLASE (ID_CLASE,ID_EMPLEADO) VALUES (80,98);
INSERT INTO IMPARTIR_CLASE (ID_CLASE,ID_EMPLEADO) VALUES (72,99);
INSERT INTO IMPARTIR_CLASE (ID_CLASE,ID_EMPLEADO) VALUES (29,46);
INSERT INTO IMPARTIR_CLASE (ID_CLASE,ID_EMPLEADO) VALUES (57,28);
INSERT INTO IMPARTIR_CLASE (ID_CLASE,ID_EMPLEADO) VALUES (38,68);
INSERT INTO IMPARTIR_CLASE (ID_CLASE,ID_EMPLEADO) VALUES (83,34);
INSERT INTO IMPARTIR_CLASE (ID_CLASE,ID_EMPLEADO) VALUES (2,84);
INSERT INTO IMPARTIR_CLASE (ID_CLASE,ID_EMPLEADO) VALUES (43,69);
INSERT INTO IMPARTIR_CLASE (ID_CLASE,ID_EMPLEADO) VALUES (42,62);
INSERT INTO IMPARTIR_CLASE (ID_CLASE,ID_EMPLEADO) VALUES (38,49);
INSERT INTO IMPARTIR_CLASE (ID_CLASE,ID_EMPLEADO) VALUES (54,58);
INSERT INTO IMPARTIR_CLASE (ID_CLASE,ID_EMPLEADO) VALUES (51,36);
INSERT INTO IMPARTIR_CLASE (ID_CLASE,ID_EMPLEADO) VALUES (97,61);
INSERT INTO IMPARTIR_CLASE (ID_CLASE,ID_EMPLEADO) VALUES (50,28);
INSERT INTO IMPARTIR_CLASE (ID_CLASE,ID_EMPLEADO) VALUES (82,82);
INSERT INTO IMPARTIR_CLASE (ID_CLASE,ID_EMPLEADO) VALUES (99,59);
INSERT INTO IMPARTIR_CLASE (ID_CLASE,ID_EMPLEADO) VALUES (70,31);
INSERT INTO IMPARTIR_CLASE (ID_CLASE,ID_EMPLEADO) VALUES (99,1);
INSERT INTO IMPARTIR_CLASE (ID_CLASE,ID_EMPLEADO) VALUES (31,93);
INSERT INTO IMPARTIR_CLASE (ID_CLASE,ID_EMPLEADO) VALUES (93,16);
INSERT INTO IMPARTIR_CLASE (ID_CLASE,ID_EMPLEADO) VALUES (69,33);
INSERT INTO IMPARTIR_CLASE (ID_CLASE,ID_EMPLEADO) VALUES (57,100);
INSERT INTO IMPARTIR_CLASE (ID_CLASE,ID_EMPLEADO) VALUES (46,93);
INSERT INTO IMPARTIR_CLASE (ID_CLASE,ID_EMPLEADO) VALUES (46,73);
INSERT INTO IMPARTIR_CLASE (ID_CLASE,ID_EMPLEADO) VALUES (77,69);
INSERT INTO IMPARTIR_CLASE (ID_CLASE,ID_EMPLEADO) VALUES (3,93);
INSERT INTO IMPARTIR_CLASE (ID_CLASE,ID_EMPLEADO) VALUES (77,61);
INSERT INTO IMPARTIR_CLASE (ID_CLASE,ID_EMPLEADO) VALUES (94,87);
INSERT INTO IMPARTIR_CLASE (ID_CLASE,ID_EMPLEADO) VALUES (75,97);
INSERT INTO IMPARTIR_CLASE (ID_CLASE,ID_EMPLEADO) VALUES (31,87);
INSERT INTO IMPARTIR_CLASE (ID_CLASE,ID_EMPLEADO) VALUES (87,63);
INSERT INTO IMPARTIR_CLASE (ID_CLASE,ID_EMPLEADO) VALUES (8,36);
INSERT INTO IMPARTIR_CLASE (ID_CLASE,ID_EMPLEADO) VALUES (71,54);
INSERT INTO IMPARTIR_CLASE (ID_CLASE,ID_EMPLEADO) VALUES (66,47);
INSERT INTO IMPARTIR_CLASE (ID_CLASE,ID_EMPLEADO) VALUES (36,72);
INSERT INTO IMPARTIR_CLASE (ID_CLASE,ID_EMPLEADO) VALUES (13,40);
INSERT INTO IMPARTIR_CLASE (ID_CLASE,ID_EMPLEADO) VALUES (78,91);