/**
 * INSERCIONES PARA TACOSTE
 */

-- INSERCIONES TABLA CLIENTE
INSERT INTO CLIENTE (NOMBRE,AP_PATERNO,AP_MATERNO,SEXO,CALLE,NUMERO_EXT,NUMERO_INT,COLONIA,ESTADO,CP,TELEFONO,EMAIL,CURP) VALUES ('CLIENTE DEFAULT', 'NA', 'NA', 'MASCULINO', 'NA', 0, 0, 'NA', 'NA', 00000, 0000000000, 'NA', 'NA');
INSERT INTO CLIENTE (NOMBRE,AP_PATERNO,AP_MATERNO,SEXO,CALLE,NUMERO_EXT,NUMERO_INT,COLONIA,ESTADO,CP,TELEFONO,EMAIL,CURP) VALUES ('Feliciano', 'Martinez', 'Abarca', 'MASCULINO', 'De La Piedad', 1, 2, 'Espiral', 'Jalisco', 12345, 5545361232, 'felmart@gmail.com', 'MAAF860811HJLRLR02');
INSERT INTO CLIENTE (NOMBRE,AP_PATERNO,AP_MATERNO,SEXO,CALLE,NUMERO_EXT,NUMERO_INT,COLONIA,ESTADO,CP,TELEFONO,EMAIL,CURP) VALUES ('Misael', 'Bahena', 'Perez', 'MASCULINO', 'Ciancio', 18, 17, 'Cura', 'CDMX', 12321, 5543436896, 'imsabh@gmail.com', 'BAPM460805HDFRHR12');
INSERT INTO CLIENTE (NOMBRE,AP_PATERNO,AP_MATERNO,SEXO,CALLE,NUMERO_EXT,NUMERO_INT,COLONIA,ESTADO,CP,TELEFONO,EMAIL,CURP) VALUES ('Sergio', 'Cardenas', 'Corona', 'MASCULINO', 'Infierno', 8, 67, 'Mefisto', 'CDMX', 61611, 5531353589, 'serchcorona@hotmail.com', 'CACS900808HDFRHR08');
INSERT INTO CLIENTE (NOMBRE,AP_PATERNO,AP_MATERNO,SEXO,CALLE,NUMERO_EXT,NUMERO_INT,COLONIA,ESTADO,CP,TELEFONO,EMAIL,CURP) VALUES ('Carolina','Garcia','Stein','FEMENINO','Ipsum ',42,2,'Atacama','Tierra Amarilla','93946','9705176382','Proin@nuncull.edu','GASC671230MFJSLS20');
INSERT INTO CLIENTE (NOMBRE,AP_PATERNO,AP_MATERNO,SEXO,CALLE,NUMERO_EXT,NUMERO_INT,COLONIA,ESTADO,CP,TELEFONO,EMAIL,CURP) VALUES ('Francisco','Sharpe','Jordan','MASCULINO','At St.',16,2,'RM','Cerrillos',12345,'3673561610','convallis@estcongue.co.uk','SHJF670827HDRFSA09');
INSERT INTO CLIENTE (NOMBRE,AP_PATERNO,AP_MATERNO,SEXO,CALLE,NUMERO_EXT,NUMERO_INT,COLONIA,ESTADO,CP,TELEFONO,EMAIL,CURP) VALUES ('Maciel','Fuentes','Jenkins','FEMENINO','Innner St.',93,9,'RM','La Cisterna', 14356,'2174032714','lacinia@cursusetmagna.org','FUJM650927MRTFGA30');
INSERT INTO CLIENTE (NOMBRE,AP_PATERNO,AP_MATERNO,SEXO,CALLE,NUMERO_EXT,NUMERO_INT,COLONIA,ESTADO,CP,TELEFONO,EMAIL,CURP) VALUES ('Naim','Gallagher','Byers','MASCULINO','9684 Mattis. Rd.',36,76,'Valparaíso','Isla de Pascua',34568,'5562289048','Integer.sem@musAenean.edu','GJSW671129MFTEHA03');
INSERT INTO CLIENTE (NOMBRE,AP_PATERNO,AP_MATERNO,SEXO,CALLE,NUMERO_EXT,NUMERO_INT,COLONIA,ESTADO,CP,TELEFONO,EMAIL,CURP) VALUES ('Alicia','French','Bird','FEMENINO','Ap #963-1935 Varius Av.',51,52,'V','Catemu',15672,'7585331415','ac.turpis@malesuad.org','MAFS651108FMRTDF30');
INSERT INTO CLIENTE (NOMBRE,AP_PATERNO,AP_MATERNO,SEXO,CALLE,NUMERO_EXT,NUMERO_INT,COLONIA,ESTADO,CP,TELEFONO,EMAIL,CURP) VALUES ('Katherine','Hart','Hayes','FEMENINO','P.O. Box 645, 2436 Enim. Rd.',56,11,'Valparaíso','Juan Fernández',97567,'5648498616','fringilla.mi@etmagnisdis.co.uk','MAFS030709MFDFRL13');
INSERT INTO CLIENTE (NOMBRE,AP_PATERNO,AP_MATERNO,SEXO,CALLE,NUMERO_EXT,NUMERO_INT,COLONIA,ESTADO,CP,TELEFONO,EMAIL,CURP) VALUES ('Samanta','Livingston','Nicholson','MASCULINO','389 Sit Road',90,35,'RM','Estación Central',24567,'3719843619','massa.b@loreml.edu','NCHA880808MHDFRL08');
INSERT INTO CLIENTE (NOMBRE,AP_PATERNO,AP_MATERNO,SEXO,CALLE,NUMERO_EXT,NUMERO_INT,COLONIA,ESTADO,CP,TELEFONO,EMAIL,CURP) VALUES ('Eluney','Pollard','Rocha','FEMENINO','Ap #538-4110 Massa. Rd.',20,52,'RM','Quinta Normal',34566,'8731594625','Curae.Phase@Proinnon.com','ROCA090909MFRJRA09');
INSERT INTO CLIENTE (NOMBRE,AP_PATERNO,AP_MATERNO,SEXO,CALLE,NUMERO_EXT,NUMERO_INT,COLONIA,ESTADO,CP,TELEFONO,EMAIL,CURP) VALUES ('Kamila','Shannon','Bullock','MASCULINO','903-9142 Lacus. Av.',69,13,'RM','Huechuraba',67846,'4632077150','Donec.frin@egetvarius.net','BULL060402MFAEFA26');
INSERT INTO CLIENTE (NOMBRE,AP_PATERNO,AP_MATERNO,SEXO,CALLE,NUMERO_EXT,NUMERO_INT,COLONIA,ESTADO,CP,TELEFONO,EMAIL,CURP) VALUES ('Lautaro','Heath','Kaufman','FEMENINO','Ap #689-4073 Pretium St.',33,42,'IX','Teodoro Schmidt',87642,'7106933865','neque.Nullam@eratneque.com','DECK670909MRLTYG28');
INSERT INTO CLIENTE (NOMBRE,AP_PATERNO,AP_MATERNO,SEXO,CALLE,NUMERO_EXT,NUMERO_INT,COLONIA,ESTADO,CP,TELEFONO,EMAIL,CURP) VALUES ('Yasmin','Grimes','Decker','MASCULINO','459-4516 Magna, Ave',51,98,'Metropolitana de Santiago','Providencia',12356,'8579377616','vestibulu@Maecenas.co.uk','SANT081016HUJSIA28');
INSERT INTO CLIENTE (NOMBRE,AP_PATERNO,AP_MATERNO,SEXO,CALLE,NUMERO_EXT,NUMERO_INT,COLONIA,ESTADO,CP,TELEFONO,EMAIL,CURP) VALUES ('Alexa','Mayo','Jones','FEMENINO','8439 At, Rd.',58,17,'Metropolitana de Santiago','La Reina',54567,'9657945034','odio.auctor@Donecnibh.org','AVEN780919HRLTSA21');
INSERT INTO CLIENTE (NOMBRE,AP_PATERNO,AP_MATERNO,SEXO,CALLE,NUMERO_EXT,NUMERO_INT,COLONIA,ESTADO,CP,TELEFONO,EMAIL,CURP) VALUES ('Kenneth','Cooper','Oneil','MASCULINO','713-5159 In Avenue',55,64,'O''Higgins','Coinco',67890,'6346656692','augue.ut@venenat.org','HIGG560924HRSALS12');
INSERT INTO CLIENTE (NOMBRE,AP_PATERNO,AP_MATERNO,SEXO,CALLE,NUMERO_EXT,NUMERO_INT,COLONIA,ESTADO,CP,TELEFONO,EMAIL,CURP) VALUES ('Tommy','Suarez','Gomez','FEMENINO','4725 Maecenas St.',79,40,'II','Antofagasta',76543,'5429988799','sit@hendrerit.co.uk','DUOK301212MRASFT12');
INSERT INTO CLIENTE (NOMBRE,AP_PATERNO,AP_MATERNO,SEXO,CALLE,NUMERO_EXT,NUMERO_INT,COLONIA,ESTADO,CP,TELEFONO,EMAIL,CURP) VALUES ('Kurt','Hines','Salazar','MASCULINO','P.O. Box 643, 7826 Nulla Ave',46,36,'IX','Angol',87642,'2314818653','gravida.non@orci.org','ZATU920101HTRFTH12');
INSERT INTO CLIENTE (NOMBRE,AP_PATERNO,AP_MATERNO,SEXO,CALLE,NUMERO_EXT,NUMERO_INT,COLONIA,ESTADO,CP,TELEFONO,EMAIL,CURP) VALUES ('Yostin','Meyers','Moss','FEMENINO','P.O. Box 737, 399 In St.',21,30,'Los Lagos','Chonchi',12345,'1909479112','Quisque.ac@afacili.com','BOXX801230HTLAAF23');

-- INSERCIONES TABLA TAQUERO_MUCHO
INSERT INTO TAQUERO_MUCHO (ID_TARJETA, CURP, PUNTOS) VALUES (01, 'BAPM460805HDFRHR12', 20);
INSERT INTO TAQUERO_MUCHO (ID_TARJETA, CURP, PUNTOS) VALUES (02, 'MAFS651108FMRTDF30', 01);
INSERT INTO TAQUERO_MUCHO (ID_TARJETA, CURP, PUNTOS) VALUES (03, 'NCHA880808MHDFRL08', 79);
INSERT INTO TAQUERO_MUCHO (ID_TARJETA, CURP, PUNTOS) VALUES (04, 'DUOK301212MRASFT12', 300);
INSERT INTO TAQUERO_MUCHO (ID_TARJETA, CURP, PUNTOS) VALUES (05, 'GASC671230MFJSLS20', 11000);

-- INSERCIONES TABLA SALSAS
INSERT INTO SALSA (NOMBRE, INGREDIENTES, PICOR, RECOMENDACIONES) VALUES ('Salsa Habanera', 'Chile habanero, jugo de naranja agrio y vinagre', 'EXTREMO', 'Bistec y chuleta');
INSERT INTO SALSA (NOMBRE, INGREDIENTES, PICOR, RECOMENDACIONES) VALUES ('Salsa de Mango', 'Mango, cebolla, ajo, chile chipotle, soya, azucar y sal', 'BAJO', 'Pastor y Costilla');
INSERT INTO SALSA (NOMBRE, INGREDIENTES, PICOR, RECOMENDACIONES) VALUES ('Salsa Verde', 'Tomate verde, chile serrano, ajo y sal', 'BAJO', 'Con todo');
INSERT INTO SALSA (NOMBRE, INGREDIENTES, PICOR, RECOMENDACIONES) VALUES ('Salsa de Guayaba', 'Guayaba, ceboolla, ajo, vino seco, limon y mostaza', 'DULCE', 'Pastor y Pollo');
INSERT INTO SALSA (NOMBRE, INGREDIENTES, PICOR, RECOMENDACIONES) VALUES ('Salsa Borracha', 'Pulque, tomate verde, chile pasilla, ajo, aceite, laurel y queso añejo', 'BAJO', 'Costilla y chuleta');
INSERT INTO SALSA (NOMBRE, INGREDIENTES, PICOR, RECOMENDACIONES) VALUES ('Salsa de Molcajete', 'Jitomate, chile serrano y sal', 'MEDIO', 'Bistec y arrachera');
INSERT INTO SALSA (NOMBRE, INGREDIENTES, PICOR, RECOMENDACIONES) VALUES ('Salsa Ranchera', 'Chile jalapeño, chile en polvo, ajo, cebolla, tomate, oregano, pimienta negra y limon', 'MEDIO', 'Pastor, chuleta y bistec');
INSERT INTO SALSA (NOMBRE, INGREDIENTES, PICOR, RECOMENDACIONES) VALUES ('Salsa de Chile Morita', 'Chile morita, ajo y sal', 'MEDIO', 'Arrachera y bistec');
INSERT INTO SALSA (NOMBRE, INGREDIENTES, PICOR, RECOMENDACIONES) VALUES ('Salsa Chipotle', 'Chile chipotle, jalapeño ahumado, clavos, oregano, ajo, azucar, vinagre y aceite', 'ALTO', 'Pastor, chuleta y costilla');
INSERT INTO SALSA (NOMBRE, INGREDIENTES, PICOR, RECOMENDACIONES) VALUES ('Salsa de Jitomate', 'Jitomate, cebolla, chile de arbol fresco y sal', 'ALTO', 'Chicharron de cerdo, costilla y bistec');
INSERT INTO SALSA (NOMBRE, INGREDIENTES, PICOR, RECOMENDACIONES) VALUES ('Salsa de Cacahuate', 'Chile de arbol seco, ajo, aceite, vinagre, pimienta y sal', 'ALTO', 'Pastor y costilla');

-- INSERCIONES COMPRAR_SALSA
INSERT INTO COMPRAR_SALSA (NOMBRE, CURP, FECHA, A_DOMICILIO) VALUES ('Salsa de Mango', 'ZATU920101HTRFTH12', '06-01-11', 'SI');
INSERT INTO COMPRAR_SALSA (NOMBRE, CURP, FECHA, A_DOMICILIO) VALUES ('Salsa de Jitomate', 'NCHA880808MHDFRL08', '20-01-16', 'SI');
INSERT INTO COMPRAR_SALSA (NOMBRE, CURP, FECHA, A_DOMICILIO) VALUES ('Salsa Chipotle', 'AVEN780919HRLTSA21', '15-02-15', 'NO');
INSERT INTO COMPRAR_SALSA (NOMBRE, CURP, FECHA, A_DOMICILIO) VALUES ('Salsa de Jitomate', 'DUOK301212MRASFT12', '26-09-14', 'NO');
INSERT INTO COMPRAR_SALSA (NOMBRE, CURP, FECHA, A_DOMICILIO) VALUES ('Salsa Borracha', 'DUOK301212MRASFT12', '12-12-12', 'NO'); 

-- INSERCIONES TABLA ENTRADAS
INSERT INTO CONSUMIBLE (ID_CONSUMIBLE, NOMBRE, PRECIO, CANTIDAD) VALUES (01, 'Nopal Asado', 35.00, 100);
INSERT INTO ENTRADAS (ID_CONSUMIBLE) VALUES (01);
INSERT INTO CONSUMIBLE (ID_CONSUMIBLE, NOMBRE, PRECIO, CANTIDAD) VALUES (02, 'Frijoles Refritos', 30.00, 100);
INSERT INTO ENTRADAS (ID_CONSUMIBLE) VALUES (02);
INSERT INTO CONSUMIBLE (ID_CONSUMIBLE, NOMBRE, PRECIO, CANTIDAD) VALUES (03, 'Frijoles Refritos con Chorizo', 35.00, 100);
INSERT INTO ENTRADAS (ID_CONSUMIBLE) VALUES (03);
INSERT INTO CONSUMIBLE (ID_CONSUMIBLE, NOMBRE, DESCRIPCION, PRECIO, CANTIDAD) VALUES (04, 'Don Totopo', 'Totopos con Frijoles y Queso', 35.00, 100);
INSERT INTO ENTRADAS (ID_CONSUMIBLE) VALUES (04);
INSERT INTO CONSUMIBLE (ID_CONSUMIBLE, NOMBRE, DESCRIPCION, PRECIO, CANTIDAD) VALUES (05, 'Don Totopo Especial', 'Con Pastor', 40.00, 100);
INSERT INTO ENTRADAS (ID_CONSUMIBLE) VALUES (05);
INSERT INTO CONSUMIBLE (ID_CONSUMIBLE, NOMBRE, PRECIO, CANTIDAD) VALUES (06, 'Cebollitas al Carbón', 30.00, 100);
INSERT INTO ENTRADAS (ID_CONSUMIBLE) VALUES (06);
INSERT INTO CONSUMIBLE (ID_CONSUMIBLE, NOMBRE, PRECIO, CANTIDAD) VALUES (07, 'Papas a la Francesa', 45.00, 100);
INSERT INTO ENTRADAS (ID_CONSUMIBLE) VALUES (07);
INSERT INTO CONSUMIBLE (ID_CONSUMIBLE, NOMBRE, PRECIO, CANTIDAD) VALUES (08, 'Guacamole', 30.00, 100);
INSERT INTO ENTRADAS (ID_CONSUMIBLE) VALUES (08);
INSERT INTO CONSUMIBLE (ID_CONSUMIBLE, NOMBRE, PRECIO, CANTIDAD) VALUES (09, 'Chicharron de Queso', 35.00, 100);
INSERT INTO ENTRADAS (ID_CONSUMIBLE) VALUES (09);
INSERT INTO CONSUMIBLE (ID_CONSUMIBLE, NOMBRE, DESCRIPCION, PRECIO, CANTIDAD) VALUES (10, 'Los Sopecitos', 'Orden de 5 rajas con crema, cochinita pibil, papas con chorizo, pollo con mole y chicharron en salsa verde', 40.00, 100);
INSERT INTO ENTRADAS (ID_CONSUMIBLE) VALUES (10);
INSERT INTO CONSUMIBLE (ID_CONSUMIBLE, NOMBRE, DESCRIPCION, PRECIO, CANTIDAD) VALUES (11, 'Entrada', 'Chicharron de cerdo, guacamole, frijoles refritos, salsa Don Taco, nopal asado y tortillas', 50.00, 100);
INSERT INTO ENTRADAS (ID_CONSUMIBLE) VALUES (11);

-- INSERCIONES TABLA DEL_CAZO
INSERT INTO CONSUMIBLE (ID_CONSUMIBLE, NOMBRE, PRECIO, CANTIDAD) VALUES (12, 'Sopa de Fideos', 50.00, 100);
INSERT INTO DEL_CAZO (ID_CONSUMIBLE) VALUES (12);
INSERT INTO CONSUMIBLE (ID_CONSUMIBLE, NOMBRE, PRECIO, CANTIDAD) VALUES (13, 'Sopa de Hongos', 50.00, 100);
INSERT INTO DEL_CAZO (ID_CONSUMIBLE) VALUES (13);
INSERT INTO CONSUMIBLE (ID_CONSUMIBLE, NOMBRE, DESCRIPCION, PRECIO, CANTIDAD) VALUES (14, 'Consome', 'Delicioso. Con pollo deshebrado, arroz y aguacate, acompañado con cilantro y rabanito fileteado', 60.00, 100);
INSERT INTO DEL_CAZO (ID_CONSUMIBLE) VALUES (14);
INSERT INTO CONSUMIBLE (ID_CONSUMIBLE, NOMBRE, DESCRIPCION, PRECIO, CANTIDAD) VALUES (15, 'Sopa Azteca', 'Tortilla y chile pasilla en caldo de jitomate con chicharron, aguacate y queso', 55.00, 100);
INSERT INTO DEL_CAZO (ID_CONSUMIBLE) VALUES (15);
INSERT INTO CONSUMIBLE (ID_CONSUMIBLE, NOMBRE, PRECIO, CANTIDAD) VALUES (16, 'Arroz a la Mexicana', 40.00, 100);
INSERT INTO DEL_CAZO (ID_CONSUMIBLE) VALUES (16);
INSERT INTO CONSUMIBLE (ID_CONSUMIBLE, NOMBRE, PRECIO, CANTIDAD) VALUES (17, 'Arroz con Mole o Huevo', 45.00, 100);
INSERT INTO DEL_CAZO (ID_CONSUMIBLE) VALUES (17);
INSERT INTO CONSUMIBLE (ID_CONSUMIBLE, NOMBRE, DESCRIPCION, PRECIO, CANTIDAD) VALUES (18, 'Pozole Rojo o Blanco', 'De pastor, de pollo o cerdo', 60.00, 100);
INSERT INTO DEL_CAZO (ID_CONSUMIBLE) VALUES (18);

-- INSERCIONES TABLA SOPES_HUARACHES
INSERT INTO CONSUMIBLE (ID_CONSUMIBLE, NOMBRE, DESCRIPCION, PRECIO, CANTIDAD) VALUES (19, 'Sope o Huarache Sencillo de Guisado', 'Chicharron en salsa verde, papas con chorizo, rajas con crema, cochinita pibil o pollo con mole', 65.00, 100);
INSERT INTO SOPES_HUARACHES (ID_CONSUMIBLE) VALUES (19);
INSERT INTO CONSUMIBLE (ID_CONSUMIBLE, NOMBRE, PRECIO, CANTIDAD) VALUES (20, 'Sope o Huarache de Pastor', 75.00, 100);
INSERT INTO SOPES_HUARACHES (ID_CONSUMIBLE) VALUES (20);
INSERT INTO CONSUMIBLE (ID_CONSUMIBLE, NOMBRE, PRECIO, CANTIDAD) VALUES (21, 'Sope o Huarache de Bistec, Chuleta, Chorizo o Pollo', 70.00, 100);
INSERT INTO SOPES_HUARACHES (ID_CONSUMIBLE) VALUES (21);
INSERT INTO CONSUMIBLE (ID_CONSUMIBLE, NOMBRE, PRECIO, CANTIDAD) VALUES (22, 'Sope o Huarache de Arrachera', 75.00, 100);
INSERT INTO SOPES_HUARACHES (ID_CONSUMIBLE) VALUES (22);
INSERT INTO CONSUMIBLE (ID_CONSUMIBLE, NOMBRE, PRECIO, CANTIDAD) VALUES (23, 'Sope o Huarache de Costilla', 70.00, 100);
INSERT INTO SOPES_HUARACHES (ID_CONSUMIBLE) VALUES (23);

-- INSERCIONES TABLA ENCHILADAS
INSERT INTO CONSUMIBLE (ID_CONSUMIBLE, NOMBRE, DESCRIPCION, PRECIO, CANTIDAD) VALUES (24, 'Enchiladas Verdes, Rojas, Enfrijoladas o con Salsa Guajillo con Mole', 'Pidelas rellenas de queso fresco, pollo o papas con chorizo', 60.00, 100);
INSERT INTO ENCHILADAS (ID_CONSUMIBLE) VALUES (24);

-- INSERCIONES TABLA QUESOS
INSERT INTO CONSUMIBLE (ID_CONSUMIBLE, NOMBRE, PRECIO, CANTIDAD) VALUES (25, 'Queso Fundido Natural', 30.00, 100);
INSERT INTO QUESOS (ID_CONSUMIBLE) VALUES (25);
INSERT INTO CONSUMIBLE (ID_CONSUMIBLE, NOMBRE, PRECIO, CANTIDAD) VALUES (26, 'Choriqueso', 40.00, 100);
INSERT INTO QUESOS (ID_CONSUMIBLE) VALUES (26);
INSERT INTO CONSUMIBLE (ID_CONSUMIBLE, NOMBRE, PRECIO, CANTIDAD) VALUES (27, 'Chicharron de Queso', 40.00, 100);
INSERT INTO QUESOS (ID_CONSUMIBLE) VALUES (27);

-- INSERCIONES TABLA ENSALADAS
INSERT INTO CONSUMIBLE (ID_CONSUMIBLE, NOMBRE, DESCRIPCION, PRECIO, CANTIDAD) VALUES (28, 'Ensalada', 'Rica combinacion de pastos sobre una fresca cama de lechuga, zanahoria y jitomate con tortilla en juliana y aderezo de la casa', 50.00, 100);
INSERT INTO ENSALADAS (ID_CONSUMIBLE) VALUES (28);
INSERT INTO CONSUMIBLE (ID_CONSUMIBLE, NOMBRE, DESCRIPCION, PRECIO, CANTIDAD) VALUES (29, 'De la Granja', 'Saludable y delociosa. Ricas fajitas de pechuga sobre una cama de lechuga, aguacate, jitomate y cebolla con aderezo de la casa', 60.00, 100);
INSERT INTO ENSALADAS (ID_CONSUMIBLE) VALUES (29);

-- INSERCIONES TABLA GRINGAS_QUECAS_VOLCANES
INSERT INTO CONSUMIBLE (ID_CONSUMIBLE, NOMBRE, DESCRIPCION, PRECIO, CANTIDAD) VALUES (30, 'Gringa', 'De pastor con queso', 40.00, 100);
INSERT INTO GRINGAS_QUECAS_VOLCANES (ID_CONSUMIBLE) VALUES (30);
INSERT INTO CONSUMIBLE (ID_CONSUMIBLE, NOMBRE, DESCRIPCION, PRECIO, CANTIDAD) VALUES (31, 'Gringa Consentida', 'Delicioso alambre de pastor con queso', 50.00, 100);
INSERT INTO GRINGAS_QUECAS_VOLCANES (ID_CONSUMIBLE) VALUES (31);
INSERT INTO CONSUMIBLE (ID_CONSUMIBLE, NOMBRE, DESCRIPCION, PRECIO, CANTIDAD) VALUES (32, 'Gringa Vaquera', 'Con bistec o chuleta con queso', 45.00, 100);
INSERT INTO GRINGAS_QUECAS_VOLCANES (ID_CONSUMIBLE) VALUES (32);
INSERT INTO CONSUMIBLE (ID_CONSUMIBLE, NOMBRE, DESCRIPCION, PRECIO, CANTIDAD) VALUES (33, 'Gringa Loca', 'Pan arabe o tortilla de harina, pastor y queso con aguacate y jitomate', 50.00, 100);
INSERT INTO GRINGAS_QUECAS_VOLCANES (ID_CONSUMIBLE) VALUES (33);
INSERT INTO CONSUMIBLE (ID_CONSUMIBLE, NOMBRE, PRECIO, CANTIDAD) VALUES (34, 'Quesadilla tradicional', 25.00, 100);
INSERT INTO GRINGAS_QUECAS_VOLCANES (ID_CONSUMIBLE) VALUES (34);
INSERT INTO CONSUMIBLE (ID_CONSUMIBLE, NOMBRE, DESCRIPCION, PRECIO, CANTIDAD) VALUES (35, 'Quesadilla', 'En pan arabe', 30.00, 100);
INSERT INTO GRINGAS_QUECAS_VOLCANES (ID_CONSUMIBLE) VALUES (35);
INSERT INTO CONSUMIBLE (ID_CONSUMIBLE, NOMBRE, DESCRIPCION, PRECIO, CANTIDAD) VALUES (36, 'Quesadilla Especial', 'Pan arabe con la carne que prefiera: pastor, bistec, chuleta, pechuga o arrachera', 40.00, 100);
INSERT INTO GRINGAS_QUECAS_VOLCANES (ID_CONSUMIBLE) VALUES (36);
INSERT INTO CONSUMIBLE (ID_CONSUMIBLE, NOMBRE, DESCRIPCION, PRECIO, CANTIDAD) VALUES (37, 'Volcanes', 'Tostada de maiz al carbon y queso fundido', 35.00, 100);
INSERT INTO GRINGAS_QUECAS_VOLCANES (ID_CONSUMIBLE) VALUES (37);
INSERT INTO CONSUMIBLE (ID_CONSUMIBLE, NOMBRE, DESCRIPCION, PRECIO, CANTIDAD) VALUES (38, 'Volcanes con Carne', 'Pastor, bistec, chuleta, pechuga o arrachera', 40.00, 100);
INSERT INTO GRINGAS_QUECAS_VOLCANES (ID_CONSUMIBLE) VALUES (38);

-- INSERCIONES TABLA ALAMBRES
INSERT INTO CONSUMIBLE (ID_CONSUMIBLE, NOMBRE, PRECIO, CANTIDAD) VALUES (39, 'Alambre De Pastor', 60.00, 100);
INSERT INTO ALAMBRES (ID_CONSUMIBLE) VALUES (39);
INSERT INTO CONSUMIBLE (ID_CONSUMIBLE, NOMBRE, DESCRIPCION, PRECIO, CANTIDAD) VALUES (40, 'Alambre Vegetariano', 'Nopales y champiñones', 50.00, 100);
INSERT INTO ALAMBRES (ID_CONSUMIBLE) VALUES (40);
INSERT INTO CONSUMIBLE (ID_CONSUMIBLE, NOMBRE, PRECIO, CANTIDAD) VALUES (41, 'Alambre De Bistec', 55.00, 100);
INSERT INTO ALAMBRES (ID_CONSUMIBLE) VALUES (41);
INSERT INTO CONSUMIBLE (ID_CONSUMIBLE, NOMBRE, PRECIO, CANTIDAD) VALUES (42, 'Alambre De Chuleta o Pollo', 55.00, 100);
INSERT INTO ALAMBRES (ID_CONSUMIBLE) VALUES (42);
INSERT INTO CONSUMIBLE (ID_CONSUMIBLE, NOMBRE, PRECIO, CANTIDAD) VALUES (43, 'Alambre De Arrachera', 60.00, 100);
INSERT INTO ALAMBRES (ID_CONSUMIBLE) VALUES (43);
INSERT INTO CONSUMIBLE (ID_CONSUMIBLE, NOMBRE, PRECIO, CANTIDAD) VALUES (44, 'Alambre De Costilla', 55.00, 100);
INSERT INTO ALAMBRES (ID_CONSUMIBLE) VALUES (44);

-- INSERCIONES TABLA HAMBURGUESAS
INSERT INTO CONSUMIBLE (ID_CONSUMIBLE, NOMBRE, DESCRIPCION, PRECIO, CANTIDAD) VALUES (45, 'Hamburguesa de Pastor', 'Incluye papas a la francesa y un agua fresca', 60.00, 100);
INSERT INTO HAMBURGUESAS (ID_CONSUMIBLE) VALUES (45);
INSERT INTO CONSUMIBLE (ID_CONSUMIBLE, NOMBRE, DESCRIPCION, PRECIO, CANTIDAD) VALUES (46, 'Hamburguesa de Carne de Res', 'Incluye papas a la francesa y un agua fresca', 50.00, 100);
INSERT INTO HAMBURGUESAS (ID_CONSUMIBLE) VALUES (46);
INSERT INTO CONSUMIBLE (ID_CONSUMIBLE, NOMBRE, DESCRIPCION, PRECIO, CANTIDAD) VALUES (47, 'Hamburguesa de Pechuga de Pollo', 'Incluye papas a la francesa y un agua fresca', 50.00, 100);
INSERT INTO HAMBURGUESAS (ID_CONSUMIBLE) VALUES (47);
INSERT INTO CONSUMIBLE (ID_CONSUMIBLE, NOMBRE, DESCRIPCION, PRECIO, CANTIDAD) VALUES (48, 'Hamburguesa de Arrachera', 'Incluye papas a la francesa y un agua fresca', 60.00, 100);
INSERT INTO HAMBURGUESAS (ID_CONSUMIBLE) VALUES (48);

-- INSERCIONES TABLA TACOS
INSERT INTO CONSUMIBLE (ID_CONSUMIBLE, NOMBRE, DESCRIPCION, PRECIO, CANTIDAD) VALUES (49, 'Tacos de Pastor', '2x1', 25.00, 100);
INSERT INTO TACOS (ID_CONSUMIBLE) VALUES (49);
INSERT INTO CONSUMIBLE (ID_CONSUMIBLE, NOMBRE, DESCRIPCION, PRECIO, CANTIDAD) VALUES (50, 'Tacos de Guisado', 'Chicharron en salsa verde, papas con chorizo, rajas con crema, cochinita pibil o pollo con mole sobre 2 tortillas con arroz o frijoles refritos', 18.00, 100);
INSERT INTO TACOS (ID_CONSUMIBLE) VALUES (50);
INSERT INTO CONSUMIBLE (ID_CONSUMIBLE, NOMBRE, PRECIO, CANTIDAD) VALUES (51, 'Tacos de Bistec', 15.00, 100);
INSERT INTO TACOS (ID_CONSUMIBLE) VALUES (51);
INSERT INTO CONSUMIBLE (ID_CONSUMIBLE, NOMBRE, PRECIO, CANTIDAD) VALUES (52, 'Tacos de Chuleta', 15.00, 100);
INSERT INTO TACOS (ID_CONSUMIBLE) VALUES (52);
INSERT INTO CONSUMIBLE (ID_CONSUMIBLE, NOMBRE, PRECIO, CANTIDAD) VALUES (53, 'Tacos de Pechuga de Pollo', 15.00, 100);
INSERT INTO TACOS (ID_CONSUMIBLE) VALUES (53);
INSERT INTO CONSUMIBLE (ID_CONSUMIBLE, NOMBRE, PRECIO, CANTIDAD) VALUES (54, 'Tacos de Pastor de Pollo', 17.00, 100);
INSERT INTO TACOS (ID_CONSUMIBLE) VALUES (54);
INSERT INTO CONSUMIBLE (ID_CONSUMIBLE, NOMBRE, PRECIO, CANTIDAD) VALUES (55, 'Tacos de Chorizo', 14.00, 100);
INSERT INTO TACOS (ID_CONSUMIBLE) VALUES (55);
INSERT INTO CONSUMIBLE (ID_CONSUMIBLE, NOMBRE, PRECIO, CANTIDAD) VALUES (56, 'Tacos de Arrachera', 18.00, 100);
INSERT INTO TACOS (ID_CONSUMIBLE) VALUES (56);
INSERT INTO CONSUMIBLE (ID_CONSUMIBLE, NOMBRE, PRECIO, CANTIDAD) VALUES (57, 'Tacos de Costilla', 15.00, 100);
INSERT INTO TACOS (ID_CONSUMIBLE) VALUES (57);

-- INSERCIONES TABLA TORTAS
INSERT INTO CONSUMIBLE (ID_CONSUMIBLE, NOMBRE, DESCRIPCION, PRECIO, CANTIDAD) VALUES (58, 'Tortas de Pastor', 'Con frijoles refritos, mayonesa, cebolla, aguacate, chile y jitomate', 80.00, 100);
INSERT INTO TORTAS (ID_CONSUMIBLE) VALUES (58);
INSERT INTO CONSUMIBLE (ID_CONSUMIBLE, NOMBRE, DESCRIPCION, PRECIO, CANTIDAD) VALUES (59, 'Tortas de Bistec', 'Con frijoles refritos, mayonesa, cebolla, aguacate, chile y jitomate', 70.00, 100);
INSERT INTO TORTAS (ID_CONSUMIBLE) VALUES (59);
INSERT INTO CONSUMIBLE (ID_CONSUMIBLE, NOMBRE, DESCRIPCION, PRECIO, CANTIDAD) VALUES (60, 'Tortas de Milanesa', 'Con frijoles refritos, mayonesa, cebolla, aguacate, chile y jitomate', 60.00, 100);
INSERT INTO TORTAS (ID_CONSUMIBLE) VALUES (60);
INSERT INTO CONSUMIBLE (ID_CONSUMIBLE, NOMBRE, DESCRIPCION, PRECIO, CANTIDAD) VALUES (61, 'Tortas de Arrachera', 'Con frijoles refritos, mayonesa, cebolla, aguacate, chile y jitomate', 80.00, 100);
INSERT INTO TORTAS (ID_CONSUMIBLE) VALUES (61);
INSERT INTO CONSUMIBLE (ID_CONSUMIBLE, NOMBRE, DESCRIPCION, PRECIO, CANTIDAD) VALUES (62, 'Tortas de Pollo', 'Con frijoles refritos, mayonesa, cebolla, aguacate, chile y jitomate', 60.00, 100);
INSERT INTO TORTAS (ID_CONSUMIBLE) VALUES (62);

-- INSERCIONES TABLA BEBIDAS
INSERT INTO CONSUMIBLE (ID_CONSUMIBLE, NOMBRE, DESCRIPCION, PRECIO, CANTIDAD) VALUES (63, 'Jarras de Agua', 'Jamaica y horchata', 40.00, 100);
INSERT INTO BEBIDAS (ID_CONSUMIBLE) VALUES (63);
INSERT INTO CONSUMIBLE (ID_CONSUMIBLE, NOMBRE, DESCRIPCION, PRECIO, CANTIDAD) VALUES (64, 'Aguas Frescas', 'Jamaica, horchata, del dia', 20.00, 100);
INSERT INTO BEBIDAS (ID_CONSUMIBLE) VALUES (64);
INSERT INTO CONSUMIBLE (ID_CONSUMIBLE, NOMBRE, DESCRIPCION, PRECIO, CANTIDAD) VALUES (65, 'Refrescos', 'pepsi, Pepsi Light, Pepsi Max, 7UP, Sangria, Mirinda, Squirt, Manzanita Sol', 25.00, 100);
INSERT INTO BEBIDAS (ID_CONSUMIBLE) VALUES (65);
INSERT INTO CONSUMIBLE (ID_CONSUMIBLE, NOMBRE, PRECIO, CANTIDAD) VALUES (66, 'Jugo de Naranja', 25.00, 100);
INSERT INTO BEBIDAS (ID_CONSUMIBLE) VALUES (66);
INSERT INTO CONSUMIBLE (ID_CONSUMIBLE, NOMBRE, PRECIO, CANTIDAD) VALUES (67, 'Naranjada', 20.00, 100);
INSERT INTO BEBIDAS (ID_CONSUMIBLE) VALUES (67);
INSERT INTO CONSUMIBLE (ID_CONSUMIBLE, NOMBRE, PRECIO, CANTIDAD) VALUES (68, 'Limonada', 20.00, 100);
INSERT INTO BEBIDAS (ID_CONSUMIBLE) VALUES (68);
INSERT INTO CONSUMIBLE (ID_CONSUMIBLE, NOMBRE, PRECIO, CANTIDAD) VALUES (69, 'Cervezas', 35.00, 100);
INSERT INTO BEBIDAS (ID_CONSUMIBLE) VALUES (69);
INSERT INTO CONSUMIBLE (ID_CONSUMIBLE, NOMBRE, PRECIO, CANTIDAD) VALUES (70, 'Micheladas', 45.00, 100);
INSERT INTO BEBIDAS (ID_CONSUMIBLE) VALUES (70);
INSERT INTO CONSUMIBLE (ID_CONSUMIBLE, NOMBRE, PRECIO, CANTIDAD) VALUES (71, 'Cubanas', 40.00, 100);
INSERT INTO BEBIDAS (ID_CONSUMIBLE) VALUES (71);
INSERT INTO CONSUMIBLE (ID_CONSUMIBLE, NOMBRE, PRECIO, CANTIDAD) VALUES (72, 'Cafe Americano', 15.00, 100);
INSERT INTO BEBIDAS (ID_CONSUMIBLE) VALUES (72);
INSERT INTO CONSUMIBLE (ID_CONSUMIBLE, NOMBRE, PRECIO, CANTIDAD) VALUES (73, 'Cafe de Olla', 15.00, 100);
INSERT INTO BEBIDAS (ID_CONSUMIBLE) VALUES (73);
INSERT INTO CONSUMIBLE (ID_CONSUMIBLE, NOMBRE, PRECIO, CANTIDAD) VALUES (74, 'Cafe Capuchino', 40.00, 100);
INSERT INTO BEBIDAS (ID_CONSUMIBLE) VALUES (74);
INSERT INTO CONSUMIBLE (ID_CONSUMIBLE, NOMBRE, PRECIO, CANTIDAD) VALUES (75, 'Chocolate con Leche', 15.00, 100);
INSERT INTO BEBIDAS (ID_CONSUMIBLE) VALUES (75);
INSERT INTO CONSUMIBLE (ID_CONSUMIBLE, NOMBRE, PRECIO, CANTIDAD) VALUES (76, 'Te', 15.00, 100);
INSERT INTO BEBIDAS (ID_CONSUMIBLE) VALUES (76);
INSERT INTO CONSUMIBLE (ID_CONSUMIBLE, NOMBRE, PRECIO, CANTIDAD) VALUES (77, 'Cafe con Leche', 15.00, 100);
INSERT INTO BEBIDAS (ID_CONSUMIBLE) VALUES (77);
INSERT INTO CONSUMIBLE (ID_CONSUMIBLE, NOMBRE, PRECIO, CANTIDAD) VALUES (78, 'Vaso de Leche', 10.00, 100);
INSERT INTO BEBIDAS (ID_CONSUMIBLE) VALUES (78);

-- INSERCIONES TABLA POSTRES
INSERT INTO CONSUMIBLE (ID_CONSUMIBLE, NOMBRE, PRECIO, CANTIDAD) VALUES (79, 'Flan', 25.00, 100);
INSERT INTO POSTRES (ID_CONSUMIBLE) VALUES (79);
INSERT INTO CONSUMIBLE (ID_CONSUMIBLE, NOMBRE, PRECIO, CANTIDAD) VALUES (80, 'Pastel', 45.00, 100);
INSERT INTO POSTRES (ID_CONSUMIBLE) VALUES (80);

-- INSERCIONES TABLA CONSUMIR_CLIENTE
INSERT INTO CONSUMIR_CLIENTE (ID_CONSUMIBLE, CURP, FECHA, A_DOMICILIO) VALUES (13, 'ZATU920101HTRFTH12', '06-01-11', 'SI');
INSERT INTO CONSUMIR_CLIENTE (ID_CONSUMIBLE, CURP, FECHA, A_DOMICILIO) VALUES (20, 'NCHA880808MHDFRL08', '20-01-16', 'SI');
INSERT INTO CONSUMIR_CLIENTE (ID_CONSUMIBLE, CURP, FECHA, A_DOMICILIO) VALUES (43, 'AVEN780919HRLTSA21', '15-02-15', 'NO');
INSERT INTO CONSUMIR_CLIENTE (ID_CONSUMIBLE, CURP, FECHA, A_DOMICILIO) VALUES (07, 'DUOK301212MRASFT12', '26-09-14', 'NO');
INSERT INTO CONSUMIR_CLIENTE (ID_CONSUMIBLE, CURP, FECHA, A_DOMICILIO) VALUES (23, 'DUOK301212MRASFT12', '12-12-12', 'NO');

-- INSERCIONES TABLA PARRILLERO
INSERT INTO EMPLEADO (NOMBRE,AP_PATERNO,AP_MATERNO,SEXO,CALLE,NUMERO_EXT,NUMERO_INT,COLONIA,ESTADO,CP,TELEFONO,EMAIL,CURP) VALUES ('Nayara','Crawford','Gates','MASCULINO','Integer Avenue',46,46,'RM','Melipilla',12342,'2917524035','nasceturs@tempordi.org','CRGA670823MFEASH67');
INSERT INTO PARRILLERO (CURP) VALUES ('CRGA670823MFEASH67');
INSERT INTO EMPLEADO (NOMBRE,AP_PATERNO,AP_MATERNO,SEXO,CALLE,NUMERO_EXT,NUMERO_INT,COLONIA,ESTADO,CP,TELEFONO,EMAIL,CURP) VALUES ('Giovani','Leonard','Scott','FEMENINO','Mauris St.',82,72,'V','Olmué',34312,'7527504375','Aliquam.@semNulla.net','LESG560927MGHDET30');
INSERT INTO PARRILLERO (CURP) VALUES ('LESG560927MGHDET30');
INSERT INTO EMPLEADO (NOMBRE,AP_PATERNO,AP_MATERNO,SEXO,CALLE,NUMERO_EXT,NUMERO_INT,COLONIA,ESTADO,CP,TELEFONO,EMAIL,CURP) VALUES ('Rayen','Hardin','Dodson','MASCULINO','Iaculis Street',92,96,'RM','Santiago',45312,'5411823285','accumsan@adui.co.uk','HADR090912MFETKA09');
INSERT INTO PARRILLERO (CURP) VALUES ('HADR090912MFETKA09');

-- INSERCIONES TABLA TAQUERO
INSERT INTO EMPLEADO (NOMBRE,AP_PATERNO,AP_MATERNO,SEXO,CALLE,NUMERO_EXT,NUMERO_INT,COLONIA,ESTADO,CP,TELEFONO,EMAIL,CURP) VALUES ('Muriel','Avery','Russo','FEMENINO','Semper, St.',86,11,'Metropolitana de Santiago','Melipilla',54235,'9242830682','Donec@ornare.net','AVRM070521MDSETA21');
INSERT INTO TAQUERO (CURP) VALUES ('AVRM070521MDSETA21');
INSERT INTO EMPLEADO (NOMBRE,AP_PATERNO,AP_MATERNO,SEXO,CALLE,NUMERO_EXT,NUMERO_INT,COLONIA,ESTADO,CP,TELEFONO,EMAIL,CURP) VALUES ('Abel','Leonard','Holcomb','MASCULINO','Vel Ave',64,79,'Valparaíso','Limache',65475,'4704617692','dictum.augue@semegestas.ca','LEHA080812MFSAER21');
INSERT INTO TAQUERO (CURP) VALUES ('LEHA080812MFSAER21');
INSERT INTO EMPLEADO (NOMBRE,AP_PATERNO,AP_MATERNO,SEXO,CALLE,NUMERO_EXT,NUMERO_INT,COLONIA,ESTADO,CP,TELEFONO,EMAIL,CURP) VALUES ('Jennifer','Jennings','Howell','FEMENINO','Ipsum Rd.',59,65,'VII','Quillón',12357,'5134233255','orci.quis@convallis.com','LEIA401221MTPSAS09');
INSERT INTO TAQUERO (CURP) VALUES ('LEIA401221MTPSAS09');
INSERT INTO EMPLEADO (NOMBRE,AP_PATERNO,AP_MATERNO,SEXO,CALLE,NUMERO_EXT,NUMERO_INT,COLONIA,ESTADO,CP,TELEFONO,EMAIL,CURP) VALUES ('Michael','Joseph','Foster','FEMENINO','Per Ave',96,84,'Valparaíso','Quilpué',65567,'6389485065','Duis.ac@velpedeblandit.net','HALO092156MTKASS56');
INSERT INTO TAQUERO (CURP) VALUES ('HALO092156MTKASS56');

-- INSERCIONES TABLA MESERO
INSERT INTO EMPLEADO (NOMBRE,AP_PATERNO,AP_MATERNO,SEXO,CALLE,NUMERO_EXT,NUMERO_INT,COLONIA,ESTADO,CP,TELEFONO,EMAIL,CURP) VALUES ('Yeiko','Oconnor','Short','MASCULINO','Nostra, St.',32,93,'Maule','Teno',76535,'5722274710','lacinia@acturpis.org','OCSY121212MTEASF09');
INSERT INTO MESERO (CURP) VALUES ('OCSY121212MTEASF09');
INSERT INTO EMPLEADO (NOMBRE,AP_PATERNO,AP_MATERNO,SEXO,CALLE,NUMERO_EXT,NUMERO_INT,COLONIA,ESTADO,CP,TELEFONO,EMAIL,CURP) VALUES ('Camila','Levine','Austin','FEMENINO','Dui, Street',7,4,'Metropolitana de Santiago','San Joaquín',54234,'1674787544','Phasellus@nislarcu.org','YODA412321MREADF21');
INSERT INTO MESERO (CURP) VALUES ('YODA412321MREADF21');
INSERT INTO EMPLEADO (NOMBRE,AP_PATERNO,AP_MATERNO,SEXO,CALLE,NUMERO_EXT,NUMERO_INT,COLONIA,ESTADO,CP,TELEFONO,EMAIL,CURP) VALUES ('Franko','Gomez','Dillon','MASCULINO','Ullamcorper, Rd.',81,72,'Los Lagos','Calbuco',54345,'1408717953','faucibus@ornarefa.co.uk','ABBA125681FEASFG12');
INSERT INTO MESERO (CURP) VALUES ('ABBA125681FEASFG12');

-- INSERCIONES TABLA CAJERO
INSERT INTO EMPLEADO (NOMBRE,AP_PATERNO,AP_MATERNO,SEXO,CALLE,NUMERO_EXT,NUMERO_INT,COLONIA,ESTADO,CP,TELEFONO,EMAIL,CURP) VALUES ('Roger','Weeks','Williamson','FEMENINO','Commodo Street',62,37,'X','Dalcahue',12747,'6427994060','gravida@pede.net','MEET892143MREFFA12');
INSERT INTO CAJERO (CURP) VALUES ('MEET892143MREFFA12');
INSERT INTO EMPLEADO (NOMBRE,AP_PATERNO,AP_MATERNO,SEXO,CALLE,NUMERO_EXT,NUMERO_INT,COLONIA,ESTADO,CP,TELEFONO,EMAIL,CURP) VALUES ('Ailin','Bates','Huffman','MASCULINO','Nunc Rd.',72,35,'Maule','Constitución',65469,'5717117545','ante@diam.edu','BAHA921232HTESDA21');
INSERT INTO CAJERO (CURP) VALUES ('BAHA921232HTESDA21');
INSERT INTO EMPLEADO (NOMBRE,AP_PATERNO,AP_MATERNO,SEXO,CALLE,NUMERO_EXT,NUMERO_INT,COLONIA,ESTADO,CP,TELEFONO,EMAIL,CURP) VALUES ('Lissette','Pacheco','Greer','FEMENINO','Lorem, Ave',65,96,'Metropolitana de Santiago','Ñuñoa',76476,'8656300822','ultrices.posuere@dolor.ca','PAGL145121HRSAST07');
INSERT INTO CAJERO (CURP) VALUES ('PAGL145121HRSAST07');
INSERT INTO EMPLEADO (NOMBRE,AP_PATERNO,AP_MATERNO,SEXO,CALLE,NUMERO_EXT,NUMERO_INT,COLONIA,ESTADO,CP,TELEFONO,EMAIL,CURP) VALUES ('Yendelin','Robertson','Shepherd','MASCULINO',' Vitae St.',73,48,'VII','Colbún',54377,'4903361929','magnis.dis@laciniaat.com','ROSY091243FTJASS12');
INSERT INTO CAJERO (CURP) VALUES ('ROSY091243FTJASS12');

-- INSERCIONES TABLA TORTILLERO
INSERT INTO EMPLEADO (NOMBRE,AP_PATERNO,AP_MATERNO,SEXO,CALLE,NUMERO_EXT,NUMERO_INT,COLONIA,ESTADO,CP,TELEFONO,EMAIL,CURP) VALUES ('Yael','Humphrey','Gould','MASCULINO','Adipiscing Road',51,40,'XIV','Los Lagos',07644,'5157667737','dictum@Phasell.co.uk','HUGY082212FTSKGP21');
INSERT INTO TORTILLERO (CURP) VALUES ('HUGY082212FTSKGP21');
INSERT INTO EMPLEADO (NOMBRE,AP_PATERNO,AP_MATERNO,SEXO,CALLE,NUMERO_EXT,NUMERO_INT,COLONIA,ESTADO,CP,TELEFONO,EMAIL,CURP) VALUES ('Mateo','Gonzales','Parks','FEMENINO','Venenatis Rd.',57,30,'RM','San Ramón',09878,'3358620485','Duis@imperdiet.org','GPPM124578FTASMF27');
INSERT INTO TORTILLERO (CURP) VALUES ('GPPM124578FTASMF27');
INSERT INTO EMPLEADO (NOMBRE,AP_PATERNO,AP_MATERNO,SEXO,CALLE,NUMERO_EXT,NUMERO_INT,COLONIA,ESTADO,CP,TELEFONO,EMAIL,CURP) VALUES ('Mathías','Watkins','Ratliff','MASCULINO','Scelerisque Avenue',47,64,'Metropolitana de Santiago','El Monte',98678,'7928473877','nuncu@maurisut.ca','WARM471212HTSAFO21');
INSERT INTO TORTILLERO (CURP) VALUES ('WARM471212HTSAFO21');

-- INSERCIONES TABLA REPARTIDOR
INSERT INTO EMPLEADO (NOMBRE,AP_PATERNO,AP_MATERNO,SEXO,CALLE,NUMERO_EXT,NUMERO_INT,COLONIA,ESTADO,CP,TELEFONO,EMAIL,CURP) VALUES ('Lizbeth','Herman','Stark','FEMENINO','Lacus. St.',59,27,'II','Antofagasta',78978,'4877708578','vel@eterosProin.edu','HESL539231FTKSAS12');
INSERT INTO REPARTIDOR (CURP, LICENCIA, TRANSPORTE) VALUES ('HESL539231FTKSAS12', 4219, 'MOTOCICLETA');
INSERT INTO EMPLEADO (NOMBRE,AP_PATERNO,AP_MATERNO,SEXO,CALLE,NUMERO_EXT,NUMERO_INT,COLONIA,ESTADO,CP,TELEFONO,EMAIL,CURP) VALUES ('Rosita','Hampton','Kane','MASCULINO','Magna Street',74,42,'VI','Doñihue',87876,'9137052599','nibh.Donec@penatibus.co.uk','HAKR212453FTPAPS23');
INSERT INTO REPARTIDOR (CURP, LICENCIA, TRANSPORTE) VALUES ('HAKR212453FTPAPS23', 1297, 'BICICLETA');
INSERT INTO EMPLEADO (NOMBRE,AP_PATERNO,AP_MATERNO,SEXO,CALLE,NUMERO_EXT,NUMERO_INT,COLONIA,ESTADO,CP,TELEFONO,EMAIL,CURP) VALUES ('Cristian','May','Greer','FEMENINO',' Dolor. Av.',58,8,'RM','Maipú',23465,'7819264136','eu@sedduiFusce.ca','MAGC482912MFEAHE12');
INSERT INTO REPARTIDOR (CURP, LICENCIA, TRANSPORTE) VALUES ('MAGC482912MFEAHE12', 2048, 'MOTOCICLETA');

-- INSERCIONES TABLA SUCURSAL
INSERT INTO SUCURSAL (NOMBRE, ID_SUCURSAL) VALUES ('TACOSTE UNAM', 01);
INSERT INTO SUCURSAL (NOMBRE, ID_SUCURSAL) VALUES ('TACOSTE MIRAMONTES', 02);
INSERT INTO SUCURSAL (NOMBRE, ID_SUCURSAL) VALUES ('TACOSTE SAN ANGEL', 03);

-- INSERCIONES TABLA TRABAJAR_SUCURSAL
INSERT INTO TRABAJAR_SUCURSAL (CURP, ID_SUCURSAL) VALUES ('CRGA670823MFEASH67', 01);
INSERT INTO TRABAJAR_SUCURSAL (CURP, ID_SUCURSAL) VALUES ('LESG560927MGHDET30', 02);
INSERT INTO TRABAJAR_SUCURSAL (CURP, ID_SUCURSAL) VALUES ('HADR090912MFETKA09', 03);
INSERT INTO TRABAJAR_SUCURSAL (CURP, ID_SUCURSAL) VALUES ('AVRM070521MDSETA21', 01);
INSERT INTO TRABAJAR_SUCURSAL (CURP, ID_SUCURSAL) VALUES ('LEHA080812MFSAER21', 02);
INSERT INTO TRABAJAR_SUCURSAL (CURP, ID_SUCURSAL) VALUES ('LEIA401221MTPSAS09', 03);
INSERT INTO TRABAJAR_SUCURSAL (CURP, ID_SUCURSAL) VALUES ('HALO092156MTKASS56', 01);
INSERT INTO TRABAJAR_SUCURSAL (CURP, ID_SUCURSAL) VALUES ('OCSY121212MTEASF09', 01);
INSERT INTO TRABAJAR_SUCURSAL (CURP, ID_SUCURSAL) VALUES ('YODA412321MREADF21', 02);
INSERT INTO TRABAJAR_SUCURSAL (CURP, ID_SUCURSAL) VALUES ('ABBA125681FEASFG12', 03);
INSERT INTO TRABAJAR_SUCURSAL (CURP, ID_SUCURSAL) VALUES ('MEET892143MREFFA12', 01);
INSERT INTO TRABAJAR_SUCURSAL (CURP, ID_SUCURSAL) VALUES ('BAHA921232HTESDA21', 02);
INSERT INTO TRABAJAR_SUCURSAL (CURP, ID_SUCURSAL) VALUES ('PAGL145121HRSAST07', 03);
INSERT INTO TRABAJAR_SUCURSAL (CURP, ID_SUCURSAL) VALUES ('ROSY091243FTJASS12', 02);
INSERT INTO TRABAJAR_SUCURSAL (CURP, ID_SUCURSAL) VALUES ('HUGY082212FTSKGP21', 01);
INSERT INTO TRABAJAR_SUCURSAL (CURP, ID_SUCURSAL) VALUES ('GPPM124578FTASMF27', 02);
INSERT INTO TRABAJAR_SUCURSAL (CURP, ID_SUCURSAL) VALUES ('WARM471212HTSAFO21', 03);
INSERT INTO TRABAJAR_SUCURSAL (CURP, ID_SUCURSAL) VALUES ('HESL539231FTKSAS12', 01);
INSERT INTO TRABAJAR_SUCURSAL (CURP, ID_SUCURSAL) VALUES ('HAKR212453FTPAPS23', 02);
INSERT INTO TRABAJAR_SUCURSAL (CURP, ID_SUCURSAL) VALUES ('MAGC482912MFEAHE12', 03);

-- INSERCIONES TABLA PRODUCTO
INSERT INTO PRODUCTO (ID_PRODUCTO, FECHA_COMPRA, UNIDADES_INVENTARIO, MARCA, PRECIO, PROVEEDOR) VALUES (01, '01-01-18', 100, 'Sillas', 40.00, 'Sillas SA de CV');
INSERT INTO PRODUCTO (ID_PRODUCTO, FECHA_COMPRA, UNIDADES_INVENTARIO, MARCA, PRECIO, PROVEEDOR) VALUES (02, '01-01-18', 100, 'Mesas', 150.00, 'Mesas SA de CV');
INSERT INTO PRODUCTO (ID_PRODUCTO, FECHA_COMPRA, UNIDADES_INVENTARIO, MARCA, PRECIO, PROVEEDOR) VALUES (03, '01-01-18', 100, 'Manteles', 40.00, 'Manteles SA de CV');
INSERT INTO PRODUCTO (ID_PRODUCTO, FECHA_COMPRA, UNIDADES_INVENTARIO, MARCA, PRECIO, PROVEEDOR) VALUES (04, '01-01-18', 400, 'Cubiertos', 20.00, 'Cubiertos SA de CV');
INSERT INTO PRODUCTO (ID_PRODUCTO, FECHA_COMPRA, FECHA_CADUCIDAD, UNIDADES_INVENTARIO, MARCA, PRECIO, PROVEEDOR) VALUES (05, '01-01-18', '01-01-19', 500, 'Latas de verduras', 25.00, 'Verduras SA de CV');

-- INSERCIONES TABLA TENER_PRODUCTO
INSERT INTO TENER_PRODUCTO (ID_SUCURSAL, ID_PRODUCTO) VALUES (01, 01);
INSERT INTO TENER_PRODUCTO (ID_SUCURSAL, ID_PRODUCTO) VALUES (01, 02);
INSERT INTO TENER_PRODUCTO (ID_SUCURSAL, ID_PRODUCTO) VALUES (01, 03);
INSERT INTO TENER_PRODUCTO (ID_SUCURSAL, ID_PRODUCTO) VALUES (01, 04);
INSERT INTO TENER_PRODUCTO (ID_SUCURSAL, ID_PRODUCTO) VALUES (01, 05);
INSERT INTO TENER_PRODUCTO (ID_SUCURSAL, ID_PRODUCTO) VALUES (02, 01);
INSERT INTO TENER_PRODUCTO (ID_SUCURSAL, ID_PRODUCTO) VALUES (02, 02);
INSERT INTO TENER_PRODUCTO (ID_SUCURSAL, ID_PRODUCTO) VALUES (02, 03);
INSERT INTO TENER_PRODUCTO (ID_SUCURSAL, ID_PRODUCTO) VALUES (02, 04);
INSERT INTO TENER_PRODUCTO (ID_SUCURSAL, ID_PRODUCTO) VALUES (02, 05);
INSERT INTO TENER_PRODUCTO (ID_SUCURSAL, ID_PRODUCTO) VALUES (03, 01);
INSERT INTO TENER_PRODUCTO (ID_SUCURSAL, ID_PRODUCTO) VALUES (03, 02);
INSERT INTO TENER_PRODUCTO (ID_SUCURSAL, ID_PRODUCTO) VALUES (03, 03);
INSERT INTO TENER_PRODUCTO (ID_SUCURSAL, ID_PRODUCTO) VALUES (03, 04);
INSERT INTO TENER_PRODUCTO (ID_SUCURSAL, ID_PRODUCTO) VALUES (03, 05);